ID,text,is_toxic,implicit_toxicity,sarcasm,contains_profanity,threatening,identity_attack,sexual_content
BICH_0002,"""অতি ভক্তি চোরের লক্ষণ"" এর মতো হয়ে গেল",0,0,0,0,0,0,0
BICH_0004,Fazil meye and chutia cele,1,0,0,1,0,0,0
BICH_0005,মিথ্যা কথা ওর বাপ রে মানুষ বলে শাহরিয়ার কবির মুরগি চোরা।,1,0,0,0,0,0,0
BICH_0007,Men suish..pagol sele ra koyha teke ase..,1,0,0,0,0,1,0
BICH_0008,gf ভালো লাগে না খালি সন্দেহ করে টিক মতো মরছি কিনা..কেমনে মরলাম ইত্যাদি,0,0,0,0,0,0,0
BICH_0009,জোভানের নাটক আমি অনেক আগে থেকে দেখি।এটাও দেখতাম বাট এখানে সোফা কবীর ওরফে মরগি কবীর এর মহিলার জন্য দেখা হয় নাই। কোন এঙ্গেল থেক…,1,1,1,0,0,0,0
BICH_0010,মরগী কবিরে বাচ্চা সালী না্ স তী ক ??,1,0,0,1,0,1,0
BICH_0011,পাগল হয়ে যাবো আমি পাগল হয়ে যাবো,0,0,0,0,0,0,0
BICH_0013,Pagol cagol morko ocekito ctolok gorib gola ja kotha thaka asa. Boje na,1,0,0,0,0,0,0
BICH_0014,ও একটা কানকি মাগি নাটক দেখতে ভালো লাগেন না,1,0,0,1,0,1,1
BICH_0017,"ডিরেক্টর কি বেকুব নাকি, পিছনে দুইটা সিট খালি ক্লিয়ার দেখা যাচ্ছে সেখানে দুইটা মানুষকে বসিয়ে দিলে কি হতো",1,0,0,0,0,0,0
BICH_0019,"Ae sob Lok Brain Hariye feleche Aporer kotha shune Aekjon ke chor bodnam dichchen ,, Thik noy khub kharap",1,0,0,0,0,0,0
BICH_0020,"আরে বোকা চোদা এটি নাটক, সেখানে সিলেটি হোক আর যেই হোক সেটা বাস্তব ভাববেন না।",1,0,0,1,0,0,0
BICH_0021,Besir bhag cheler sathe ghote6e,0,0,0,0,0,0,0
BICH_0022,লেও ঠেলা কথায় আছে না অতি ভক্ত চোরের লক্ষন,0,0,0,0,0,0,0
BICH_0025,Ar ei rokom bokachodar jonno meyer baba gulo amader bokachoda vabe,1,0,0,1,0,0,0
BICH_0028,ওদের এই ন্যাকামি কথা শুনলে নাটক দেখার অর্ধেক ইচ্ছে মারা যাই,0,0,0,0,0,0,0
BICH_0030,I need this type of crazy one,0,0,0,0,0,0,0
BICH_0031,Baisakhi Dutta sala bondhu hye amn kris gf hle ki ki je krti,1,0,0,1,0,0,0
BICH_0035,"শালায় বইলোই না তো বইলোই না, এই লাইনটা খুব জুস ছিলো",0,0,0,0,0,0,0
BICH_0036,Pagol ra pama jala ki,0,0,0,0,0,0,0
BICH_0040,এ মেয়ে অনেক হারামি,1,0,0,1,0,0,0
BICH_0044,আজকে আমরা মোন ভালো নেই,0,0,0,0,0,0,0
BICH_0046,এরকম গার্লফ্রেন্ড পেলে আমি নিজেই পাগল হয়ে যেতাম।।,0,0,0,0,0,0,0
BICH_0047,হ্যালো সবাই কেমন আছেন আশা করি ভালো আছেন আর আমরাও আপনাদের দোয়াই ভালো আছি। আমাদের এই পেজ টা নতুন। কিন্তু ফলোয়ার অনেক কম? সবাই …,0,0,0,0,0,0,0
BICH_0048,আজব সব ফানি ভিডিও দেখতে নিচের লিংকে ক্লিক দিন https://www.facebook.com/addafulbaria/,0,0,0,0,0,0,0
BICH_0049,"আমরা সিলেটিরা কত চালাক, সুযোগ পাইলেই কুপা ছামছু কোপা।",0,0,0,0,0,0,0
BICH_0050,"বাইরে বাই,,, কোন বোকাদোরা প্রেম করে,, gf এর প্যারা মধ্যে থেকে",1,0,0,0,0,0,0
BICH_0051,ভিডিও দেখে আমি বুঝলাম এক নোয়াখাইল্লা যত নষ্টের মূল। সব নোয়াখাইল্লার কথা বলছি না কিন্তু।,1,0,0,0,0,1,0
BICH_0052,"আমার ভাগ্যটা আসলে কেমন জানি না...!!!!!যে জিনিসটা নিয়ে আমি বেশি আগ্রহ দেখাই,,,,,,,,…",0,0,0,0,0,0,0
BICH_0053,অতি ভক্তি চোরের লক্ষণ,0,0,0,0,0,0,0
BICH_0055,অতি ভক্তি চোরের লক্ষন,0,0,0,0,0,0,0
BICH_0056,হালায় বইলো না তো বইলো নাশশুর যখন শালা,0,0,0,0,0,0,0
BICH_0057,"S D Srabon, শালা হু হু হু",1,0,0,1,0,0,0
BICH_0058,কথায় আছে না অতি ভক্তি চোরের লক্ষণ,0,0,0,0,0,0,0
BICH_0062,"আমরা কাগজে কিছু লিখলে টেবিলের উপর রেখে লিখতাম,আর এইদিকে সানাই দিদির টেবিল লাগবে না",1,1,1,0,0,0,1
BICH_0064,আমও বুঝলাম না লেং***টা হয়ে৷ দেশকে কিভাবে রিপ্রেজেন্ট৷ করবে আবার বলে আমরা জিতবো না এটা না পরলে আমরা কি বলছি আপনি জিতেন সবার আগে…,1,0,0,0,0,0,1
BICH_0065,এই শালা মানসিক রোগীর বাচ্চা একটা,1,0,0,1,0,1,0
BICH_0066,ভাললাগা ভালবাসা তোর মায় মরে যাওয়ার পর হবে,1,0,0,0,0,0,0
BICH_0068,Ai too pagol. Addicted,1,0,0,0,0,0,0
BICH_0069,Tui khub baje faltu janowar,1,0,0,0,0,0,0
BICH_0071,"এসবের হাতে দেশ গেলে দেশের কি অবস্থা হবে আল্লাহ ভালো যানে, আল্লাহ এ ধরনের সকল অযোগ্য মানুষের হাত থেকে আমাদের দেশ ও জাতি কে হেফাযত করুক।",0,0,0,0,0,0,0
BICH_0075,তোর মা যদি ছোটবেলায় চটি দিয়ে একটু শায়েস্তা করত তাহলে আজ তুই এরকম মিডিল পয়েন্ট হয়ে ঘুরতিস না ।,1,0,0,0,0,0,0
BICH_0077,কুকুরের লেজ কোন সোজা হয় না হারামি বাচ্চা,1,0,0,1,0,0,0
BICH_0079,এটা নিয়ে আমরা যুদ্ধ করতে যাবোইন্ডিয়ার হ্যাডা উড়িয়ে দেবো।,1,0,0,0,1,1,0
BICH_0081,এম স্বপন মিয়া তোর বাপ,1,1,1,0,0,0,0
BICH_0083,পাগলা সমাজ নোংরা করছো,1,0,0,0,0,0,0
BICH_0084,মাদারচোদ ইউনুছেরে হেডা বাং বা মাদারচোদের,1,0,0,1,0,0,0
BICH_0085,একটু মায়া বা করুনা করাও উচিৎ না এদের প্রতি এই নর পশু গুলা আমার ২হাজার ভাইয়ের তাজা প্রান ২৫ হাজার কে আহত করে প্রতিবন্ধী করে দিয়…,1,0,0,0,0,0,0
BICH_0088,টাল মাতাল খুনী কেমনে ছাড়া পায় ?,1,0,0,0,0,0,0
BICH_0089,Ar mone hoi pagol hoye geche case khaye....thik koreche advocate mam...aro age korle valo hoto... somajer jonjal sob,1,0,0,0,0,0,0
BICH_0092,তুই একটা ফালতু ছেলে,1,0,0,0,0,0,0
BICH_0093,ঠিক করেছে তোদের কে এইভাবেই শিক্ষা দেয়া উচিত নোংরা ড্রেস পরার সময় মনে থাকে না,1,0,0,0,0,1,0
BICH_0094,ভাই এইটা এত নিচে আইলো কেমনে,0,0,0,0,0,0,0
BICH_0095,"বিনাশ কালে বুদ্ধিনাশ হয়েছে এর। মাথায় কি আছে কি জানি??সময় হয়ে এসেছে,এবার মানুষ ডাইরেক্ট কেলানি দেবে এদের শালা পাগোল ও এতো খা…",1,0,0,1,1,0,0
BICH_0096,আমরা হলাম সমাজের সামাজিক জীব আমাদের কাছে ক্ষমা চাইতেই হবে তুমি এত অভদ্র সে আর বলার কথা না লোকে দেখে বোঝা যাচ্ছে যে তুমি কতটা অভদ্র লোক,0,0,0,0,0,0,0
BICH_0097,"আচ্ছা, খানকির পোলার সাংবাদিকেরা তোরার খেয়ে দেয়ে কাজ আর নাই",1,0,0,1,0,1,0
BICH_0099,এই শালার ব্যাটা লোক ভালো না দেখতে লাগে গাঞ্জাখোর আর যদি বিএনপি তাকে নিয়ে রাজনীতি করে বিএনপির অধঃপতন হবে,1,0,0,1,0,0,0
BICH_0100,Nije ki kore bachbi setai vab tar pore na hoy rasiyan boudir kotha vabbi bujhli to joto sob faltu,1,0,0,0,0,0,0
BICH_0101,ইউনুসের আমলে নতুন নতুন পাগল দেখার সু-ভাগ্য হইছে।,1,1,1,0,0,0,0
BICH_0102,Comment box দেখলেই নিজের aukat জেনে যাবি রে পাগলা,1,0,0,0,0,0,0
BICH_0104,এই ইঞ্জিনিয়ার ভাইয়ের প্রতি আমরা কৃতজ্ঞ কারণ ভায়ের হেলিকপ্টার আকাশে উড়তে না পারলেও জমিনে তো চলে,1,1,1,0,0,0,0
BICH_0105,তুই বকছিস কেন ফালতু শালা,1,0,0,1,0,0,0
BICH_0106,নিচ তলা ফাটাই ফেলছে অনেক আগেই এখন বলে অন্য কথা,1,1,1,0,0,0,1
BICH_0107,"সত্যি কথা কইতাছি, এইসব পাগল থেকে আওয়ামীলীগ অনেক ভালা। প্রয়োজনে হাসিনাকে ভোট দেবো তারপরেও এদের না।",1,0,0,0,0,0,0
BICH_0108,তুই নাইটি পর কিন্তু নোংরামি বন্ধ কর হারামজাদা,1,0,0,1,0,1,1
BICH_0109,টাকা থাকলে পাগলও রাজনীতি করতে পারে।,1,1,0,0,0,0,0
BICH_0110,তার উদ্দেশ্য অনুযায়ী ঠিক আছে এখন আবার গাধার দল বলবে বাঙালির হেলিকপ্টার আর উড়বে না। ওরে গাধা এটা উড়ার জন্য তৈরি করে নাই বিজন…,1,0,0,0,0,1,0
BICH_0111,সুন ছক্কা তুই ওনার কিছুই করতে পারবি না তোর এত ঝাল লাগছে কেন কি তুই ওর নোংরা ভিডিও করে পয়সা কামাচ্ছিস সমাজকে নোংরা করছিস তোদের…,1,0,0,1,0,0,0
BICH_0112,আমরা আছি আয় আমরা থাকবো ইনশাল্লাহ জয় বাংলা জয় বঙ্গবন্ধু,1,0,0,1,0,0,0
BICH_0113,"এটাই স্বাধীন বাংলাদেশ, আমি লজ্জিত এমন বাংলাদেশে জন্ম নিয়ে। মেরুদণ্ডহীন ইউনুস সরকার",0,0,0,0,0,0,0
BICH_0117,"কোমরে রশি নেই ,হাতকড়া নেই, ডান্ডাবেড়ি নেই, কি জামাই আদরে নেয়া হচ্ছে।",1,0,0,1,0,0,0
BICH_0119,নির্লজ্জ বেহায়া অসভ্য জানোয়ারের দল,1,0,0,0,0,0,0
BICH_0122,বাংলাদেশের আইন পাকিস্তান পন্থী মোল্লাদের টুপির নিচে...,1,0,0,0,0,0,0
BICH_0126,Na dekhte chaileo ei faltu video gulo cholei ase...creator ra boost kore rakhe...,1,0,0,0,0,1,0
BICH_0127,এদের হাতে ডান্ডাবেরি ও কমরে দরি নাই কেন??? জবাবদিহি চাই।,1,0,0,0,1,1,0
BICH_0129,আপনি কিসের লোভে একজন পুরুষ হয়ে নাইটি পড়ে ভিডিও বানান।,1,0,0,0,1,1,0
BICH_0131,Koti koti lok bekar,1,0,0,0,0,0,0
BICH_0132,সানাই আমার থেকে মেডিসিন নিয়ে আজকে তার এম ম্ন সাস্ত্য হইছে তুমি চাইলে আমার থেকে কোম প্রাইযে নিতে পারো নিজের চিকুন সাস্ত্যকে মোটা করতে,1,0,0,0,0,0,0
BICH_0134,খুব ফালতু তো এতো নোংরামো ভিডিও দেখা যায় না ফেইসবুক এ নাইটি পড়া টা খারাপ না তবে নোংরামো করা ঠিক না শরীর দেখানোর জায়গা অনেক আছে …,1,0,0,1,0,0,1
BICH_0135,Farzana Afrin apnr mota mot ki afa,0,0,0,0,0,0,0
BICH_0136,ওরা সবাই বাটপার শালা রাজাকাররা,1,0,0,0,0,0,0
BICH_0138,এফডিসির পরিচালকরা কত জঘন্যভাবে তাকে ব্যবহার করেছিলো,1,0,0,0,0,0,0
BICH_0139,একটা ছেলে হয়ে মেয়েদের মতো করিস আবার নোংরামো করিস আবার লাইভ করে ভাট বকছিস,1,0,0,1,0,1,1
BICH_0142,"ফুলের তোরা দিয়ে বরন করে নামানো উচিত ছিলো। ভুলেও যেনো এনাদের মাথায় হেলমেট ,হাতে হাতকরা, ডান্ডা বেরি , কোমরে রশি না পরে। জাত…",1,0,0,0,0,1,0
BICH_0143,জীবনের শেষ রক্তবিন্দু দিয়ে হলেও আমরা এর প্রতিশোধ নেব ইনশাআল্লাহ।,1,0,0,0,0,0,0
BICH_0144,এরা মনে হয় পার্কে গেছে ফটোশুট করতে। এদের মাজায় আর গলা দড়ি দিয়ে গরুর মতো টানা দরকার ছিলো।,1,0,0,0,0,0,0
BICH_0145,Kutta gulo k encounter koro,0,0,0,0,0,0,0
BICH_0146,একটা কথা বলি এখন কার অনেক বাচ্চাদের হাতে ফোন থাকে এই গুলো ওরা শিক্ষা পাচ্ছে তোমাদের নোংরামি গুলো দেখে ।। তোমরা তোমাদের পয়সায়…,1,0,0,0,0,0,0
BICH_0147,আমি এর পরিবারের কেউ হলে ডেট ফেল বিষ খেয়ে মরে যেতাম,1,0,0,0,1,0,0
BICH_0148,"হাত কড়া, কোমরে রশি,বুলেটপ্রুফ জেকেট, হেলমেট, এগুলা লাগানো হচ্ছে না কেন",0,0,0,0,0,0,0
BICH_0149,Famous creator k somaj follow kore r tomader moto nongra message jara chorachho tader ebar thamano dorkar,1,0,0,1,0,0,0
BICH_0151,কিরে পাহাড় কিভাবে নিচে নেমে গেল,1,0,0,1,0,1,1
BICH_0156,"বুক ফুলিয়ে দাঁড়ায় ভীরু, স্বাধীনতার বলে।।।",1,0,0,1,0,0,0
BICH_0157,এ দরনের পাগল বি এন পি তে হাজারটা আছে,1,0,0,0,0,0,0
BICH_0159,Hizra tor bap oi din raate taratari ghuma te parto,1,0,0,0,0,1,0
BICH_0161,"মিডিয়া থেকে বিদায় নিয়ে কোন মুখ নিয়ে আবার আসলেন মুখের কথার দাম নাই আপনার?? নির্লজ্জ,২৪ আন্দোলনের মির্জাফর আর এস ফাহিম ভাইকে কল দিয়ে কি বলেছিলেন আমরা কি তা শুনি নাই নাকি ভাবতেছেন সেই কথা গোপন ই রয়ে গেছে।ভাবছেন জনগন ৬ মাসে সব ভুলে গেছে?",1,0,0,0,0,0,0
BICH_0162,Jodi paro tar licence cancel korao tumra faltu lok sob mile,0,0,0,0,0,0,0
BICH_0163,সব পাগল এক জায়গায়,1,0,0,0,0,0,0
BICH_0164,"Ai magi rastai ber hoi kn,,dekhte chai na ta o bar bar samne pore dekhle e ghirna kore",0,0,0,0,0,0,0
BICH_0165,Bokachoda tor video gulo Facebook a na diya porn side a post kor aro basi taka kamata parbi .ar okhane Toka naiti o porta haba…,1,0,0,1,0,0,0
BICH_0167,Ki sikhbe tomader moto nongra video dekhe,0,0,0,0,0,0,0
BICH_0168,মামা-ভাগ্নে যেখানে বিপদ নাই সেখানে,1,0,0,0,0,0,0
BICH_0169,বিএনপিতে চোর চাঁদাবাজে ও মাদক কারবারিতে ভরে গেছে এটি তার বাস্তব প্রমাণ।,1,0,0,0,0,1,0
BICH_0171,ওরে ছক্কা মাল চুপ কর তুই এবার। না হলে তোর কপালে আরো শনি নাচ করছে।,0,0,0,0,0,0,0
BICH_0172,Sangita mam jodi kharap kaj kora thaka tomar mota ....tumi samajer kon upokar korcho sata akbar bolba......tumi jata koro sata…,1,0,0,1,1,0,0
BICH_0175,বাহিরের দেশের ছেলেরা মহাকাশ জয় করে আর আমাদের দেশের চোদনারা এসব বালছাল আবিষ্কার করে,1,0,0,1,0,1,1
BICH_0176,"Tumi to faltu 1ta ,mane chele ,naki meye jani na",1,0,0,0,0,0,0
BICH_0177,বাহিরের দেশগুলাতে কেও কিছু আবিষ্কার করলে তারা হয় বিজ্ঞানী। আর বাংলাদেশে যারা কিছু অধিকাংশ হলো অজ্ঞানী,0,0,0,0,0,0,0
BICH_0178,Tuy koto boro chutoluk tore dekla buja ja pagol ekta,1,0,0,0,0,1,0
BICH_0179,তুই সমাজের জঞ্জাল। তোকে মানায় চিড়িয়াখানায়। ব্যবস্থা করা দরকার চিড়িয়াখানায় রাখার অসভ্য কোথাকার।,1,0,0,1,0,0,0
BICH_0180,লোকটা পাগল মনে হয়,0,0,0,0,0,0,0
BICH_0181,"মনুষ্যত্ব মরে গেছে,দোষ দিবো আর কারে রে,আজ আমার",1,0,0,0,0,0,0
BICH_0182,আলেমদের সাজা দিয়ে জালেমরা কখনো শান্তি পাইনি আর ইনশাআল্লাহ পাবেও না।,1,0,0,0,0,0,0
BICH_0184,এই মেয়ে রে কুত্তা দিতে স****বাস করান,1,0,0,1,0,0,0
BICH_0186,কি দরকার ছিল বড় বড় সাইজ বানানো এখন তো নিজেরই কষ্ট হইতেছে আফসোস ভবিষ্যতে কি হবে মনে হচ্ছে পায়ের নিচে চলে যাবে।,0,0,0,0,0,0,0
BICH_0187,Tui manush? Tui jodi manush hosh tahole ami bonmanush hishebe valo refer korbo. Nalla ekta. Idiot,1,0,0,0,0,1,0
BICH_0190,"Naiti pore video kortei paro but oshlilota , naiti pore abroad a giye nogramo kore , nijer culture ta k dobache , abr faltu bo…",1,0,0,0,0,0,0
BICH_0191,Aktu sustho hote ki poisa lage .. tumi to pagol .,1,0,0,0,0,0,0
BICH_0194,জায়েদ খান যেমন তারছিরা পাগলা তার বক্তব্য পাগলা,1,0,0,0,1,0,0
BICH_0195,Toke langto kore mota tel makhano batam diye ulto kore rampat kelano uchit,0,0,0,0,0,0,0
BICH_0196,FoodAppi তোমার মতো পুটকি বেঁচে সবাই চলে তো। ফালতু,1,0,0,0,0,0,0
BICH_0197,জঘন্য মহিলা/পুরুষ কোনটা বলবো আপনাকে বুঝতে পারছি না তাই দুটোই দিলাম,1,0,0,0,0,0,0
BICH_0198,সমাজটাকে নষ্ট করছে অসভ্য লোক একটা।,0,0,0,0,0,0,0
BICH_0199,"হেলিকপ্টার, প্লেন সবই আমরা বানায় কিন্তু উড়ে না এটাই দুঃখ",0,0,0,0,0,0,0
BICH_0202,এতদিন পরে একটা ভালো মানুষ এসেছে যে নোংরা পরিষ্কার করার জন্য। আমরা উনাকে সাপোর্ট করি যে নোংরা মোটা বন্ধ হোক এবারে।,1,0,0,0,0,0,0
BICH_0207,তোমার লজ্জা নেই একদম লজ্জা থাকলে এতো বড় বড় কথা বলতে না অসভ্য একটা তুই নিজের মুখ টা দেখেছিস তোর মুখ টা কেমন,1,0,0,0,0,0,0
BICH_0212,আবে বেনস্টোক.....সঙ্গীতা ম্যাম যা করেছেন একদম ঠিক করেছেন।আমরা ওনার সঙ্গে আছি,1,0,0,1,0,0,0
BICH_0213,Toder pichone boro bansh ta dewa dorkar chilo. Thik koreche toder pichone bansh diyeche. Bokachoda paglachoda tui. Tor mukh de…,1,0,0,1,1,0,1
BICH_0214,তগো প্রদান উপদেষ্টা মেয়েগো এমন হলে কেমন লাগবো সালারা খালি টাকা চুদাও তুই কুতার চেও নিকৃষ্ট জানুয়ার দেশ চালায় যে কয়টা সব কয়টা দ…,1,0,0,1,0,0,1
BICH_0215,তুই তো পুরাই কুত্তা,1,0,0,0,0,0,0
BICH_0216,"কাঁদবেন না আপা, আজ দিন খারাপ কিন্তু আমরা আপনার ওপর বিশ্বাস রাখছি, দিন ফিরবে অবশ্যই",0,0,0,0,0,0,0
BICH_0218,হ্লায় পুরো গাঞ্জাখোর বদমাইশ।,1,0,0,0,0,0,0
BICH_0219,শালার এক পাগল এর দল গেছে। আরেক পাগল এর দল শুরু হইছে,1,0,0,1,0,0,0
BICH_0220,Corporation er nongra saf to tomar mto manush der nei na,1,0,0,0,0,0,0
BICH_0221,Emotional caption diya allah talar nam niya tui ki babcos agher moto shobar prio hoite parbe... Tui sarajibon dalal hisebe e takbe kutta League sorkar er. মীরজাফর,1,0,0,0,0,0,0
BICH_0222,Pagla r bollm na,1,0,0,0,0,0,0
BICH_0223,তুই একটা ফালতু মানুষ,1,0,0,0,0,0,0
BICH_0225,কিসের নতুন বাংলাদেশ আমরা জয় করেছি? বুঝতেছি না। জাতির শ্রেষ্ট সন্তানদের খুনিরা যে হাস্যজ্জল চেহারা!! সবার জুতার রং চকচকে!! মুখ…,1,1,0,0,0,0,0
BICH_0226,জিম করে না ভাই পেট অনেক মোটা হয়ে গেছে,1,0,0,0,0,0,0
BICH_0227,তোর মা রে এডভোকেট তাই তোর কান ধরে তোকে শুধরে ছে,0,0,0,0,0,0,0
BICH_0228,তুই একটা পাগলা চোদ্দা,1,0,0,1,0,0,1
BICH_0229,তোদের জন্য পুরো দেশটা নোংরায় পরীনত হোচ্ছে তোদের মতো মানুষ দের জেল হওয়া দরকা,1,0,0,0,0,0,0
BICH_0230,হাদিস টাইম শফিকুর রহমান ইউনুস ওর মারার পিছনে দায়ী আছে ওদেরই চক্র এটা আমার মনে হয় সাধারণ জনগণ আমরা বুঝতে পারছি,0,0,0,0,0,0,0
BICH_0231,তোর মতন রুচি হীন মানুষ দের ভিডিও তারাই দেখে যারা রুচি হীনতায় ভুকছে তারাই,1,0,0,0,0,0,0
BICH_0233,দেশে শান্তি ফিরিয়ে আনতে আমরা শেখ হাসিনাকে আবারো প্রধানমন্ত্রী হিসেবে দেখতে চাই!,0,0,0,0,0,0,0
BICH_0234,বাংলাদেশের এত এত দুরবস্থার পরও এদেশের মানুষ কেন জানি কোনভাবেই বুঝতে চায় না। এই জাতি পাগল হয়ে গেছে সমূলে ধ্বংস হতে।,1,0,0,0,0,1,0
BICH_0236,ফালতু লোক। মুখের ভাষা ঠিক কর,1,0,0,0,0,0,0
BICH_0237,Dhali Shah Alam তোর মা কোথায়? তোদের হর্তাকর্তারা সব আওয়ামিলীগের সাথে লিয়াজো করে সিঙ্গারা হালুয়া পেয়াজু খাওয়াতে ব্যস্ত। পিনাকি…,1,0,0,0,0,0,0
BICH_0239,আপনি যা শরীরের বিকৃতি করছেন আপনি নিজেকে মানুষ বলে মনে করেন,1,0,0,0,0,0,0
BICH_0242,Kukurer baccha ra tora o ki ekta songkhaloghu nirjatoner bichar korchili? Ekhn ta thik india giye hindu der kache asroi niyechis.,1,0,0,0,0,0,0
BICH_0243,যেটা করেছে ঠিক করেছে। পেছন দোলানো বগল দেখানো কিছু বৌদিদের জন্য ফেসবুক খোলার মতো না বাচ্চাদের হাতে ফোন দেওয়ার মতো না। তোমার না…,1,0,0,0,0,1,1
BICH_0246,"যে দেশে মানুশরুপি দাড়ি টুপি ওয়ালা কুকুর শকুনের বসবাস, সেই দেশের পরিণতি হবে গাজার মতো ভয়ঙ্কর।",1,0,0,0,0,1,0
BICH_0247,তোর মতন বোকাচোদা কে রাস্তা থেকে হাটানোর জন্য এগুলো করা হচ্ছে। বিশ্বাস কর আমি কোনদিন গালাগালি দেই না কিন্তু গালাগালি দিতে বাধ্য…,1,0,0,1,0,0,1
BICH_0248,নির্লজ্জ ইনু সাহেব হাসবেই,1,0,0,0,0,0,0
BICH_0249,আপনি খুব ভালো কাজ করছেন ম্যাডাম। অসভ্যতায় ভরে গেছে ফেসবুক টা। এই জঞ্জাল গুলো সাফ করাই উচিৎ। …,0,0,0,0,0,0,0
BICH_0250,ছাগলে কিনা খায়। পাগল ছাগল কিনা বলে,1,1,1,0,0,0,0
BICH_0251,Apni somoj nosto korchen,1,0,0,0,0,0,0
BICH_0252,Banasree Chatterjee Biswas আপনি আপনি করে বলবেন না এই খানকির ছেলে কে তুই বলে সম্বোধন করুন,1,0,0,1,0,0,1
BICH_0253,চুপ কর খাঙ - কি,1,0,0,1,0,0,1
BICH_0254,বাংলাদেশর সব থেকে বড় মাদক ব্যবসায়ী এবং নারায়ণগঞ্জের সব থেকে বড় সন্ত্রাসী জাকির আলী,1,0,0,0,0,0,0
BICH_0255,"শালাগো তো এক পা কবরে গেছে,,,,",1,0,0,1,0,0,0
BICH_0258,নষ্টামতে ভরপুর আমাদের এই সমাজ,0,0,0,0,0,0,0
BICH_0259,"ছোট বেলায় এদেরকে প্রতিবন্ধি টীকা দেওয়া হয় নাই,, তাই যত্তসব আবাল ফালতু আবর্জনা তৈরি হইছে।",1,0,0,1,0,1,0
BICH_0260,এরা হলো জাতীয় ডাকাত এদের হাতকড়া ও মাজায় দড়ি বাধা উচিৎ ছিল।,1,0,0,0,0,0,0
BICH_0261,ভন্ডপীর দেওয়ান ভাগির মদ দেখতে,1,0,0,0,0,0,0
BICH_0263,হৃদয়ে রক্তক্ষরণ হচ্ছে আপা শুধু আপনার নির্দেশের অপেক্ষায় আছি ইনশাল্লাহ মরতে হলে মরবো তবু আওয়ামী লীগের জন্য লড়বো ইনশাআল্লাহ …,0,0,0,0,0,0,0
BICH_0264,নাইটি বৌদি তুমি ভয় পাইসো....তাই পাগলের মত নাচতাসো। ।,1,0,1,0,0,0,0
BICH_0265,Pagla kuttay kamra6a aka,1,0,1,0,0,0,0
BICH_0266,বিগত দিন আলেমদেরকে হাত করা ও রশি বেঁধে আদালতে উঠাইতে দেখেছি আর এই চোরদেরকে সম্মান করে আদালতে উঠায় বাহ,1,0,1,0,0,0,0
BICH_0267,আমরা এমন একটা উন্নত রাষ্ট্রে আছি। যেখানে হেলিক্টার দিয়ে চটপটি বিক্রি হয়,0,0,0,0,0,0,0
BICH_0268,কোন বাজারে পাগল ভাই,1,0,1,0,0,0,0
BICH_0270,আপা আপনি যুদ্ধের ঘোষণা দেন আপা আমরা জীবন দিতে প্রস্তুত,0,0,0,0,0,0,0
BICH_0272,কার জন্য করলেন যদি মানুষের জন্য করতে তাহলে ভাল হত করছে তো সবই অমানুষের জন্য,1,0,0,0,0,0,0
BICH_0276,ঠিক করেছে। সমাজের কীট তোরা,1,0,0,0,0,0,0
BICH_0277,এই পাগলের পিছনে যারা ঘুরে এরা হলো বড্ড পাগল,1,0,0,0,0,0,0
BICH_0278,শুকরিয়া এমন দেশে জন্মগ্রহণ করতে পেরে না হলে বিনোদন মিস করতাম।,0,0,0,0,0,0,0
BICH_0279,তোর মা নাইটি পড়ে রাস্তায় নেচেছে,1,0,0,0,0,0,1
BICH_0280,আপনাদের জন্য সমাজ নষ্ট হচ্ছে বড় কথা বলবেন না,1,0,0,0,0,0,0
BICH_0282,দুশ্চরিত্র বেয়া*দবের সাথে স্যাক্রিফাইস করেও বেশিদিন সংসার করা যায় না।,1,0,0,0,0,0,0
BICH_0288,"বুক ফুলিয়ে দাঁড়ায় ভীরু, স্বাধীনতার বলে।।।",1,0,1,0,0,0,0
BICH_0289,এই চোরদের ডান্ডাবেড়ি কই?,1,0,0,0,0,0,0
BICH_0291,হায়রে পাগল তো সেই পাগল একটুর জন্য তো গাড়ির উপর উঠে গেছিলো,1,0,0,0,0,0,0
BICH_0292,"কাবিলার নাচটা তাও দেখা যায়, লেওড়াটার জঘন্য",1,0,0,1,0,0,1
BICH_0293,যেসব মুর্খরা এখানে এসে জাকির খানকে নিয়ে নোংরা মন্তব্য করতেছে তারা কেউই উনার পরিবার সম্পর্কে কিচ্ছু জানেনা। উনি সেই Zakir Khan …,1,0,0,0,0,0,0
BICH_0295,নিজেই দেখো তোমার কমেন্ট box অথচ ওনার সাপোর্ট বেশির ভাগ মানুষ করছেন,0,0,0,0,0,0,0
BICH_0296,বদমায়েশদের কোন অনুশোচনা হয় না। এরা চিরকাল বদমাইশই থাকবে!,1,0,0,0,0,0,0
BICH_0297,"Naiti pore video kortei paro but oshlilota , naiti pore abroad a giye nogramo kore , nijer culture ta k dobache , abr faltu bo…",1,0,0,0,0,0,0
BICH_0299,চোরের গুষ্টি সব এক সাথে -,1,0,0,0,0,0,0
BICH_0301,শালা মানুষের চরিত্র এত খারাপ কিভাবে,1,0,0,1,0,0,0
BICH_0302,তোর মত মানুষ সামজে থাকার থাকে মোর যাওয়া ভালো এত সমাজ নষ্ট করছিস তোর কি কোনো জাত আছে নোংরা প্রাণী একটা তোকে মানুষ বলতেও ঘিনা করে,1,0,0,0,0,0,0
BICH_0304,"ধিক্কার জানাই ওই দেশের পশুগুলোর উপরে। , যে শুয়োরের বাচ্চা গুলো এটা করেছে, বা করছে,,, সবকটা শুয়োরের বাচ্চার গোপনাঙ্গ কেটে দেয়া দরকার",1,0,0,1,1,0,1
BICH_0305,এই মেয়ে আলোচনায় আসার জন্য আর জায়েদ খানের নজরে আসার জন্য বহু চেষ্টা করে যাচ্ছে কিন্তু আফসোস পাগলামি করেও জায়েদ খানের চোখে পড়তেছে না,1,0,0,0,0,0,0
BICH_0306,ইনশাআল্লাহ নেত্রী আসবে আমরা বরন করবো কোটি বাংগালী,0,0,0,0,0,0,0
BICH_0307,আমি প্রথম দেখে বুঝেছিলাম এত বড় পেট হলো কিভাবে মানে এত পেট মোটা দেখা যায় কেন পরবর্তীতে যা দেখলাম তার জন্য প্রস্তুত ছিলাম না আ…,1,1,1,0,0,0,0
BICH_0308,"যে ভাবে তাকে হাইলাইট করা হইছিল, বুঝেছিলাম মনে হয় শামিম উসমানের বাপ হবে,ওমা এখন দেখে এ নিজেই প্রতিবন্দীর মত হাঁটাচলা, শামিম…",1,0,1,0,0,1,0
BICH_0309,Maruti M Biswas সাজানো গোছানো চোরের বাগান টা ছাত্র জনতা শেষ করে দিলো। এই আফসোসে লীগ শেষ হয়ে যাচ্ছে!,1,0,1,0,0,0,0
BICH_0310,Anisur Rahman সব কয়টা চোর,1,0,0,0,0,0,0
BICH_0312,কুনহ নিচে চলে গেছে র্সাজারি করে কি লাভ,1,1,1,0,0,0,0
BICH_0313,Tor galee chor marte ichha korche..osovbo ekjon hijra tui......,1,0,0,0,1,1,0
BICH_0314,"উপরেরটা নিচে নামছে নাকি নিচেরটা উপরে উঠছে, কিছুই তো বুঝতাছি না",0,0,0,0,0,0,0
BICH_0316,"ঠিক করেছে সংগীতা দিদি,,,বেশির ভাগ ওনার পাশে থাকবে,,,,,তোর মতো মানুষিকতার মানুষ জন তোকে পছন্দ করবে",0,0,0,0,0,0,0
BICH_0318,খা........কি ছেলে হোমো চ*** গু....নি এইসব জঞ্জাল গুলোকে সাফ করা উচিত নইলে আমাদের প্রকৃতিটা নষ্ট হয়ে যাচ্ছে। হু আর ইউ তোর গা..... যতসব জঞ্জাল,1,0,0,1,1,1,1
BICH_0321,Ay sali o english pare kintu ami pari na,1,0,0,1,0,0,0
BICH_0322,"আচ্ছা এটা কি কোন আধা পাগল নে, যখন তখন হাত উপর করে কি বুঝাতে চায়।",1,0,0,0,0,0,0
BICH_0323,"অসভ্য, অভদ্র , তোর আচরণ, আর তোর মুখ টা গু এর মতন, ছোটোলোকামীর একটা সীমা আছে, বর্বর কোথাকার।",1,0,0,1,0,0,0
BICH_0324,মুফতি ওমর ফারুখ শেখ,0,0,0,0,0,0,0
BICH_0325,ভয়ে সব পুড়িয়ে দিচ্ছে ভয় দেখাচ্ছে আমাদেরকে দেখো আমরা কত শক্তিশালী কিন্তু আসলেই আপনারা বেয়াদ,1,0,0,0,0,0,0
BICH_0327,পাগল হয়ে গেলে মানুষ এরকমই করে।,1,0,0,0,0,0,0
BICH_0328,আপা আমরা প্রস্তুত। আপনি অতি দ্রুত ফিরে আসুন। বাংলাদেশের সাধারণ মানুষ আপনাকে রানীর মতো গ্রহণ করবে,0,0,0,0,0,0,0
BICH_0330,Md. Asif Neowas হাতকরা এদের গলায় পরানো উচিৎ তার পরে কুকুরের মতো টানতে টানতে নেওয়া উচিৎ,1,0,0,0,1,0,0
BICH_0331,Mone hoy toke thathiye chor mere diy,1,0,0,0,1,0,0
BICH_0333,শালা মনে হয় গাঞ্জা খা,1,0,0,1,0,0,0
BICH_0334,"বেশরম বেহায়া,,,,এর চেহারা দেখলেই মেজাজ গরম হইয়া যায়,,,,",1,0,0,0,0,0,0
BICH_0335,"ঠিক করেছে, সঙ্গীতা ম্যাডামের সাথে পুরো পাবলিক আছে। ঠিক করেছে। তোদের মতন এই নোংরা জানোয়ারদের আগে বের করা দরকার।।।",1,0,0,0,0,0,0
BICH_0337,এদের হাতকড়া ও কোমরে রশি কোথায়???Dr. Asif Nazrul sir জবাব চাই,0,0,0,0,0,0,0
BICH_0340,"Saiful Islam S এরা পাগল না,এদের শিক্ষার অভাব, যেটা পরিবার থেকে সেখানো উচিত, তারা হয়তো সেখাতে পারে নাই",0,0,0,0,0,0,0
BICH_0341,Shame Shame Bangladesh Govt,0,0,0,0,0,0,0
BICH_0342,FoodAppi https://www.facebook.com/10008313.../videos/638837895150942/নোয়াখালী সদর উপজেলায় ডাকাতের হামলা,0,0,0,0,0,0,0
BICH_0343,"গারিটার দাম দের দুই কুটি টাকা সব জনগনরে হুগা মারার পয়সা আওয়ামী লীগ এবং বিএনপি খাইলো দেশটারে চুই,,,,দা খাইছে ,",1,0,0,1,0,0,1
BICH_0344,শুধু একটা ডাকের অপেক্ষা। আপনি শুধু প্রতিরোধ গড়তে বলেন আমরা গেরিলা যুদ্ধে অংশগ্রহণ করবো,1,0,0,0,1,0,0
BICH_0345,এই পাগলের পিছনে কে থাকে,1,0,0,0,0,0,0
BICH_0346,Pagol aka aga saf kara darkar,1,0,0,0,1,0,0
BICH_0347,Tui ekta asto chagol.. Mental,1,0,0,0,0,1,0
BICH_0348,নিচে এটা কি ছিলো,0,0,0,0,0,0,0
BICH_0349,মোঃ আলাউদ্দিন ভূঁইয়া চোর বাটপারদের জন্য।,1,0,0,0,0,0,0
BICH_0350,মাথা পাগল হয়ে গেছে,1,0,0,0,0,0,0
BICH_0351,Shahadat Hossein এই মুভির ফুল ভিডিও লিংক নিচের টেলিগ্রাম চ্যানেল এ দেওয়া আছে এখুনি দেখে নিন https://t.me/the_capybara_m…,0,0,0,0,0,0,0
BICH_0352,এই পাগল কোত্থেকে আসলো রে ভাই,1,0,0,0,0,0,0
BICH_0354,Alisha Islam Payel Faltu Meye,1,0,0,0,0,0,0
BICH_0355,"Facebook ta karo baper nah esob video jonno bachha der samne facebook on e kora jayye nah ,,, Rassian boudi toh faltu ekjon",1,0,0,0,0,0,0
BICH_0357,Tor mukh ta dekte kukurer theke baje kukur tor mukhe mute dibe,1,0,0,0,0,0,0
BICH_0358,ভাগ্যিস কেউ সুদে নাই,0,0,0,0,0,0,0
BICH_0359,এমন সন্দেহ করা গার্লফ্রেন্ড যেনো কারো ভাগ্যে না জুটে।,1,1,0,0,0,0,0
BICH_0360,এতো দুঃশাসন দেখেও খানকিদের এহন আর আসমান কাঁপে না,1,0,0,1,0,0,1
BICH_0361,Apni somoj nosto korchen,0,0,0,0,0,0,0
BICH_0363,Hijra tui chup kor .tui to or somokokho.tui tor 2in 1 post office khule Dara.,1,0,0,0,0,1,1
BICH_0366,বাংলাদেশ যে কেনো জোকারের/মূর্খের দেশ - এদের না দেখলে বোঝা যায় না।,1,0,0,0,0,1,0
BICH_0367,Korbey keno or barir lok sob tho faltu family takar jonno sob kore era,1,0,0,0,0,0,0
BICH_0368,"Khairul Bashar আপনি না বুঝে রিপ্লাই কেন দেন? আপনি জানেন সে এটা কেন দিছে? কি করণ থাকতে পারে? আর এই এ্যওয়াড কি জানে? এটা সম্পূর্ণ ভুয়া , একটা সাইটে এটা টাকার বিনিময়ে কেনা যায় সাইটটার americorps। সে এটা দিয়ে দেশের মানুষকে ২য় বার ধোঁকায় ফেলে আবার ডিজিটাল প্লাটফর্মে ফিরতে চাচ্ছে... সে খুনিদের দোসর ডিবি হারুনের ছামছা, আর এটা টিকটক বা ইউটিউব থেকে নয় সে নিজেকে মহান ভলেন্টিয়ার হিসেবে দাবি করে তার স্বীকৃতি হিসেবে দেখাচ্ছে যা ভিত্তিহীন",1,0,0,0,0,0,0
BICH_0370,কিরে কামরুইল্লা সালাম দিলি না?,0,0,0,0,0,0,0
BICH_0373,চরম অশিক্ষা আর চরম ছোটলোকের পরিচয়..নোংরামি করে আবার গলা উঁচিয়ে কথা বলছে বিন্দুমাত্র লজ্জা নেই,1,0,0,0,0,0,0
BICH_0374,Tor moto hizra magi shte etai howa uchit janowar ekta,1,0,0,1,0,1,0
BICH_0376,"dbcnews.tv দেশে কি খবরের অভাব পড়ছে, বোকা*চোদা সালারা।",1,0,0,1,0,0,1
BICH_0378,কুত্তার বাচ্চারা এদের হাতে হ্যান্ডকাপ না পরিয়ে জামাই আদর করে নিয়ে যাচ্ছে।,1,0,0,1,0,0,0
BICH_0379,অশিক্ষিতর মতন কথা বলো তোমাদের জন্য তো বাচ্চাগুলো তো নষ্ট হচ্ছে বাচ্চারা এখন ফোন দেখে তোমাদের ওই কনডম ঝুলিয়ে ঘুরে বেড়াবে ওগুলো দেখবে,1,0,0,0,0,0,1
BICH_0381,অসভ্য লোক আমার সামনে থাকলে মুখে থাপ্পড় মারতাম,1,0,0,0,1,0,0
BICH_0383,Chup sala chokka tui ae night r joggo na bujhle johora Pola ae night r opoman korish ..... Oshovo chele toke juto pette Kora uchit,1,0,0,1,1,1,0
BICH_0384,"তোর নাইটি পরা বেরোবে অঙ্গভঙ্গি না জেলে বসে কাটবে। বলে দিলাম।,,, তুই একটা ছক্কা হিজরা, কাপুরুষ,,, আমি যদি এই মুহূর্তে কাছে থাকত…",1,0,0,0,1,1,0
BICH_0385,এই পাহাড় ডিঙিয়ে নিচে নামা তো বড় মুশকিল,0,0,0,0,0,0,0
BICH_0386,ভয়ে পাগল হয়ে গেছে,0,0,0,0,0,0,0
BICH_0387,"পাগলের হাতে যাবে আগামির বাংলাদেশ,",1,0,0,0,0,0,0
BICH_0388,এরকম পাগলের কাছে যাবে দেশের দায়িত্ব কবে মুক্তি পাওয়া যাবে পাগল থেকে,1,0,0,0,0,0,0
BICH_0389,এই শালা তো পুরাই পাগল,1,0,0,1,0,0,0
BICH_0390,পাগল তো তার চেয়ে ভালো আছে,1,1,1,0,0,0,0
BICH_0392,"অসভ্য কোথাকার,নিজে ঠিক হও",1,0,0,0,0,0,0
BICH_0393,Tumi ki jano tumi osustho...tomra nighty porcho ki porcho na Ata to porer byapar tomra somaje khola ghurcho Ata ki samanno khoti somajer jonno??,1,0,0,0,0,1,0
BICH_0394,আমার মনে হয় এর মাথা নষ্ট জীবনে প্রথম গাড়িতে উঠলে কেউ এরকম করে,1,0,0,0,0,0,0
BICH_0396,এদের হাতকড়া ও কোমরে রশি কোথায়?,0,0,0,0,0,0,0
BICH_0397,"বোকা*** সাংবাদিকতা, তোরা এসবের নিউজই কর",1,0,0,1,0,1,0
BICH_0399,সমাজ এর সব থেকে বড় নোংরা এই রকমের খানকি মনে হচ্ছে মিরগি উঠেছে একে গালাগালি ও দিতে পারছি না খানকি ম্যাগী বলব নাকি খানকি …,1,0,0,1,0,1,1
BICH_0400,"তুই আগে কমেন্টে এসে একবার দেখ, তোদের মতো জঞ্জাল দের কতো জন মানুষ পছন্দ করে, তোদের মতো জঞ্জাল মুক্ত সমাজ চাই আমরা। উনি অনেক ভালো কাজ করছেন।",1,0,0,0,0,0,0
BICH_0405,ক কথা বলছিস তোর নোংরামি করাটা বন্ধ করে দে,1,0,0,0,0,0,0
BICH_0406,সত্যি ই খারাপ লাগে আল্লাহর সৃষ্টি মানুষ নিজের হাতে কেমনে নষ্ট করে!!,0,0,0,0,0,0,0
BICH_0407,"এসবের হাতে দেশ গেলে দেশের কি অবস্থা হবে আল্লাহ ভালো যানে, আল্লাহ এ ধরনের সকল অযোগ্য মানুষের হাত থেকে আমাদের দেশ ও জাতি কে হেফাযত করুক।",0,0,0,0,0,0,0
BICH_0410,Apnader moto kichu pagol cho ——- a creater er jonno amader samman er g- r Mara jacche onno state gulo te,1,0,0,1,0,0,1
BICH_0411,সঙ্গীতা ম্যাম যা করছে একদম ঠিক কাজ করছে। সমাজ টা সত্যি নষ্ট হয়ে যাচ্ছে,0,0,0,0,0,0,0
BICH_0413,আপা দেশে আসেন আমরা মাঠে নাম্ব যুদ্ধ করবো,0,0,0,0,0,0,0
BICH_0414,"Tomar video gulo joghonyo, kono din dekhina, Sangita mam ja koreche thik koreche",1,0,0,0,0,0,0
BICH_0415,"ঠিক করেছে, আপনার এই নোংরামো গুলোকে হেসে উড়িয়ে দিয়েই বাকিরা এত সাহস পেয়েছে। আপনিও দিনে দিনে আরো বেড়েছেন। আপনি মহিলা সাজুন,…",1,0,0,0,0,1,0
BICH_0416,পাকিস্তান এবং বাংলাদেশ এই দুই কাঠ মোল্লা এরা জীবনে কোনদিন ভালো হবে না এরা হচ্ছে অসভ্য এবং বর্বর জাত এই জাতি একদিন ধ্বংসই হবে ক…,1,0,0,0,0,1,0
BICH_0417,"মুসলিম দের জন্মের দোষ আছে, সব এদের নবীর শিক্ষা, জানোয়ার গুলো। এই যুগের রাক্ষস এই মুসলিম সমাজ।",1,0,0,0,0,1,0
BICH_0418,এমন নোংরা মেয়ের ইন্টারভিউ পাবলিশ করছে সাংবাদিক। কি অধপতন।,1,0,0,0,0,0,0
BICH_0421,সমাজের কীট মানসিক রোগ একটা …,1,0,0,0,0,1,0
BICH_0422,আপা আমরাতো আছি! আমরা আপনার জন্য জীবন দিতে প্রস্তুত আপা,0,0,0,0,0,0,0
BICH_0423,দেশ ও জাতির লজ্জা দুর্বৃত্তদের দৃষ্টান্তমূলক শাস্তি চাই,0,0,0,0,0,0,0
BICH_0424,সগ্মীতা দিদিভাই তুমি আগে এই পাগল টাকে সাফ করো,1,0,0,0,0,0,0
BICH_0425,এক কথায় এক নম্বরের ফালতু একটা জঘন্যতম পুরুষ না মহিলা তাও জানিনা,1,0,0,0,0,1,0
BICH_0426,ডন নাম্বার ওয়ান,0,0,0,0,0,0,0
BICH_0428,টাকা থাকলে পাগলও রাজনীতি করতে পারে।,1,1,1,0,0,0,0
BICH_0429,তুই শালা ছেলে নামে কলঙ্ক বাঁদর,1,0,0,1,0,0,0
BICH_0430,মিডিয়া পাগল সারা কিছু না,1,0,0,0,0,0,0
BICH_0431,Sangita das ekjon greet advocate: tor moto paglachoda na: tui ki chala na mayea bokachoda:,1,0,0,1,0,1,1
BICH_0432,"Bolar kichu e nai... Ekta e kotha bole jache... Who r u... Bikrito mostisko, nongra manosikota... Aage nijer joggota proman ko…",1,0,0,0,0,1,0
BICH_0433,এর পিছে যারা যারা ঘুরে সবাই পাগল,1,0,0,0,0,0,0
BICH_0434,Tui khub baje faltu janowar,1,0,0,0,0,0,0
BICH_0435,Pagol kuthakar .... ... R mato lafalafi kom kor....,1,0,0,0,0,0,0
BICH_0436,ঠিক করেছে সংগীতা তোদের মত জঞ্জাল সমাজ থেকে দূর করা খুব দরকার। বেহায়া কতগুলো।,1,0,0,0,0,0,0
BICH_0437,"চেহেরা দেখে মনে হয় এদের জামাই আদরে রাখা হচ্ছে, এরা ঘৃণিত আপরাধী কিন্তু এদের হাঁটাচলা ভাবসাব দেখে মনে হয়না। এদের রশি দিয়ে বেঁধে নিয়ে যাওয়া উচিৎ",0,0,0,0,0,0,0
BICH_0438,হায় হায় দোতালার জিনিস নিচ তালা নেমে গেচেকিভাবে,1,1,1,0,0,0,1
BICH_0439,ভাই এ পাগল টারে পাবনা পাঠানোর ব্যবস্থা করেন তো কেউ,1,0,0,0,0,1,0
BICH_0440,ইনি মানসিকভাবে অসুস্থ এনাকে পাগলা গারতে দেওয়া উচিত আইনিভাবে যেন উনাকে পাগলা গারদে দিয়ে দেওয়া হয়,1,0,0,0,0,1,0
BICH_0441,আমরা এক জালিম এর কাছ থেকে মুক্তি পেয়ে আরেক জালিম কে আগমন করছি।আল্লাহ তুমি সহায় হোয়।,0,0,0,0,0,0,0
BICH_0442,আমাদের দেশের কয়েকজন সাংবাদিক ভাইয়েরা কবে যে শিক্ষিত হবে। আর তাদের দোষ দিয়ে লাভ কি আমরা সাধারন মানুষ যতদিন সচেতন না হবো ততদিন এ…,1,1,1,0,0,1,0
BICH_0443,লিডার কম ডিলার বেশি লাগে,1,1,1,0,0,0,0
BICH_0444,Ki rokom murkho hola. Manush vhul kora o boro boro kotha bola. Ar sob thaka boro uni akjon advocate somaj ka thike poth a nia …,1,0,0,0,0,0,0
BICH_0446,"মানুষ যদি একে ভোট দেয়, তাহলে বুঝবো মানুষের মনুষ্যত্ব মরে গেছে।",0,0,0,0,0,0,0
BICH_0448,"নির্লজ্জ বেহায়া,সবি পারিবারিক শিক্ষার অভাব,কিভাবে অপেনলি বলে,একটা বয়ফ্রেন্ড এর সাথে চলাফেরা করতে কম্পুট।।",1,0,0,0,0,0,0
BICH_0449,মতো মানুষ পাড়ার লাইগা এত মানুষ পাগল হয়ে গেছে এগুলি হাজার হাজার লাখ লাখ মানুষ,0,0,0,0,0,0,0
BICH_0451,Cute magi tmr face ta dekhaw to ittu,1,0,0,1,0,1,0
BICH_0452,Toder jonnoi sob nosto hoche,1,0,0,0,0,0,0
BICH_0454,Tor jala bedheche bujhte parchi faltu lok akta,1,0,0,0,0,0,0
BICH_0456,আমরা মরতে প্রস্তুত আছি,0,0,0,0,0,0,0
BICH_0457,Shah Rasel পরিকল্পনা ছাড়া কোন গণঅভ্যুত্থান হয় না । ভোটার বিহীন সরকারকে তিন মেয়াদ দেখা হয়েছে । ঢাকা শহর যে তাহিরির স্কয়ার …,0,0,0,0,0,0,0
BICH_0459,এগুলা ছিলাম আমরা থেকে বড় হয়েছি ভাবতে অবাক লাগে জঘন্য সিনেমা,0,0,0,0,0,0,0
BICH_0460,tumi age pagol er dr dekhao,1,0,0,0,0,1,0
BICH_0461,Lojja ar pete jodi ektuo bidda thake tahole nijer dignity ta nosto na kore vodro manus ho .... Atodine ekjon thik kaj koreche …,0,0,0,0,0,0,0
BICH_0462,বাবা তোমার দরবারে সব পাগলের খেলা,0,0,0,0,0,0,0
BICH_0463,এদের জায়গায় আলেমরা হলে তাদের হাতে হাতকড়া ও কোমড়ে ডান্ডাবেরি থাকতো।অথচ এই চোরদের কত সাদরে নিয়ে যাওয়া হচ্ছে,1,0,0,0,0,0,0
BICH_0464,এড কি আদা পাগল নাকি,1,1,1,0,0,0,0
BICH_0465,দেশে পাগলের সংখ্যা দিন দিন কমছে,1,1,1,0,0,0,0
BICH_0467,#dbcnewstv আপনারা কি কোন খবর খুঁজে পান না যত্তসব ফালতু নিউজ করেন,1,0,0,0,0,0,0
BICH_0469,এই সান্তির ছেলেরা মরে গিয়া হুর ধর্ষন করবে,1,0,0,0,0,1,1
BICH_0471,Shala Hijra tor kono kaj nai,1,0,0,1,0,1,0
BICH_0472,তোমার পাগলামি করা বন্ধ কর তোমার মত পাগলের ভিডিও কেউ শেয়ার করবে। অসভ্য কোথাকার,1,0,0,0,0,0,0
BICH_0474,Tui kutta mukhi .nije chenge ho ok kutti,1,0,0,1,0,0,0
BICH_0476,তোর মতন বোকাচোদা কে রাস্তা থেকে হাটানোর জন্য এগুলো করা হচ্ছে। বিশ্বাস কর আমি কোনদিন গালাগালি দেই না কিন্তু গালাগালি দিতে বাধ্য…,1,0,0,1,0,0,1
BICH_0477,একটা পুরো পাগল পাবনা লোকজন কি ঠিক পাচ্ছে না,1,0,0,0,0,1,0
BICH_0478,ভাই এইসব পাগলামি বন্ধ কর।,1,0,0,0,0,0,0
BICH_0480,Valo koreche sala... Who r u sala,1,0,0,1,0,0,0
BICH_0482,"Jeta korche valo korche ...nijer behaviour ta dekho puro pagol lagche...of course jonjal saf korche korte de...,",1,0,0,0,0,0,0
BICH_0483,আরে হোমো চ*** তোদের মত জঞ্জাল কে সাফ করছে রে,1,0,0,1,0,1,1
BICH_0485,আমরা এক জালিম এর কাছ থেকে মুক্তি পেয়ে আরেক জালিম কে আগমন করছি।আল্লাহ তুমি সহায় হোয়।,0,0,0,0,0,0,0
BICH_0486,রাস্তার দুই সাইডে মানুষ আর মানুষ শালা একটা পাগলই না,1,0,1,1,0,0,0
BICH_0487,"চুপ করো তুমি,, বাবা মা এর নাম ডোবাছো,,",1,0,0,0,0,0,0
BICH_0488,দূর হিজরা চুপ কর,1,0,0,0,0,1,0
BICH_0489,তুই নাইটি পর কিন্তু নোংরামি বন্ধ কর হারামজাদা,1,0,0,1,0,0,0
BICH_0490,আর আমরার বুয়েটের ভাইরা বানাই অটো,0,0,0,0,0,0,0
BICH_0491,কুত্তার বাচ্চা ওর বাবরা কুত্তার জন্ম আর ওরা ডাবল কুত্তার বাচ্চা ওদের আইনের আওতায় নয় ওদের দরে প্রকাশে কল্লা কাটা হক এটাই ওদের সঠিক বিচার হবে,1,0,0,0,1,0,0
BICH_0492,"ঈদের কারনে পাগলা গারতে ছুটি চলছে, তাই বাহিরে পাগলের আনাগোনা বাড়ছে।",1,1,1,0,0,1,0
BICH_0494,দুষ্টু মেয়ের মিষ্টি হাসিহাসি,0,0,0,0,0,0,0
BICH_0495,সরকার অপদার্থ নয়তো তোমাদের আগেই জেলে দিত।,1,0,0,0,0,0,0
BICH_0496,তুই তো পাগল টানাটানি বাদ দে,1,0,0,0,0,0,0
BICH_0497,তোর বাবা কে দেখা,0,0,0,0,0,0,0
BICH_0498,Magir kamor utheche keo ei magi dadake thamao,1,0,0,1,0,1,1
BICH_0499,নারায়ণগঞ্জবাসীর মায়রে আমি চ*** খানকির পোলার একটা ছাগলেরে নাচাইতে আছে,1,0,0,1,0,1,1
BICH_0502,ফালতু চ*** তুই তো ভালো পরিবারের ছেলেও না মেয়েও না তুই তো একটা হিজড়া হিজড়া করাটাও ভুল। ওদেরও একটা সম্মান আছে। তোর সেটা নেই ও…,1,0,0,1,0,1,1
BICH_0503,চোরদের হাতে পায়ে ডাণ্ডা বেড়ি কই??,1,0,0,0,0,0,0
BICH_0505,পুরো সমাজ টাকে নষ্ট করেছেন লজ্জা লাগে না।আবার লাইভ এ এসে ছি কী মুখের ভাষা পারিবারিক শিক্ষার অভাব,1,0,0,0,0,0,0
BICH_0506,"ঠিক বলেছিস নাইটি টা তোর বাড়ির লোকেই কিনে দিয়েছে,,, তাই তুই পড়েছিস।।। ঠিক তেমনই facebook টা তোর বাপের সম্পত্তি নয় যে এখানে এসে …",1,0,1,0,0,0,0
BICH_0507,অন্তবর্তী সরকার তারা জানে তারা একটা চোর তারা কখনো সফল হতে পারবে না সফল হতে পারবেনা আমরা বাংলাদেশের উন্নতির জন্য শেখ হাসিনাকে চাই,1,0,0,0,0,0,0
BICH_0508,Pagla chodar moton kotha....protita manush er bekti goto life ache.barite jevabe thako rastai berole nischoi sei vabe thako na…,1,0,0,1,0,0,1
BICH_0509,Pagol akta .. valo kichu vdo korte paro toh esob vul val vdo koro tar opor abar emon mukh er vasa chiii .. vul tomra korcho ta…,1,0,0,0,0,0,0
BICH_0511,তোদের এই নোংরামির জন্যই দেশে এত রেপ কেস ঘটছে,1,0,0,0,0,0,1
BICH_0512,Normal vodro vabeo video kora jai joto sob nongra video banou,1,0,0,0,0,0,0
BICH_0513,এরা হচ্ছে মানুষ নামে এক একটা জানোয়ার । এদের হাত থেকে একজন ভিক্ষুক মুছি মেথর ও রেহাই পাইনি।,1,0,0,0,0,0,0
BICH_0515,"মানসিক ভাবে অসুস্থ আপনি,একটু কাউন্সেলিং দরকার ।",1,0,0,0,0,1,0
BICH_0517,Ader jonno aj social media ta nongra hye jacce,1,0,0,0,0,0,0
BICH_0518,"Alamgir Hossain ফাকিস্তানের প্রোডাক্ট তুই, ভাগ ফাকিস্তান।",1,0,0,0,0,1,0
BICH_0520,Tuy AK kothay pagol,1,0,0,0,0,0,0
BICH_0521,Quazi Osman Harunny Tareq আরে হালা ভালোরে বালো আর খারাপ এরেএই খারাপ বলছে শিখ খানকিপ,1,0,0,1,0,0,1
BICH_0523,ঠিক করেছে তোকে শালা জেলে ঢুকিয়ে হুরকুর বাড়ি পড়লে ঠিক সোজা হবি…,1,0,0,1,1,0,0
BICH_0524,এফ এম সাইফুজ্জামান সজিব চোরের পক্ষ নিয়ে কথা বলতে লজ্জা করে না?,1,0,0,0,0,0,0
BICH_0526,Ki nongra re vai......chiii,1,0,0,0,0,0,0
BICH_0527,তোমার মতো নোংরা ও মানুষ পৃথিবীতে নেই তুমি একটা এডভোকেট কে উল্টাপাল্টা বলতে পারো না।,1,0,0,0,0,0,0
BICH_0528,দেখেন গুন্ডা পান্ডারা এখন কি ভাবে প্রকাশে এতো দামি গাড়িতে গুরে বেড়াচ্ছে এরেই নাম রাজনীতি টাকা পয়সা জনগণের আর বোগ বিলাশ হলো গুন্ডাদের,1,0,0,0,0,0,0
BICH_0529,ঠিক আছে ব্যাক্তিগত কিন্তু সোস্যাল মিডিয়ায় কেন নোংরামো করার জায়গা পাসনি,1,0,0,0,0,0,0
BICH_0530,আসলে আমরা য়া দেখি বাস্তব অন্য রকম হতে পারে।,0,0,0,0,0,0,0
BICH_0531,Tomra nongra vedio korbe ar kew protest korle dosh faltu,1,0,0,0,0,0,0
BICH_0532,"উচিৎ কথা বললে এরকম হয় ,, তোমরা উল্টো পাল্টা ভিডিও বানাবে আর আমরা বললে দোষ ,,",0,0,0,0,0,0,0
BICH_0533,Afia Ibnat Meem Rifat Sultana আমরা জহীর স্যার এর বাইকটাতো নিতে পারি।,0,0,0,0,0,0,0
BICH_0534,Ki re vai pagol naki sala hijra,1,0,0,1,0,1,0
BICH_0536,আমরা শপথ করছি আমাদের জননেত্রী শেখ হাসিনাকে আমরা আবার দেশে ফিরিয়ে আনবো।,0,0,0,0,0,0,0
BICH_0537,বিকিনি পরে বাংলাদেশ কে প্রেজেন্ট করছে '''নোংরা,1,0,0,0,0,0,1
BICH_0538,তোমাদের মত কিছু অসভ্য লোকজনের জন্য সমাজটা শেষ হয়ে যাচ্ছে। তোমাকে দেখেই মনে হচ্ছে তোমার এত জলন হয়েছে যে নাচানাচি শুরু করে দিয়েছে নাইটি পড়ে,1,0,0,0,0,0,0
BICH_0539,শালা মনে হয় গাঞ্জা খা,1,0,0,1,0,0,0
BICH_0540,যে স্বামীর জন্য এত কিছু একটা তুলে দিলেই মরে ভেটকি দিয়ে থাকতো কোন দোষ ও হতো না,1,0,0,0,1,0,0
BICH_0541,"ঠিক করেছে, আপনার এই নোংরামো গুলোকে হেসে উড়িয়ে দিয়েই বাকিরা এত সাহস পেয়েছে। আপনিও দিনে দিনে আরো বেড়েছেন। আপনি মহিলা সাজুন,…",1,0,0,0,0,1,0
BICH_0542,Bangladesh Pakistan mane shuor jat des Gar msra boka choda Bangladesh Pablik,1,0,0,1,0,1,1
BICH_0543,বলছি তোমার মুখটা কেরকম বলতো একটু নিজে কোনদিন আয়নার সামনে দেখো কাউকে বলার আগে একবার নিজের দিকে তাকিয়ে নিও। আমরা ছোট মানুষ আর কি বলবো তোমাকে,1,0,1,0,0,0,0
BICH_0544,খানকির পোলা হ্যান্ড কাপড় ডান্ডা ভেড়ী লাগানো নেই। কতো জঘন্য অপরাধী এই জারজেরা অথচ আল্লামা মামুনূল হককে কোর্টে উঠাতো ডান্ডা ভে…,1,0,0,1,0,0,1
BICH_0545,তোমাকে আমরা চিনি মীরজাফর হিসাবে,1,1,0,0,0,0,0
BICH_0546,আপা আমরা কি দেশে থাকতে পাড়ব,0,0,0,0,0,0,0
BICH_0547,ঠিক করছেন যা করছেন। ওনাকে ধন্যবাদ। অসভ্যতার একটা সীমা থাকে। কিসের ব্যক্তিগত? সোশ্যাল মিডিয়া যখন সব দেখাচ্ছ তাহলে আবার ব্যক্তিগ…,0,0,0,0,0,0,0
BICH_0548,"হুজুরদের হাতে কোমরে পায়ে ডান্ডাবেড়ি ,আর এদেরকে জামাই আদর করা হচ্ছে বাহ কি চমৎকার । আইন নাকি সবার জন্য সমান।এক দেশে কত রকমের …",0,0,0,0,0,0,0
BICH_0549,কোলে করে চুমু দিতে দিতে নিয়ে যাও বোকা***চো দের। এত গুলো নিরীহ মানুষ যারা হত্যা করলো তাদের প্রতি এত সহানুভূতি কিসের???,1,0,1,1,0,0,1
BICH_0553,"Md Azizul Islam চুরি ডাকাতি লুটতরাজ জাই করুক কেউকিছু বলতে পারবে না,এই হলো লাল স্বাধীনতা",0,0,0,0,0,0,0
BICH_0556,উনি সমাজের একজন সচেতন নাগরিক বুঝলি। যে কাজটা আমরা সাধারণ মানুষরা করতে পারিনি সেটা উনি করেছেন।,0,0,0,0,0,0,0
BICH_0557,ইউনুস তোমার নোবেল মূল্যহীন,0,0,0,0,0,0,0
BICH_0560,"কই, কেউ নাই তো সমর্থক।",0,0,0,0,0,0,0
BICH_0561,চোরে মায়ের বড় গলা,1,1,1,0,0,0,0
BICH_0562,"দুর দৃর..…. ফালতু, পৃথিবীর জঞ্জালগুলো সব।",1,0,0,0,0,0,0
BICH_0564,পাঠি তোর মরণ হয় না,1,0,0,0,1,0,0
BICH_0565,পাগল হয়ে গেছে,1,0,0,0,0,0,0
BICH_0566,আমাদের টাকায় তো পরি কেননা আমরা তোর ভিডিও দেখি বলে তো ভিডিওতে পয়সা কামাচ্ছিস আমরা যদি ভিডিও না দেখতাম তাহলে কি নাইট পড়তে পারতিস রে হারা জায়গায়,1,0,0,0,0,0,0
BICH_0567,Arnab Onu Khan ওরা মনে করে ওরা কোনদিন মরবো না। অহংকারীদের পতন আল্লাহ সুবাহানাতালা এভাবেই করেন।,0,0,0,0,0,0,0
BICH_0568,Tanay Banerjee আপনি করে কথা বলছেন এই খানকির ছেলের উদ্দেশ্যে? তুই করে কথা বলুন,1,0,0,1,0,0,1
BICH_0570,"এই জাতি যতদিন সিঙ্গারা, সমুচা বিরিয়ানির প্যাকেটের লোভ সামলাতে না পারবে ততদিন এই জাতির ভাগ্য পরিবর্তন হওয়ার কোন সম্ভাবনা নাই!",1,0,0,0,0,1,0
BICH_0571,কোমরে রশি নাই তামাশা করছে আদালত,0,0,0,0,0,0,0
BICH_0572,এদের হাতে হাত করা নাই কেন এরা তো দেশের বড় চোর এদের ডান্ডারি পড়ানো উচিত,1,0,0,0,0,0,0
BICH_0577,"এটা কি ধরনের প্রাণ , সম্ভবত মরু অঞ্চলের হবে।",0,0,0,0,0,0,0
BICH_0578,জিবনে আমরা কি করলাম হায় রে,0,0,0,0,0,0,0
BICH_0579,"এত বড় অপরাধীদের হাতে হাত করা কোমরে রশি কোথায়? অথচ অনেক নিরপরাধ আলেমদের হাতে হাতকরা, কোমরে রশি, পায়ে বেড়ি ছিল।",0,0,0,0,0,0,0
BICH_0580,"Advocate didi ja korche ekdom thik, tomra somajer nongra",1,0,0,0,0,0,0
BICH_0581,যার এই নষ্টামির বিচার দুনিয়ায় হয়ে যাচ্ছে। বুক বড় করিবার জন্য মরিয়া হয়ে গিয়েছিলি। আজ বুক নিয়ে দাঁড়িয়ে থাকা দায়।,1,0,0,0,0,0,1
BICH_0583,এডভোকেটের নোখের যোগ্য না তুই জঙ্গল করে অশিক্ষিত সমাজটাকে পুরো নোংরা জঙ্গল করে তুলল,1,0,0,0,0,0,0
BICH_0584,সমাজ টা তোরাই নষ্ট করছিস। নিজে তো কোনো ভালো কাজ করবি না আর অন্য কেউ করতে দিবি না। তোর ও টাইম হয়ে এসছে প্রস্তুত থাক। সোশ্যাল মি…,1,0,0,0,1,0,0
BICH_0586,তোদের অসভ্যতার জন্য সমাজটা দূষিত হচ্ছে,1,0,0,0,0,0,0
BICH_0587,কয়দিন আগে জেলে খানায় দিলো মোটা চাউলের ভাত খাইয়া এখন চিকন হয়ে গেছে,0,0,0,0,0,0,0
BICH_0589,"কোন শুকরের বাচ্চার হাতে হাতকড়া নেই,ডান্ডাবেড়ি নাই কেন????",1,0,0,0,0,0,0
BICH_0592,ছাগলটার মাথা খারাপ হয়ে গেছে,1,0,0,0,0,0,0
BICH_0594,বুকের স্থান যখন পেটের উপরে জায়গা পায় তখন ঐ মহিলা কে কেমন লাগে তা যদি এই আধা পাগল টা বুঝতো,1,0,0,0,0,0,1
BICH_0595,Pi Ash Adhikary কেন এইটা কি তোর বাপের পেইজ নাকি?,1,0,1,0,0,0,0
BICH_0598,নাকে নোংরা লেগে আছে,0,0,0,0,0,0,0
BICH_0599,তোমার এইসব নোংরামো বন্ধ করো,1,0,0,0,0,0,0
BICH_0600,এওয়ার্ড এর জন্য কাজ করস না? মানুষজন রে বলদ বুজাস?আম পাবলিক তোরা গালি দেওয়ার আগে একটু পড়ালেখা কর:১. এইটা পেতে হলে যুক্তরাষ্ট্রের নাগরিকত্ব লাগে অথবা সে পার্মানেন্টলি যুক্তরাষ্ট্রে শিফট হইছে এটা দেখান লাগে।এটা পাইছে মানে সে এখন আর আমাদের দেশের না। ভিনদেশী এই ধান্ধাবাজ রে নিয়ে আমরা করব টা কি।২. সে নাকি এওয়ার্ড এর জন্য কাজ করে না-ভাই তুই যদি এওয়ার্ড এর জন্য কাজ না করস তাইলে তুই এওয়ার্ড পাওয়ার জন্য আবেদন করলি কেন? এই এওয়ার্ড পেতে হইলে অনলাইনে আবেদন করা লাগে। এবং এই এওয়ার্ড এর জন্য কিছু টাকা পয়সাও দেওয়া লাগে।তুই যুক্তরাষ্ট্রের নাগরিক হয়ে অনলাইনে আবেদন করে কিছু টাকা দিয়া এইটা পাইছস। আর কস যে এওয়ার্ড এর জন্য কাজ করস না।শালা ভোদাই।,1,0,0,1,0,0,1
BICH_0601,Shala Hijra tor kono kaj nai,1,0,0,1,0,1,0
BICH_0603,Ader k unfollow koro joto gulo ai rokom nongra profile ache thahole boro boro kotha bola berie jabe,1,0,0,0,0,0,0
BICH_0604,"কোমরে রশি কোথায়,,,,?????",0,0,0,0,0,0,0
BICH_0605,serial korte gechhili sekhan theke to pichhone lathi mere tariachhe abar boro boro kotha. nongra faltu asovvo akta.,1,0,0,0,0,0,0
BICH_0606,আমি মনে করি মাননীয় নেত্রী শেখ হাসিনা বিশ্ব দরবারে বাংলাদেশ কে নতুন করে পরিচয় করিয়ে দিতে পেড়েছে. বিশ্ব বাসি দেখুক আমরা বাঙালী কতটা অমানুষ।,1,0,1,0,0,1,0
BICH_0608,এদেশে বড় বড় আলেমদের কোমরে দড়ি বান্দা হইছে এই হারামজাদারা এদের কোমরে দড়ি বান্দে না কেন,1,0,0,1,0,0,0
BICH_0609,এই শালা প্রতিবন্ধী বিএনপির নেতা তাহলে বুঝেন চোর বাটপার চিন্তাইকারি গাজাখোর যদি নেতা হয় তাহলে কি হবে,1,0,0,1,0,1,0
BICH_0610,পিনিকেই ঝিনিক জাকির মানিক,0,0,0,0,0,0,0
BICH_0611,তোর নিজস্ব কোন অস্তিত্ব আছে নাকি যত পাগল কী এখানেই,1,0,1,0,0,0,0
BICH_0613,আলেমদের বেলায় হাতকড়া লাগে কোমরের রশি বাধা লাগে আর এই চোরগুলো রশি কই,1,0,0,0,0,0,0
BICH_0614,Shameless Women ajke abar live a asceh!,1,0,0,0,0,0,0
BICH_0615,Life Of Nusrat Fatima Tuz Zohora ভাইরাল এই চটপটি ফুচকা খেতে যাবে কবে তোমরা,0,0,0,0,0,0,0
BICH_0616,যেটা করেছে ঠিক করেছে। পেছন দোলানো বগল দেখানো কিছু বৌদিদের জন্য ফেসবুক খোলার মতো না বাচ্চাদের হাতে ফোন দেওয়ার মতো না। তোমার না…,1,0,0,0,0,0,0
BICH_0618,তোদের মত এই বালছাল গুলোই সমাজটাকে নষ্ট করছিস আবার বড় বড় কথা বলছিস ভালো কাজ করছিস তোরা আবাল গুলো,1,0,0,1,0,0,0
BICH_0619,সমাজ এর সব থেকে বড় নোংরা এই রকমের খানকি মনে হচ্ছে মিরগি উঠেছে একে গালাগালি ও দিতে পারছি না খানকি ম্যাগী বলব নাকি খানকি …,1,0,0,1,0,1,1
BICH_0620,তীব্র নিন্দা ও প্রতিবাদ জানাই নরপশুদের।,1,0,0,0,0,0,0
BICH_0622,Ei sala sala ra asol bokachoda,1,0,0,1,0,0,1
BICH_0625,দেখে মনে হয় এই সালা পাগল হয়ে গেছে,1,0,0,1,0,0,0
BICH_0626,এই লেতা সংসদে গেলে সংসদ নোংরা করে দিবে,1,0,0,0,0,0,0
BICH_0627,"খানকীর ছেলের হিজড়া সরকার, আর সেই দেশের ঐ সব সাপ্রদায় হলো মাদার চোদ সম্প্রদায়।।।।",1,0,0,1,0,1,1
BICH_0628,"খুব কষ্ট হয় নাকি,,? ওদের কোমরে দরি কই",0,0,0,0,0,0,0
BICH_0629,সঙ্গীতা ম্যাম যা করছে একদম ঠিক কাজ করছে। সমাজ টা সত্যি নষ্ট হয়ে যাচ্ছে,0,0,0,0,0,0,0
BICH_0630,এরা হচ্ছে দেশের নাম কারা খুনি সন্ত্রাস চোর লুটপাট কারি ওদের হাতে হ্যান্ডকাফ নাই অথচ নির্দোষ আলেমদের হাতে হ্যান্ডকাফ দিয়েছিল,1,0,0,0,0,0,0
BICH_0631,Shaheen Mahmud ফ্যাসিস্ট ইউনুস ডাকাত হিযবুতি আর জামাতি জংগিদের সহায়তায় বাংলাদেশকে বাঙ্গুস্থান বানানোর জন্য বিদেশীদের সহায়তায় …,1,0,0,0,0,0,0
BICH_0632,আচ্ছা তোর বাপ যে ফাটা কনডম ইউজ করেছিল সেটা কি ধুয়ে পরতে ভুলে গেছিল।,1,1,1,0,0,0,1
BICH_0633,"এই পাগলটাকে রাঁচি মেন্টাল ভর্তি কর,,এর মা বাপ কি নেই ,নাকি এইটা রাস্তার মাল,, হোমো টাকে আইনের আওতায় আনা হোক,,,",1,0,0,0,0,1,0
BICH_0634,এইটা মাগি না কি বুঝতে পারছিনা,1,0,0,1,0,1,0
BICH_0635,বলার দরকার ছিল যে 16 জন বড় চোর কে ট্রাইব্যুনালে উঠানো হচ্ছে। এদেরকে মন্ত্রী এমপি উপদেষ্টা আখ্যা দেওয়ার কি দরকার। চোর উপাধিট…,1,0,0,0,0,0,0
BICH_0637,Magi jader k marchis tader khbor niachis kotobar,1,0,0,1,0,1,0
BICH_0639,পাবনা পাগলা গারদ থেকে নিখোঁজ মানুষ টিকে কে সাংবাদিক উদ্ধার করতে সক্ষম হয়েছে।,1,1,1,0,0,1,0
BICH_0640,Manzur Hossain Barat বাংলাদেশের রাজনীতি করে পাগলে আর বেশরমের সরদাররা আজ আমি ঝুলছি কাল আপনি ঝুলবেন দোষ থাকুক আর না থাকুক আপনাকে…,1,0,0,0,1,0,0
BICH_0641,তুই একজন ফালতু ছেলে,1,0,0,0,0,0,0
BICH_0642,চোরদের আবার মুখে হাসিও দেখি শাজাহান খান মিডি মিডি করে হাসে। এগুলোরে ফাঁসি দিয়ে মৃত্যুদণ্ড নিশ্চিত করা হোক। শুধু বাংলাদেশের টাকা খরচ করে কি লাভ।,1,0,0,0,1,0,0
BICH_0643,কেউ সমালোচনা না করি ভাই এর প্রতিভা আমরা জারা হাসি তাদের থেকে বেসি এগিয়ে জাও ভাই অভিনন্দন,0,0,0,0,0,0,0
BICH_0644,এই শালারে হিজরে শালা পয়সা ইনকাম করছিস পয়সা ইনকাম কর। তুই শালা হিজরে জানিস তুই,1,0,0,1,0,1,0
BICH_0645,"SHANT O এমনে করে একটা বানাইয়া, খালি নষ্টামি করতে হবে ,",0,0,0,0,0,0,0
BICH_0647,"Chup kor paglachoda ,,,thik koreche uni ,,,,",1,0,0,1,0,0,1
BICH_0649,"এই মুহুর্তে আওয়ামী লীগের যত লোক এদিক ওদিক আছেন বের হয়ে আসেন আর ঘরে থাকার সময় নাই "" এবার ঘনক্ষেত্র তৈরি করতে হবে"" আমরা আছি আপনাদের সাথে ইনশাআল্লাহ",0,0,0,0,0,0,0
BICH_0650,Tanveer Ahmad ReEmon এদেশের মানুষ আওয়ামী লীগ পেটানোর স্বাদ পেয়ে গেছে। এ অভ্যাস সহজে দূর হবে না।,1,0,0,0,1,0,0
BICH_0653,শালার একটা সেই লেবেলের প্রতিবন্ধী!,1,0,0,1,0,1,0
BICH_0654,"This award is not fake. It was given by AmeriCorps, a recognized federal agency that certifies organizations to distribute the Presidential Volunteer Service Award. No one can purchase this award—only certified organizations can issue it based on verified service hours. AmeriCorps is a non-profit organization and an independent agency of the U.S. government that connects millions of Americans with community service opportunities. Founded by President Bill Clinton in 1993, it continues to serve as a vital platform for civic engagement. Please verify facts before spreading misinformation.",0,0,0,0,0,0,0
BICH_0655,Tor mukta age dek kemon dekte re pagol chuda,1,0,0,1,0,0,1
BICH_0656,"কোথার জিনিস কোথায় এসে নেমেছে,মনে হচ্চে পাহার ধ্বংস হয়ে নিচে নেমে এসেছে",0,0,0,0,0,0,0
BICH_0657,ভাই সব ঠিক আছে কিন্ত পা টা কালো কেনো,1,0,0,0,0,0,0
BICH_0659,ভোট চোর দের মুখে বড় বড় কথা,1,0,0,0,0,0,0
BICH_0660,আস্ত পাগল এই একটা মান্ডি সাহা,1,0,0,0,0,0,0
BICH_0661,তুই একটা ফালতু কোন মায়ের যে গরবে হয়েছিস ভগবান জানে। তোর ভগবান যেভাবে পাঠাচ্ছে সেভাবে তুই থাক ভদ্রভাবে। অভদ্রভাবে ভিডিও করিস …,1,0,0,0,0,0,0
BICH_0662,Eye area te kotota maida lagiye live krte bosechis pagol ekta,1,0,1,0,0,0,0
BICH_0663,এ দেশে মানুষ বাস করেনা সব অমানুষে পরিনিত হয়েছে,1,0,0,0,0,1,0
BICH_0664,Somossa nai tora amr alakar kutta o ch***bo nah,1,0,0,1,0,0,1
BICH_0665,উনি যেটা করছে আমিও সহমত কারণ আমাদের সমাজটা অনেক নোংরা দিকে চলে যাচ্ছে। ছোট ছোট বাচ্চারা তারা এই খারাপ ভিডিও গুলো দেখতে পাচ্ছে।…,0,0,0,0,0,0,0
BICH_0667,Apnake fat saf korbe kno janen nity pore muzra korchen,1,0,1,0,0,0,0
BICH_0668,চান্স পাইনি আবার বড় বড় গল্প চোদায়,1,0,0,1,0,0,1
BICH_0669,"আপনার কথাবার্তা শুনেই তো মনে হচ্ছে যে আপনি একজন মানসিক ভারসাম্যহীন ,উন্মাদ মানুষ ।আপনার তো সোশ্যাল মিডিয়াতে নয়, আপনার মানসিক…",1,0,0,0,0,1,0
BICH_0670,আলেমদের হাতে হাত করা আর ডাকাতদের হাতে কিছুই নাই। কেন?,0,0,0,0,0,0,0
BICH_0672,আমরা সবাই এডভোকেট দিদির পাশে আছি তোমার মতো জঞ্জাল সত্যি সাফ করা উচিত,1,0,0,0,1,0,0
BICH_0674,অসভ্য লোক তুই একটা অভদ্র,1,0,0,0,0,0,0
BICH_0675,Priyanka Karmakar আরে ভাই ওর বাবাও এইসব আবর্জনা কে সাফাই করতে পারবে না তাই বাধ্য হয়ে উনার মতন ভালো মানুষদেরই দায়িত্ব নিতে হয়।,1,0,0,0,0,0,0
BICH_0676,MD Tanjil Howlader এই দেখ তোর বাপে কই থেকে কিনছে।,0,0,0,0,0,0,0
BICH_0677,"এর চেয়ে হিরো আলম ও ভালো ছিলো,শালা বিচারক দের রুচির দুর্ভিক্ষ চলচে",1,0,0,1,0,1,0
BICH_0678,নাইটি পরলে অনেকটা তোমাকে পাগলা চ**** মত লাগে। পুরো আস্তে যেন একটা জল হস্তি,1,0,0,1,0,0,1
BICH_0679,BNP তে পাগলের সংখ্যা এত বেশি হওয়ার কারণ কি? কেউ কি সঠিক তথ্য দিবেন!,1,0,0,0,0,0,0
BICH_0680,এই প্রতারকের ছবি আইডি কার্ড ভিজিটিং কার্ড দেখেন কত বড় চিটিং নারায়ণগঞ্জ চিটিং বাদ দিলে একজন ভালো মানুষের পাওয়া যাবে না ভবিষ…,1,0,0,0,0,1,0
BICH_0681,Pagol bal mathar doctor dekha,1,0,0,1,0,1,0
BICH_0682,একদম ঠিক করেছেন তোমাদের জন্য পরিবেশ নোংরা হয়,1,0,0,0,0,0,0
BICH_0686,এই মহিলার কি কোন বাপ মা নেই পাগল ছাগল মহিলারে ছাড়ি দিছে রাস্তাঘাটে,1,0,0,0,0,0,0
BICH_0687,"Bolar kichu e nai... Ekta e kotha bole jache... Who r u... Bikrito mostisko, nongra manosikota... Aage nijer joggota proman ko…",1,0,0,0,0,1,0
BICH_0689,উপরের তলা যদি নিচ তলায় পরে যায় তখন স্বামী বেচারাতো জান বাচাতে ভাগবেই,1,1,1,0,0,0,0
BICH_0690,আমরা কতটা মূর্খ জাতি হইলে এর মতো নেতা এটা আমাদের দেশ নেতৃত্ব দে,1,0,0,0,0,1,0
BICH_0691,Eke akhon mental hospitale rakha uchit,1,0,0,0,0,1,0
BICH_0692,আজকে বুঝলাম উনি নিচের তলা ভাড়া দিয়ে উপর তলা বড় বানানোর কারণ ঐ কাগজের ফাইল পত্র টেকানোর জন্য,1,1,1,0,0,0,0
BICH_0693,এ একটা খানকি* ছেলে,1,0,0,1,0,0,1
BICH_0695,তোমাদের মত ফালতু ছেলেদের জন্যই আজ দেশটা খারাপ হয়েছে এত,1,0,0,0,0,0,0
BICH_0697,ওনার কিছু না কিন্তু সমাজের খুব খারাপ পরিস্থিতি তুই সেটা বুঝবি না তুই একটা পাগলাচোদা সমাজটা ধীরে ধীরে নষ্ট হয়ে গেছে। তোদের মত …,1,0,0,1,0,0,1
BICH_0700,Er mone hoi ranu paglir moto manoshik varsammo hariyechhe mone hoiata hole arek leveler ranu pagla,1,0,0,0,0,1,0
BICH_0702,এইটাতো মনে হয় আদা পাগল,1,0,0,0,0,0,0
BICH_0704,তুমরা জ্বড়িত বলে জনগণের দাবী,0,0,0,0,0,0,0
BICH_0706,ভয়ংকর পাগল ভয়ংকর সন্ত্রাস,1,0,0,0,0,0,0
BICH_0707,BNP ভবিষ্যৎ নেতা ও এমপি হলে জনগণ ওর কাছ থেকে কি পাবে কেউ বলতে পারবেন ?? আমরা আগে কোথায় ছিলাম আর এখন আমরা কোথায় যাচ্ছি।,0,0,0,0,0,0,0
BICH_0708,আহ্ জাতি হিসাবে আমরা লজ্জিত,0,0,0,0,0,0,0
BICH_0710,"ওদেরকে জামাই আদর করা হচ্ছে হাতে ,হাত করা নাই, কোমরে রশি বাঁধা নাই ,কেনো ,জাতি জানতে চায়?",0,0,0,0,0,0,0
BICH_0711,"ফিগার এতো কালো, তাও এতো কনফিডেন্স",1,1,0,0,0,1,0
BICH_0713,অ্যাডভোকেট যা করেছে খুব ভালো করেছে। কিছু কিছু অসভ্যতা চরম সীমানায় পৌঁছে গেছে এদের পরিষ্কার করছে দেখে খুব ভালো লাগছে অনেক ভালো…,0,0,0,0,0,0,0
BICH_0715,প্রথমে মনে করেছিলাম দেওয়ানবাগী। পরে মনে পরলো সালা তো মর গিয়া।,1,0,1,1,0,0,0
BICH_0718,Tui chup kar sala tui to akta hizre. Sala nongra Moder choud,1,0,0,1,0,1,1
BICH_0719,এগুলি আকটু অতিরিক্ত হয়ে গেলো না ? এগুলি করে নিজের ও দলের সুনাম নষ্ট হচ্ছে?,0,0,0,0,0,0,0
BICH_0721,ঠিক ই করছে!! নোংরামি করবে আবার গর্ব করছে।Cring ভিডিও করবে আবার নাটক ও করবে,1,0,0,0,0,0,0
BICH_0722,এদের হাতে কড়া কোমরের রসি কই।,0,0,0,0,0,0,0
BICH_0723,Mohammad Rakib চল্লিশার লোভে বন্ধুরে মারার অনেক রাস্তা আছে তবে এমন মারা ঠিক না যেখানে আর মরারে খুজেও পাওয়া যাবে না,0,0,0,0,0,0,0
BICH_0724,Sandy Sahar je nijer o jonmo nishiddho polli te seta o aro ekbar proman korlo or mukher vasha diye. Or moton janowar ke jara …,1,0,0,0,0,0,1
BICH_0725,"এতো সম্মানে ছিলেন দেশের গরিব, খেটে খাওয়া সাধারণ মানুষের অনেক কিছু করার সুজুক ছিলো,,, আজ ভাগ্যের নির্মম পরিহাস ।",0,0,0,0,0,0,0
BICH_0726,"এটা একটা পাগলী।লেখা পড়া কি বুঝে না, শুধু ঘুরাঘুরি বুঝে।",1,0,0,0,0,0,0
BICH_0727,Pagol chagol gulo jon face book dekhajabena kichu kaj kor kha naity sari pore khamabi kaj kore kha face book toder j…,1,0,0,0,0,0,0
BICH_0728,Anisur Rahman এক একটা চোর,1,0,0,0,0,0,0
BICH_0731,শেখ হাসিনা ছাত্র-ছাত্রী ও অসাধারণ জনগণের গরীব দুঃখী মানুষের আস্তা ভালোবাসা আমরা সাধারণ জনগণ শেখ হাসিনাকে আবার চাই গদিতে,0,0,0,0,0,0,0
BICH_0734,আমরা জঙ্গল পরিস্কার করার দায়িত্ব দিয়েছি কারণ আমাদের ছেলে মেয়েদের সামনে ফোন খুলতে পাচ্ছি না,0,0,0,0,0,0,0
BICH_0735,শালা কি বলবো..... কিছু বলার ভাষা পাচ্ছি না.....,1,0,0,1,0,0,0
BICH_0736,"Apnio korun na nighty pore,, video dekhi ,, lojja kore na ader faltu giri gulo support koren",1,1,1,0,0,0,0
BICH_0737,Bekar bekar ukil er pechne lagcho… bambo dhukiye dbe… r tmr oi bosta pocha talent.. tar jnno eto demag.. bhalo na.. r kar sthe…,1,0,0,0,1,0,1
BICH_0738,Tui vag onk korechis ebar vag,1,0,0,0,0,0,0
BICH_0739,"প্লিজ আগের থেকে ক্ষমা চেয়ে নিচ্ছি, বারবার একটা ভিডিও দেখছি কিন্তু বুঝতে পারছিনা ব্যপারটা , বুকের জিনিস পেটে কেন ,এইটা কি ন্য…",1,1,1,0,0,0,1
BICH_0740,"Monjil Hossain Shaon চোররা আছে অন্ধকারে,তাই আগের নিয়মে এতো পরিপাটি।",1,0,0,0,0,0,0
BICH_0742,হিন্দু মেয়ে ছেলেদের উপর নির্যাতন চালাচ্ছে জানোয়ারের বাচ্চারা। অথচ আইন কিছুই করছে না। এদের একদিন বিচার বাংলার মাটিতেই হবে শুধু সময়ের অপেক্ষা।,1,0,0,0,0,0,0
BICH_0744,সগ্মীতা দিদিভাই তুমি আগে এই পাগল টাকে সাফ করো,1,0,0,0,0,0,0
BICH_0745,হিন্দু রা এবার তো অস্ত্র ধরো আর নইলে মরে যাও,1,0,0,0,1,0,0
BICH_0746,"চুরি শিখছে শুধু। চোরের দল। লজ্জা ও করেনা। বঙ্গবন্ধু তো বলেই গিয়েছিলেন, চোরের খনি।",1,0,0,0,0,0,0
BICH_0747,আল্লাহ ভালো জানেন এক পাগল থেকে মুক্তি হয়ে আবার আরেক পাগলের পাল্লায় না পড়তে হয়,1,0,0,0,0,0,0
BICH_0748,"ভাই তোমরা কেউ বাঁশ দিয়ে ঠ্যাক দাও, না হয়তো গাছের ফল দুটো পড়ে যাবে।",1,1,1,0,0,0,1
BICH_0749,"মাথা খারাপ হয়ে গেছে, পাগল একটা",1,0,0,0,0,0,0
BICH_0750,কেস খেয়ে কি পাগল হয়ে গেছে মনে হচ্ছে,1,0,0,0,0,0,0
BICH_0753,ভাগ্যিস বলে দেয়নি আমি গর্ভবতী,1,1,1,0,0,0,0
BICH_0754,পাগল গাঁজা খেয়ে টাল।,1,0,0,0,0,0,0
BICH_0756,এতো পুরা পাগল,1,0,0,0,0,0,0
BICH_0758,"এই লোকটা পাগল হয়ে গেছে,এই ফালতু লোকটাকে যে সাপোর্ট করে সেও সমতুল্য ,",1,0,0,0,0,0,0
BICH_0759,তুমি কি পাগল হয়ে গেছো নাকি মুখ দেখে তাই মনে হচ্ছে,1,0,0,0,0,0,0
BICH_0760,শালার বাঙালি তুনি টানি বুদ্ধি ছাড়া ভালো কোন বুদ্ধি নাই,1,0,0,1,0,1,0
BICH_0761,দুতলা পিলার ভেঙে নিচ তলায় চলে আসছে,0,0,0,0,0,0,0
BICH_0762,শয়তান এত তাড়াতাড়ি মরে না,1,0,0,0,0,0,0
BICH_0763,হাতকড়া ও কোমরে রশি থাকলে আরো সুন্দর হতো,1,1,1,0,0,0,0
BICH_0764,আমরা সবাই এতগুলো আর তুই একারে কি করবি,0,0,0,0,0,0,0
BICH_0768,Ja khanki ir chele age bra pore video kor,1,0,0,1,0,0,1
BICH_0770,ধিক্কা জানাই বাংলাদেশ আইন প্রশাসনকে এইরকম অপরাধী দেরকে ধরে কেটে ফেলা হোক যাতে কোন বোনের ইজ্জত নষ্ট না হয়।,1,0,0,0,1,0,0
BICH_0772,এটা কোন পাগল আবার ফজলুর ভাই নাকি,1,0,0,0,0,0,0
BICH_0773,এই স্বৈরশাসকদের হাত গড়া কই?মুনাফিকদের কে কেন জামাই আদর করা হচ্ছে আমরা যানতে চাই?,1,1,1,0,0,0,0
BICH_0774,তোকে পাগলা গারদে পাঠানো উচিত সমাজের নোংরা আবর্জনা তোরা যদি পারিস তাহলে সমাজে ভালো কিছু তুলে ধর তোদের মতন নোংরা মানুষদের জন্য স…,1,0,0,0,0,1,0
BICH_0775,Tui vag onk korechis ebar vag,1,0,0,0,0,0,0
BICH_0776,Er ageo jail gechilo na? Pagol chod@ta,1,0,0,1,0,0,1
BICH_0777,লাভ রিয়াকশন দেয়া বোকাচো* গুলা কারা?,1,0,0,1,0,0,1
BICH_0780,Mental নাকি তুমি তোমাকে তো দেখে মনে হচ্ছে ভদ্রতা টুকু হারিয়ে ফেলেছ সবার চোখের সামনে তোমাদের অসভ্য ভিডিও গুলো চলে আসে এটা মাথায় রেখো,1,0,0,0,0,1,0
BICH_0781,"রাজাকার, চোর -বাটপার, ডাকাত, বদমাইশ, ধর্ষকে ভরপুর এই দলটির লজ্জা -শরম অনুশোচনা থাকার কথা না,এতে আশ্চর্য হবার কিছুই নেই।",1,0,0,0,0,0,0
BICH_0784,তুমি একদম বাজে ভিডিও করো,0,0,0,0,0,0,0
BICH_0785,ব্যাংক ডাকাতি কার আমলে হইছে?আপা উওর দেন।,0,0,0,0,0,0,0
BICH_0786,রাস্তার দুই সাইডে মানুষ আর মানুষ শালা একটা পাগলই না,1,0,0,1,0,0,0
BICH_0787,রাস্তায় জন্ম নিছিস রে কুত্তার বাচ্চা ওই জন্য এরকম করছিস,1,0,0,1,0,0,0
BICH_0790,Ki mukhar vasha faltu tumi,1,0,0,0,0,0,0
BICH_0791,দুষ্টু ছেলের মিষ্টি হাসি,0,0,0,0,0,0,0
BICH_0793,তোমার ভয় নেই আমরা আছি,0,0,0,0,0,0,0
BICH_0795,আমরা বাঙালিরা আসলে কোন কাজ করার জন্য কোন জায়গা পাই না একদম পুরাই ছাপ্রি লাগতাছে।,1,0,0,0,0,1,0
BICH_0796,Ki re vai pagol naki sala hijra,1,0,0,1,0,1,0
BICH_0797,"বর্তমান সরকার তো ধর্ষণ করেনি, এটাই আমাদের মনের সান্ত্বনা। অবশেষে আমরা আমরা ভালো থাকতে চাই।",0,0,0,0,0,0,0
BICH_0798,হালায় পাগল হয়ে গেছে সামনে কোন মানুষ নাই হাত নাড়তে আছে,1,0,0,1,0,0,0
BICH_0799,তোমাদের এই ধরনের মানুষদের জন্য পরিবেশ নষ্ট হতে পারে না,0,0,0,0,0,0,0
BICH_0800,খুবই গুরুত্বপূর্ণ কথা আমরা এর সাথে একমত,0,0,0,0,0,0,0
BICH_0801,শুনে পাগল হয়ে গেছে কেও গারোদে পাঠাও,1,0,0,0,0,1,0
BICH_0802,তুই আগে ওর জায়গায় পৌঁছে দেখা তারপর বড় বড় ডায়লগ বাজি মারবি। তোর মতন এই সমস্ত অসভ্য নোংরা পাবলিকগুলোর জন্য আজকে দেশের এই অব…,1,0,0,0,0,0,0
BICH_0803,তুই যে দেশের বাইরে গিয়ে আমাদের দেশকে ছোট করে আসছিস তার বেলা। আমাদের দেশে ওরকম নোংরা মন করে কেউ বেড়ায় নাইটে পড়ে দিনের বেলা …,1,0,0,0,0,0,0
BICH_0805,ওনার সঙ্গে সবাই আছে। তোমরা সবাই ব্যাকটেরিয়া ভাইরাস ওকে,1,0,0,0,0,0,0
BICH_0806,তোদের জন্য ফেসবুকে সব নষ্ট হয়ে যাচ্ছে,0,0,0,0,0,0,0
BICH_0807,সময়ের ব্যবধানে সব কিছু ওলটপালট হয়ে যাবে । বর্তমানে অপকর্ম পরকীয়া ষড়যন্ত্রকারী উপদেষ্টা ও নামধারী নষ্ট মেধাবী সমন্বয়করা …,1,0,0,0,0,0,0
BICH_0808,এত টাকা পয়সা দুর্নিতি আর চুরি করে কি লাব হলো।সালা চোরের বাচ্চারা দেশটা দংশ করে গেছচ।,1,0,0,1,0,0,0
BICH_0809,খাঃনকি একটা sandi magi,1,0,0,1,0,1,1
BICH_0810,কোনো ভালো কিছু শিক্ষা এই পাগল tar কাছে পাওয়া যাবে না।।।,1,0,0,0,0,0,0
BICH_0811,আমরা হলাম সমাজের সামাজিক জীব আমাদের কাছে ক্ষমা চাইতেই হবে তুমি এত অভদ্র সে আর বলার কথা না লোকে দেখে বোঝা যাচ্ছে যে তুমি কতটা অভদ্র লোক,1,0,0,0,0,0,0
BICH_0813,"গুরুবাদী সন্ত্রাসী মুনাফিকের বাচ্চাগুলো দেশটা ধ্বংস করে দিল ,এগুলো দেখার কেউ নাই বুঝি ,তীব্র নিন্দা ও প্রতিবাদ জানাচ্ছি",1,0,0,0,0,1,0
BICH_0814,এই জানোয়ার এর পরিনতি এর থেকে জঘন্য হওয়ার দরকার ছিল ন।,1,0,0,0,0,0,0
BICH_0815,"আমার পক্ষ থেকে তার বয়ফ্রেন্ডের জন্য উক্তি: শালা কিচ্ছু খাইতে পাসনি তাই বলে শেষমেষ গু খাইলি,,,,",1,0,0,1,0,0,0
BICH_0816,জামাই আদর যত্ন করায় মৃখ থেকে হসি বাহির হইতেছে। বেহায়ার নির্লজ্জ যাকে বলে।,1,0,0,0,0,0,0
BICH_0817,ফুল ভিডিওটা দেখতে নিচের লিংকে ক্লিকে করুন …,0,0,0,0,0,0,0
BICH_0819,Advocate madam Sandy pagol hoye geche,1,0,0,0,0,0,0
BICH_0820,দুঃখজনক হলো এখনো সবার কোমরের দড়ি দেখা গেল না,1,0,0,0,0,0,0
BICH_0822,"জাকির মনে হয় পাগল মানসিক রোগি,গাজা বাবা মদ নেশা বেশি খাই এই জন্য তার ভাবটা এমন, বিএনপির বদনাম এইসব বাবা খোর নেতার কারনে",1,0,0,0,0,1,0
BICH_0823,Thik korechee........ tormoton gandu k .. thamono darkar ..... ore pagol chup kor,1,0,0,1,0,0,1
BICH_0824,Tui ekta kukur er gu,1,0,0,1,0,0,0
BICH_0826,Md Nurul Absar Absar কোমরে রশি লাগানো হয় নাই কেন?জাতি জানতে চায়।,1,0,0,0,0,0,0
BICH_0827,"আপনাদের সময়ে বাহার যা করেছিলো এরাও তাই করছে, আপনাদের সময়ে কিছু করলে তারা পাগল সাাজতো। এটা সবসময়ই হিন্দুদের সাথে হয়।",0,0,0,0,0,0,0
BICH_0828,কোন চোদনা রা হাহা দেয় বুঝিনা??,1,0,0,1,0,0,1
BICH_0829,Madam ja koracha tik koracha.tor jaiga social media ta noi pagla garoda.,1,0,0,0,0,1,0
BICH_0831,ওপরে আর জায়গা নেই রে পাগল,1,0,0,0,0,0,0
BICH_0832,"অশিক্ষিত,অসভ্য অবলা পশুরাও তোমার থেকে অনেক ভালো।অভদ্র একটা।",1,0,0,0,0,0,0
BICH_0833,টাকা থাকলে পাগলও রাজনীতি করতে পারে।,1,1,1,0,0,1,0
BICH_0835,সগ্মীতা দিদিভাই তুমি আগে এই পাগল টাকে সাফ করো,1,0,0,0,0,0,0
BICH_0836,অ্যাডভোকেট যা করেছে খুব ভালো করেছে। কিছু কিছু অসভ্যতা চরম সীমানায় পৌঁছে গেছে এদের পরিষ্কার করছে দেখে খুব ভালো লাগছে অনেক ভালো…,0,0,0,0,0,0,0
BICH_0838,তোর মুখটা দেখেছিস আয়নায়? তোর মুখটাতো বাঁদরের পোঁদের মতো। নোংরামি content বানিয়ে খাচ্ছিস,1,0,0,1,0,0,0
BICH_0839,Tmr vedio dekhey sob depression dur hoye jay haste haste sob kosto dur hoye jay segulo ki r hobe na,0,0,0,0,0,0,0
BICH_0840,তোর মাথাটা সময় করে একবার দেখিয়ে নিবি,1,1,1,0,0,1,0
BICH_0841,ওই দিদি ভাইদের জন্য করছে না যা করছে আমরা পরিবেশটাকে ভালো করার জন্যই পড়তে একদম ঠিক করেছে তোমাদের এইখানে শাস্তি দেওয়া উচিত।,0,0,0,0,0,0,0
BICH_0842,বোঝা যাচ্ছে তুই হচ্ছে আস্ত নোংরামি একটা কি বলবো পাগল বললেও অন্যায় মাতাল বললেও অন্যায় কি বলবো ভাষা নেই তোর,1,0,0,0,0,0,0
BICH_0843,হায়রে বিএনপির পুলাপান গাজাকুর কে নেতা বানায় বোকা সুদা রা,1,0,0,0,0,0,0
BICH_0844,একটা পুরো পাগল পাবনা লোকজন কি ঠিক পাচ্ছে না,1,0,0,0,0,1,0
BICH_0845,হু আর ইউ বলে সময় সময় যেহারে চেচাসিস ছাগল লাগছে,1,0,1,0,0,0,0
BICH_0846,নয়তো ওনি পাগল নাহয় আমি পাগল,1,1,1,0,0,0,0
BICH_0848,Tomader moto nongra der theke er theke beshi kora jai na.,1,0,0,0,0,0,0
BICH_0850,এসকল ডাকাতের হাতে হাতকড়া আর পায়ে ডান্ডাবেরি দেখতেছি না কেন। এরা জাতীয় ডাকাত।,1,0,0,0,0,0,0
BICH_0851,কুত্তা ইউনুস এগুলোর হিসাব দেওয়া লাগবে বান্দির পোলা তুই আমার বালের সরকার যে অপরাধ করছে তারাও ধরলি যে অপরাধ করে নয় তারাও ধরলি খানকির পোলা,1,0,0,1,0,0,1
BICH_0853,চুপ কর বকা চো দা,1,0,0,1,0,0,1
BICH_0855,"Saydul Hoque Raju মামা,তোর মাঠের ফসল,এইবার ঘরে উঠানোর পালা",0,0,0,0,0,0,0
BICH_0856,তুই কমেন্ট গুলো পড়ে দেখিস? কেউ তোকে সাপোর্ট করছে না এতো ফালতু বকিস না।,1,0,0,0,0,0,0
BICH_0857,হেভিওয়েট চোর সব।,1,0,0,0,0,0,0
BICH_0860,"এই সম্পদ, এই ক্ষমতা, কোন দাম নেই। যে ক্ষমতা এবং সম্পদ জীবনের শেষ বয়সে অসম্মানিত করে। সবচেয়ে নোংরা এবং অসম্মানিত পেশার নাম হচ…",1,0,0,0,0,1,0
BICH_0862,এই শালা কোন পাগল নাকি,1,0,0,1,0,0,0
BICH_0863,"শালা এমন করে কা একটু জন্য উপরে ওঠে যেত,,,এর কি কোন আত্মীয় স্বজন তারা তারি পাবনায় পাঠিয়ে দাও,,,আসলে কি বিএনপির রুচি এই রকম,,,",1,0,0,1,0,1,0
BICH_0864,এইটা একটা ছোট খাটো ডিঙ্গি নৌকা মনে হয়,0,0,0,0,0,0,0
BICH_0865,তোর বাপ কটা একটা হলে এরম তো হতে পারিসনা বাপ মায়ের শিক্ষার অভাব,1,0,0,0,0,0,0
BICH_0866,"বেশি পাল পাক নাম ও করোনা, করো তো ওইসব নোংরা বালছাল ভিডিও উনি যা করছেন সঠিক করছেন।",1,0,0,1,0,0,0
BICH_0867,"অসভ্য, অভদ্র , তোর আচরণ, আর তোর মুখ টা গু এর মতন, ছোটোলোকামীর একটা সীমা আছে, বর্বর কোথাকার।",1,0,0,1,0,0,0
BICH_0868,Ja korche sangita didi thik korecha ...tomader moto faltu lokjon der jonno aguloi uchit...,1,0,0,0,0,0,0
BICH_0869,বেশী বাড়াবি আবার কাংলাদেশে পরিনত হয় যাবি শালা হারা** বাচ্ছা গুলো... অবৈধ পাকিস্তানি শয়তানের দল,1,0,0,1,0,1,0
BICH_0870,এই হিজরে শালা কথা সামলেতে হয় বল,1,0,0,1,0,1,0
BICH_0871,এই মাগির পুতের ফেসবুক আইডিটা কেউ খায় দেয় না কেন ??,1,0,0,1,0,0,1
BICH_0872,তাহলে কি তোর বাবার ফেসবুক,1,1,1,0,0,0,0
BICH_0873,"Arnab Onu Khan ওরা নির্লজ্জ, এক কথায় ফাসেক।",1,0,0,0,0,0,0
BICH_0874,"Tomar kaj lajja nei,janjal kit vag",1,0,0,0,0,0,0
BICH_0877,Ki rokom murkho hola. Manush vhul kora o boro boro kotha bola. Ar sob thaka boro uni akjon advocate somaj ka thike poth a nia …,1,0,0,0,0,0,0
BICH_0878,"সরকার সরকার অবনতীকালীন সরকার,,যেই খেলা দেখাইতেছে,, তা এই বিশ্বে এই বাংলাদেশকে নিকৃষ্ট বাংলাদেশ হিসাবে গড়ে তুলতেছে,,বাংলা একদি…",0,0,0,0,0,0,0
BICH_0879,Pagol chagol abnormal sandy saha. Legal action against you was nesscery,1,0,0,0,0,1,0
BICH_0880,"Md Rasel Sheikh আগে যে ডান্ডাবেরি দিত, কোমরে রশি দিত। কেন দিত? রায়ের আগে কিভাবে বুঝলেন মিথ্যা মামলা। মিথ্যা মামলা হলে এত আয়োজন কেন?",0,0,0,0,0,0,0
BICH_0883,"তোর মুখটা হল কুকুরের মত দেখতে, ছেলে হয়ে মেয়েদের নাইটে মেয়েদের পোশাক মেয়েদের প্যাড ইউজ করছিস আবার লজ্জা করে না মেয়েদের ব্র…",1,0,0,0,0,1,1
BICH_0884,কুকুরের লেজ কোন সোজা হয় না হারামি বাচ্চা,1,0,0,1,0,0,0
BICH_0885,আলোকহীন ল্যাম্পপোস্ট ঐ গুলা কি???,0,0,0,0,0,0,0
BICH_0886,ডক্টর ইউনুস এই বর্বরতার জবাব একদিন তোমাকে দিতে হবে ক্ষমতার বড়াই সবসময় থাকেনা। এটাই সত্য,0,0,0,0,0,0,0
BICH_0887,"বাঁশ টা ভালোই দিয়েছে, নোংরা ভিডিও করা এবার বেরিয়ে যাবে",1,0,1,1,0,0,0
BICH_0888,এই টা কে কেউ পাগলা খানা নিয়ে যান,1,0,0,0,0,1,0
BICH_0889,"সাংবাদিকদের খেয়ে কাজ নাই,,,তাই এই পাগলের ইন্টারভিউ নেয়",1,0,0,0,0,1,0
BICH_0890,Toder moto faltu manus guloke rastai namiye marte hoi faltu kothakar nigera nogramo koris fb te ese abar keo potibad korle g…,1,0,0,0,1,0,0
BICH_0891,একটা ছেলে হয়ে মেয়েদের মতো করিস আবার নোংরামো করিস আবার লাইভ করে ভাট বকছিস,1,0,0,0,0,1,0
BICH_0892,FB ta ki tor baper ghor gadha,1,0,0,0,0,0,0
BICH_0893,এদের হাতকড়া ও কোমরে রশি কোথায়???কোথায় গেল সেই ক্ষমতার দাপট আল্লাহ উত্তম ফয়সালাকারি,0,0,0,0,0,0,0
BICH_0894,তোর লজ্জা নেই নাইটি পরে বোসে আছিস পাগলা চোদা চল হাট,1,0,0,1,0,0,1
BICH_0898,"প্রথমে ভুলে করে Love রিয়্যাক্ট পড়ে গেছিলো,,,পরে ha ha দিতে গিয়ে দেখি এমবি শেষ মাথা পুরাই নষ্ট যে করেই হোক ha ha দিতেই হবে…",0,0,0,0,0,0,0
BICH_0899,Sandy Sahar je nijer o jonmo nishiddho polli te seta o aro ekbar proman korlo or mukher vasha diye. Or moton janowar ke jara …,1,0,0,0,0,0,1
BICH_0902,Tui sala ekta gu khor,1,0,0,1,0,0,0
BICH_0903,"Didi eta akta pagli,ake pagla garode dhokanor babasta kara hok",1,0,0,0,0,1,0
BICH_0904,শালায় চান্দুরার ফেনসিডিল খায়।,1,0,0,1,0,0,0
BICH_0906,Ai video ta pore dekhis.... nijer body language dakh... puro mental lagche toke dekte.. actually toder moto lok der moto talen…,1,0,0,0,0,1,0
BICH_0907,"বেশ করেছে তু্ই ভয় পেয়েছিস,------",1,1,1,0,0,0,0
BICH_0908,আপনি খুব ভালো কাজ করছেন ম্যাডাম। অসভ্যতায় ভরে গেছে ফেসবুক টা। এই জঞ্জাল গুলো সাফ করাই উচিৎ। …,0,0,0,0,0,0,0
BICH_0909,"এই চোরদের হাতে,কোমড়ে দরি/ রশি দিয়া বাঁধেনাই কেনো?",1,0,0,0,1,0,0
BICH_0911,এই টা পেট না অন্য কিছু? মাঝে মাঝে মনে হচ্ছে পাগল হয়ে যাব উফ,1,1,1,0,0,0,0
BICH_0913,বয়েস কলেজে মাইয়া পড়ে কেমনে।আমরা যে গার্লস কলেজে পড়ি না,0,0,0,0,0,0,0
BICH_0914,একটা অন্যায়কে লুকোতে আরো একশোটা অন্যায় করছে۔۔۔আমরা সাধারণ মানুষরা ওনাকে দায়িত্ব দিয়েছি এই নোংরামি গুলো বন্ধ করার۔۔۔,0,0,0,0,0,0,0
BICH_0915,A sala pagla choda acha,1,0,0,1,0,0,1
BICH_0916,এই জানোয়ারের বাচ্চাগুলো যতদিন দুনিয়ায় থাকবে ততদিন শান্তি আসবে না,1,0,0,0,0,0,0
BICH_0919,আমরা কী ঘোরের মধ্যে আছি? একটা হাফ লেডিস বলে বাংলাদেশের সুদর্শন পুরুষ ?,1,0,1,0,0,1,0
BICH_0923,পাবনায় পাঠিয়ে দাও এই পাগলিটাকে।,1,0,0,0,0,1,0
BICH_0925,পাগলের আড্ডা বসছে সবাই,1,0,0,0,0,0,0
BICH_0929,ডক্টর শফির রহমানের কথায় আমরা জামাতের সব লোক একমত,0,0,0,0,0,0,0
BICH_0930,Mehedi Anwar নিচের লিংকে গিয়ে অর্ডার দিন ভাই https://presidentialserviceawards.gov/award-packages,0,0,0,0,0,0,0
BICH_0931,Tui akta pagla choda,1,0,0,1,0,0,1
BICH_0932,কোনটা ইগনোর করবে? সব যদি viewes এর জন্য উল্টো পাল্টা ভিডিও বানায়... তাহলে কি আমরা সোশ্যাল মিডিয়া(সামাজিক মাধ্যম) ব্যবহার করব…,0,0,0,0,0,0,0
BICH_0933,তুই ভয় পেয়েছিস বুঝতে পারছি আমরা,1,1,1,0,0,0,0
BICH_0934,তোমার মত নোংরা মানুষদের জন্য সমাজ নোংরা হয়ে যাবে,1,0,0,0,0,0,0
BICH_0936,Ayi meye ta ke Or baba maa ki Mental Hospital e pthay na keno?,1,0,0,0,0,1,0
BICH_0938,টেলিগ্রাম থেকে দৈনিক ৫০০ থেকে ১০০০ টাকা ইনকাম করতে চাইলে নিচে দেওয়া বটে জয়েন করে কাজ শুরু করে দিন ইনস্ট্যান্ট পেমেন্ট বিকা…,0,0,0,0,0,0,0
BICH_0940,খুব সুন্দর অসাধারণ একটা নাটক। এই নাটকটি দেখতে নিচের YouTube লিংকে ক্লিক করুন Full Drama …,0,0,0,0,0,0,0
BICH_0941,মামা ভাগনে খুব সুন্দর ডান্ছ হয়েছে।,0,0,0,0,0,0,0
BICH_0942,উনি একদম ঠিক করেছেন... তোদের মতো জানোয়ার গুলোর জন্যই সমাজের আজ এই অবস্থা,1,0,0,0,0,0,0
BICH_0943,"আল্লাহ সুন্দর করে সৃষ্টি করছেন তা তাদের পছন্দ নয়, তাই এক একটা নিজেকে বানিয়েছে নরকের কীট",1,0,0,0,0,0,0
BICH_0944,Sali ekta jinis re,1,0,0,1,0,0,0
BICH_0945,হাতে মাল একটু বেশি খাইয়া লাই,1,0,0,0,0,0,0
BICH_0946,তোর বাবা কে দেখা,0,0,0,0,0,0,0
BICH_0947,আমরা পাবলিক এত সচেতন যে এই ধরনের লোকদেরকে পচাতে গিয়ে আরো প্রোমোট করি। আমরা যদি এই ভিডিওতে লাইক কমেন্ট না করি দেখবেন এরা ঠিক পচ…,0,0,0,0,0,0,0
BICH_0948,কোমরের রশি. হাতকড়া..হেলমেট.. গায়ের য্যাকেট কিছুই তো নাই,0,0,0,0,0,0,0
BICH_0949,"Hafez Shahjahan jara angry react diche odi sob chor,khuni hasinar moto chor",1,0,0,0,0,0,0
BICH_0950,"তুই ব্যাটা একটা pagla,, সালা",1,0,0,1,0,0,0
BICH_0951,"কিরে দালাল, শালার পুতকোত্থেকে বেরোলি?",1,0,0,1,0,0,0
BICH_0952,সাধারণ মানুষ ওনার পাশে আছে সোশ্যাল মিডিয়া টা তোদের নিজের সম্প্তি না মনে রাখিস তোরা চরম ফালতু,1,0,0,0,0,0,0
BICH_0953,Pagla r bollm na,1,0,0,0,0,0,0
BICH_0955,"খুবই দুঃখজনক, এরকম নিকৃষ্ট ফ্যাসিবাদী দল এবং যারা এর সাথে যুক্ত সবাই কে নিষিদ্ধের জোর দাবি জানাচ্ছি সেই সাথে গণ হত্যার বিচার দাবি করি।",1,0,0,0,0,0,0
BICH_0957,ঐ জানোয়ারদের কে ফাঁসি কার্যকর করা হোক অবিলম্বে,1,0,0,0,1,0,0
BICH_0960,"এই গুলার কোমরো দড়ি হাত কড়া কই...?? জেল হাজতের ভেতরে এরা আয়রন করা,পাঞ্জাবি পেন্টে কোথায় পায়....??",0,0,0,0,0,0,0
BICH_0961,তোর মুখটা কিন্তু কুত্তার পু t kir মতো যাইহোক কেস খেয়ে পাগোল হয়ে গেছিস,1,0,0,1,0,0,0
BICH_0963,আর নাম পাইলো না মাদাচোদ,1,0,0,1,0,0,1
BICH_0964,"তুই আগে কমেন্টে এসে একবার দেখ, তোদের মতো জঞ্জাল দের কতো জন মানুষ পছন্দ করে, তোদের মতো জঞ্জাল মুক্ত সমাজ চাই আমরা। উনি অনেক ভালো কাজ করছেন।",1,0,0,0,0,0,0
BICH_0966,Porai pagol. BNP pagoler factory,1,0,0,0,0,0,0
BICH_0967,কোটি টাকার গাড়ির অপরে আমরা হ্যাগো দি,0,0,0,0,0,0,0
BICH_0968,"উনি যদি ভাইরাল হওয়ার জন্য এটা করেও থাকে, তবু ভালো কাজ করে ভাইরাল হচ্ছে তোমাদের মত নোংরামি করে না।",1,0,0,0,0,0,0
BICH_0971,যে সঙ্গীতা মেমে করেছে আর এমনিতেই মাথার তার কেটে গেছে। আমার তো খুব আনন্দ হচ্ছে যে সোশ্যাল মিডিয়ার থেকে আবর্জনা কর এক ভাবে সাফ …,1,0,1,0,0,1,0
BICH_0975,শালায় মনে হয় গাঞ্জা খায়,1,0,0,1,0,0,0
BICH_0976,Ki nongra vasa chi,0,0,0,0,0,0,0
BICH_0979,"অভিশপ্তময় জীবন কেমন হয় তাকে দেখলেই বোঝা যায়, নোংরামি করার উদ্দেশ্যে সার্জারি করে যাঁরা জীবিত অবস্থায় নিজেকে মৃত দেখতে চায় তাদ…",1,0,0,0,0,0,0
BICH_0980,Tomra kaj gulo sotti nogra korcho.amader somman nosto korchen.she doing well for us society,1,0,0,0,0,0,0
BICH_0981,"রাজাকারের দেশে সব কিছু সম্ভব, হিন্দুদের কিছু হলে শালা রা তখন চোখে দেখে না।",1,0,0,1,0,0,0
BICH_0982,ওরে ট্যালেন্ট আমার বাগেরহাটের লোকের! এগুলো আবার মিডিয়া কাভারেজও পায়! Shame!,1,0,1,0,0,0,0
BICH_0983,জাতি জানতে চায়- সন্ত্রাসীীদের হাতকড়া এবং কোমরের রশি কোথায়?,0,0,0,0,0,0,0
BICH_0984,Roni Ahmed pa chat ga sala or.... or moton madarcod re eii Bangladesh e ekhno jayga diche etai to beshi,1,0,0,1,0,0,1
BICH_0985,"ফালতু, কিছু বুঝিস, তুই চুপ",1,0,0,0,0,0,0
BICH_0987,"যেটা হয়েছে, ঠিক হয়েছে—বরং অনেক আগেই হওয়া উচিত ছিল। কিছু বৌদি টাইপ মানুষ নিজেদের প্রচারের নেশায় এমন অশালীন ভিডিও বানায় যে,…",0,0,0,0,0,0,0
BICH_0990,পাকি ছাগলা মুর্দাবাদ।,1,0,0,0,0,1,0
BICH_0991,"চৈতালী ভট্টাচার্য্য নোংরা মানুষ,পুলিশ ব্যবস্থা নিক,সমাজ টাকে নষ্ট করে দিচ্ছে,পরের জেনারেশন টাকে শেষ করে দিচ্ছে একেবারে।",1,0,0,0,0,0,0
BICH_0992,পাগলী চ*** ভেরি বেশি বেরো না,1,0,0,1,0,1,1
BICH_0993,গাঁজাখোরের সমর্থক এর অভাব নাই বাংলাদেশে,1,0,0,0,0,0,0
BICH_0996,"হারামজাদাদে,র হাত কড়া কোথায়, সব গুলোর কোমরে এবং পেছনে হাত বেধে নেয়া হোক",1,0,0,1,1,0,0
BICH_0997,তোমরা জনগনকে কম কষ্ট দেও নাই,0,0,0,0,0,0,0
BICH_0998,"দুর দৃর..…. ফালতু, পৃথিবীর জঞ্জালগুলো সব।",1,0,0,0,0,0,0
BICH_1000,ইনি পাগলাগারদে এর বাইরে কেনো,1,0,0,0,0,1,0
BICH_1002,"উনি যদি ভাইরাল হওয়ার জন্য এটা করেও থাকে, তবু ভালো কাজ করে ভাইরাল হচ্ছে তোমাদের মত নোংরামি করে না।",1,0,0,0,0,0,0
BICH_1003,তোর জীবনেও লজ্জা শরম হইব না তোর আলো চোরের গুষ্টি,1,0,0,0,0,0,0
BICH_1004,Hijra chup thak gay tor bal hok,1,0,0,1,0,1,0
BICH_1007,তোমাদের মত ফালতু ছেলেদের জন্যই আজ দেশটা খারাপ হয়েছে এত,1,0,0,0,0,0,0
BICH_1009,Toder moron hoi na kno re,1,0,0,0,1,0,0
BICH_1010,Mental somosha ache dada tomar akta kaj koro aktu psychiatrist dekhao Mara tumi chodon chatni lok jokun vlo korche tomar ki p…,1,0,0,1,0,1,1
BICH_1011,নোংরা লোকেদের শাস্তি হোক কিন্তু তুমি bhalo tomar comedy bhalo lage..tomar dos nei,0,0,0,0,0,0,0
BICH_1012,ইউনুসের দোষ কী যত মুসলিমরা এই কাজ করে,1,0,0,0,0,1,0
BICH_1013,কি অসভ্য লোক তুমি লজ্জা সরম নেই তোমার,1,0,0,0,0,0,0
BICH_1014,"এ হচ্ছে মা*র ছেলে , এরা কি কোনোদিন ও নোংরামি আর গু খাওয়া ছাড়বে না ।।",1,0,0,1,0,0,0
BICH_1016,Awami league bole desh lute khyse BNP ses kore dise ..hitay 20yrs por jail theka ber hoe Rang rover kemne ki...amra to 29yrs k…,0,0,0,0,0,0,0
BICH_1017,Sala faltu chele sendo Saha,1,0,0,1,0,0,0
BICH_1018,তোর মা বাপ কি এসব শিখিয়েছে,0,0,0,0,0,0,0
BICH_1019,Moody Moon ঠিকই বলছেন আমরা তো people,0,0,0,0,0,0,0
BICH_1020,"মানুষ যদি একে ভোট দেয়, তাহলে বুঝবো মানুষের মনুষ্যত্ব মরে গেছে।",0,0,0,0,0,0,0
BICH_1021,এদেশ শুধু রাজনীতিবীদ দের আমরা সবাই জাতাকলে পিস্ট,0,0,0,0,0,0,0
BICH_1022,Uni ja korechen akdm thik korechen..osovvo akta....puru mental....,1,0,0,0,0,1,0
BICH_1023,"এই চোরদের কিভাবে ডান্ডাবেরি ছাড়া জামাই আদর করা হয়, জাতি জানতে চাই!",1,0,0,0,0,0,0
BICH_1025,"তুই তো একটা মানসিক ভারসাম্যহীন রোগী । তোর মত বেহায়া , নির্লজ্জ আর কেউ নেই।",1,0,0,0,0,1,0
BICH_1027,ভাই তোমার ভেতর এতো প্রতিভা রাখেন কইযারা মজা নিচ্ছেন তাদের কে বলছি তোমরা পারলে ঠেলা গাড়ি বানিয়ে দেখাও,0,0,0,0,0,0,0
BICH_1028,এরা কিছু হলেই বদনাম করতে আসে মুসলিমরা নাকি ভারতবর্ষে হিন্দুদের দ্বারা অত্যাচারিত হচ্ছে। কোথায় তারা কোথায়?,0,0,0,0,0,0,0
BICH_1029,Chi chi ki মুখের ভাষা thik koreche uni tor name case koreche pagol hoagechis tui,1,0,0,0,0,0,0
BICH_1030,Ai too pagol. Addicted,1,0,0,0,0,0,0
BICH_1031,এম স্বপন মিয়া তুমি কি চুল ছিড়ছো ২৪ এর ছাত্র আন্দোলন করে কুলাঙ্গারের বাচ্চা??,1,0,1,0,0,0,0
BICH_1033,Pagla chodar moton kotha....protita manush er bekti goto life ache.barite jevabe thako rastai berole nischoi sei vabe thako na…,1,0,0,1,0,0,1
BICH_1034,তুই তো একটা পাগল মনে হচ্ছে,1,0,0,0,0,0,0
BICH_1037,"Ashik Bin Majibur শিখিত গাধা।।। ভাল করে শুনুন, আবার শুনুন",1,0,1,0,0,0,0
BICH_1038,Tor dudu duto ke nichar biche tuto kula lagichis haf khanki,1,0,0,1,0,1,1
BICH_1039,"অসভ্য বর্বর আওয়ামী লীগ, হায়েনা লীগ,এটাই তাদের চরিত্র।",1,0,0,0,0,0,0
BICH_1041,Roni Ahmed তোর মায়ের ভাতার নাকিরে টোকাই আফ্রিদি!,1,0,0,1,0,0,1
BICH_1042,সঙ্গীতা ম্যাডাম আপনাকে পূর্ণ সমর্থন রইল।,0,0,0,0,0,0,0
BICH_1043,Muhammad Sobuj বাচ্চারা দুষ্ট কথা বলে না পাপ হবে,0,0,0,0,0,0,0
BICH_1045,Tui ekta asto chagol.. Mental,1,0,0,0,0,1,0
BICH_1046,Uni ja koreche besh koreche ...tomader moto koto gulo pagla creator facebook er jonjal chara kichu na,1,0,0,0,0,0,0
BICH_1048,প্রতিভা সব বাংলাদেশে আর আমরা খুজি অন্য দেশে,0,0,0,0,0,0,0
BICH_1049,পাগল তো তার চেয়ে ভালো আছে,1,1,0,0,0,0,0
BICH_1050,আমরা সবাই দিদিভাই এর পাশে আছি যা করার করে নেও।,0,0,0,0,0,0,0
BICH_1051,"উর্বর দুই পাহাড়,ভাগ্য তো তাহার যে করিয়াছে আহার",1,1,1,0,0,0,1
BICH_1053,এদের হাতকড়া এবং কোমরে রশি কোথায়? ইউনুস সরকারের এই চুশীলতা দেখলে মাথা গরম হয়ে যায়।,1,0,1,1,0,0,0
BICH_1056,"আমার মনে হয়,এটা পেট না দুধ সার্জারি করার কারণে এই অবস্থা হয়েছে। নিচের দিকে ঝুলে গেছে। এটা আল্লাহর গজব।",1,0,0,0,0,0,1
BICH_1059,খাঃনকি একটা sandi magi,1,0,0,1,0,1,1
BICH_1060,"চাঁন্দা ভাই BNP ,চাঁন্দা ভাই ছাত্রদল ।কুত্তালীগ,…",1,0,0,0,0,0,0
BICH_1061,তোমার মতো পাগলরা পরে নাইটি,1,0,0,0,0,0,0
BICH_1062,tomara akhon pagol hoya gahco khuub valo korcha oi madam tomadar jono fi book dhaka ji naa ar akta kotha bole tomak akhon a…,1,0,0,0,0,0,0
BICH_1063,নোংরা রাজনীতি করলে এরকমই হয়,0,0,0,0,0,0,0
BICH_1065,ড. ইউনূস স্যারকে ধন্যবাদ জানাই হাসিনার মত অপরাধীদের মত কোমরে দরি না বাধার কারনে,0,0,0,0,0,0,0
BICH_1066,"Redwan Ahmed আমার মা আর তোর মধ্যে ব্যবধান করিনা। কষ্ট হয়, তোর জংলী জানোয়ার কে কিভাবে মা জন্ম দিল? লালন পালন করল? তুই দুনিয়াতে…",1,0,0,0,0,0,0
BICH_1067,Mukher vasa gulo thik kor evabe gala gal korchis jokhon duto danda porbe na tui kno tor bap o thanda hoye jabe evabe live ese …,1,0,0,0,1,0,0
BICH_1068,পাগল ছাগলের দেশ বাংলাদেশ।,1,0,0,0,0,1,0
BICH_1070,"Tui akta nonsense seta sadharon public jane tui o jnis , kintu tui nirlojjo tai esob patta dis na ,,, Tora nirlojjo oder kutta der union bana",1,0,0,0,0,0,0
BICH_1071,রাশিয়ান বৌদিকে সাপোর্ট করছে সব এক গোয়ালের গরু তাই সাপোর্ট করছে,1,0,0,0,0,0,0
BICH_1072,Nasimul Haque দেশের সর্বোচ্চ বাহিনীর সদস্যরা তাদের হেলিকপ্টার দিয়ে নিরাপদ জায়গায় রেখে ফিরে এসেছে। মূর্খরা বলছে পালিয়ে গেছে।,1,0,0,0,0,0,0
BICH_1074,এটা মানসিক ভারসাম্যহীন,1,0,0,0,0,1,0
BICH_1076,Pagol chagol abnormal sandy saha. Legal action against you was nesscery,1,0,0,0,0,1,0
BICH_1078,এই অমানুষ গুলোকে ডান্ডা বেরি পরানো হলো না কেনো?,1,0,0,0,0,0,0
BICH_1081,আপা আমরা ভালো নেই,0,0,0,0,0,0,0
BICH_1083,তুই ওই ম্যাডামের পা ধুয়ে জল খা অসভ্য একটা,1,0,0,0,0,0,0
BICH_1085,পাঠি তোর মরণ হয় না,1,0,0,0,1,0,0
BICH_1088,"Khub valo kore uni,,,anek agai arom kichu kora uchit Chilo,,,,faltu",1,0,0,0,0,0,0
BICH_1091,তোমার ভাষাটা ঠিক কর । তুমি দাদা না দিদি না কি আমরা কিছু বুঝতে পারি না। কিন্তু একটা কথা বলছি তুমি যথেষ্ট বড় আমার থেকে কিন্তু ম…,1,0,0,0,0,1,0
BICH_1093,কেস খেয়ে কি পাগল হয়ে গেছে মনে হচ্ছে,1,1,1,0,0,0,0
BICH_1094,শালার মুখটাই বিচি চাঁচার মতো,1,0,0,1,0,0,1
BICH_1095,"Super Bangladesh,,, number One Mather Chud....Pig bachha....",1,0,0,1,0,0,1
BICH_1098,ফালতু আজেবাজে নিউজ কোথা থেকে টুকাইয়া পায় ফেরিওয়ালা নিউজ,1,0,1,0,0,0,0
BICH_1099,"তুই আগে কমেন্টে এসে একবার দেখ, তোদের মতো জঞ্জাল দের কতো জন মানুষ পছন্দ করে, তোদের মতো জঞ্জাল মুক্ত সমাজ চাই আমরা। উনি অনেক ভালো কাজ করছেন।",1,0,0,0,0,0,0
BICH_1100,"এরা কি শশুর বাড়িতে আসছে নাকিএই সূর্যের হাতে হাত করা কই, মাজায় গরুর মত রশি বান্দা হয়নি কেন। …",1,0,1,0,0,0,0
BICH_1101,Ki eki kotha bar bar bolei jache mental ekta,1,0,0,0,0,1,0
BICH_1103,Thik korca........Sandi pagol hoyagaca,1,0,0,0,0,1,0
BICH_1106,Sala block hobar kotha keno bolchis bolte deki report marte deki tor koto sahos,1,0,0,1,0,0,0
BICH_1108,কয়দিন আগে জেলে খানায় দিলো মোটা চাউলের ভাত খাইয়া এখন চিকন হয়ে গেছে,1,1,1,0,0,0,0
BICH_1111,আলেমদের কে কমরে রশিদিয়ে হাতে হ্যান্ডকাফ পরিয়ে আদালতে তুলা হত আর তাদেরকে হাতে হাত রেখে আদালতে তুলা হয়। কি দু'শ ছিল আলেমদের।,0,0,0,0,0,0,0
BICH_1113,"মানবতার দুশমন আওমীলীগকে চিরতরে রুখতে হবে। ওরা খুনী, ওরা ডাকাত ওরা বেহায়া ওরা নিঃরলজজ। ওরা গুম করে লাশও গায়েব করে দেয়। ওরা মায়ে…",1,0,0,0,0,0,0
BICH_1114,এ সমস্ত পাগল আমারও কাছ থেকে অস্থির করে তুলবে আমাদের বিএনপির বদনাম করবে আগে থেকে এদেরকে সতর্ক করা দরকার।,1,0,0,0,0,1,0
BICH_1115,আপনাকে হায়াত দান করুক সুস্থতা রাখুক আপনার মত একজন নেতাই আমরা চাই,0,0,0,0,0,0,0
BICH_1116,দেওয়ান ভাগির মত দুধ নেমে এসেছে পেটে,1,1,1,0,0,0,1
BICH_1117,Batie por... somaj ta ke nosto korche ei cheleta khamota thake talant diye poysa income kor ......er video eto baje ...bachhad…,1,0,0,0,0,0,0
BICH_1118,"উনি শিক্ষিত মহিলা তোমারার মত অসভ্য না , তোমার মত নাইটি পরে ইনকাম করতে হয় না ,, মেয়েদের ড্রেস পরে ভিডিও করো লজ্জা লাগে না তুম…",1,0,0,0,0,1,0
BICH_1121,এই পাগল টাকে জনি দা কাছে ফাটিয়ে দিলে ভালো হতো,1,0,0,0,1,1,0
BICH_1123,তোর মা বাবা আছে,1,1,0,0,0,0,0
BICH_1125,Toi pagol hoye geche,1,0,0,0,0,1,0
BICH_1126,আকাশ পথে ব্যবসা টা করলে ভালো হতো আমরা মাঝেমধ্যে বিমান থামিয়ে খাইতে পারতাম,0,0,0,0,0,0,0
BICH_1127,Pagol sara pay jhkon,1,0,0,0,0,1,0
BICH_1130,আপনি অতীব অসভ্য একটা মানুষ। আপনার থোবরা কিসের মতো? সেটা জানেন কি? এইসব করে সমাজ কে নষ্ট করছেন। আপনার কি অধিকার আছে সমাজ নষ্ট ক…,1,0,0,0,0,0,0
BICH_1131,আমাদের ভাগ্য কত খারাপ হলে এসব মানুষ নেতা হয়,0,0,0,0,0,0,0
BICH_1132,"Amra onake support kori. Block kora ta somadhan noy, nongrami dekhle mukh firiye nite nite nongra din din berei choleche. Cont…",0,0,0,0,0,0,0
BICH_1133,কুত্তা কখনো ছাগল হয়না রে পাগলা!,1,0,1,0,0,1,0
BICH_1134,পাগল ওকে কেউ পাবনা নিয়ে যাও,1,0,1,0,0,1,0
BICH_1137,Sandy Saha. আজকে পাগল হয়ে গেছে ভাই।,1,0,0,0,0,1,0
BICH_1139,"সামনে কি কোন লোকজন আছে নাকি হুদাই হাত উচা করে পাগলডায়,,,,,সালার দলডাই একটা পাগলা গারদ হইছে।",1,0,0,1,0,1,0
BICH_1140,Ashik Bin Majibur তুমি ডাকাত দলের সদস্য,1,0,0,0,0,0,0
BICH_1142,যেটা প্রশাসনের করা উচিত সঙ্গীতা ম্যাম সেটাই করেছে। আর হ্যাঁ সুস্থ সমাজ আমরা সবাই চাই বন্ধ হোক নোংরামি সোশ্যাল মিডিয়াই জয় বাং…,0,0,0,0,0,0,0
BICH_1144,নিজেই দেখো তোমার কমেন্ট box অথচ ওনার সাপোর্ট বেশির ভাগ মানুষ করছেন,0,0,0,0,0,0,0
BICH_1145,আহ্ জাতি হিসাবে আমরা লজ্জিত,0,0,0,0,0,0,0
BICH_1147,যে সমাজে মূর্খ নির্বোধ বিবেকহীন মাদক সেবনকারী ওরাজগতা তৈরি করে এদের হাতে রাষ্ট্র দিলে সেই রাষ্ট্র কতটা ডেভলপ হতে পারে সেটা বো…,1,0,0,0,0,0,0
BICH_1148,পাপ কখনো বাপকেও ছাড়ে না তারেই প্রমাণ। এদেরকে হাতকড়া কোমরে রশি থাকার কথা ছিল,0,0,0,0,0,0,0
BICH_1149,"আচ্ছাযে কথা বলছে সে পাগল , নাকি আমি যে ভিডিও দেখে কথার আগা-মাথা বুঝতে পারছি না ,,আমি পাগল?R…",1,1,1,0,0,1,0
BICH_1150,এর নাম স্বৈরাচার আওয়ামী লীগ ওরা মিথ্যার রাজা। ৭২ থেকে ৭৫ সালে বাকশালী মুজিবের অপকর্ম শাসনামলের বিষয় তারা মিথ্যা তথ্য দিয়ে উ…,1,0,0,0,0,0,0
BICH_1151,এই সব পাগলের হাত থেকে হেফাজত করুন আমিন,1,0,0,0,0,1,0
BICH_1153,এদের হাতকড়া পরানো দরকার ছিল কুমরে রশি চোরদের .,1,0,0,0,0,0,0
BICH_1154,এক পাগলের দেশ ছাড়ছে আরেক পাগলে ওই জায়গা থেকেই আমদানি হইছে।,1,0,0,0,0,1,0
BICH_1155,পাগল একটা ফেসবুকে এসে নোংরামো করিস আবার বড় বড় কথা।,1,0,0,0,0,1,0
BICH_1156,কিছু কিছু কনটেন্ট দেখতাম ভালো লাগতো এবার কিছু খারাপ ও লাগতো তবে আজ তোমার যে নোংরামি দেখলাম ভিডিও তে সেটা একজন মহিলাকে অপমান শু…,0,0,0,0,0,0,0
BICH_1158,এদেশ শুধু রাজনীতিবীদ দের আমরা সবাই জাতাকলে পিস্ট,0,0,0,0,0,0,0
BICH_1159,"পাগল হয়ে গেছে, সবাই সাইড হয়ে যাও কামড়ে দেবে",1,0,0,0,0,1,0
BICH_1160,এটা দেখার চেয়ে মৃত্যু শ্রেও তাই সকল সনাতনী এক হয়ে প্রতিবাদে নামো।হয় বজবো না হয় মরবো।,0,0,0,0,0,0,0
BICH_1161,"কি অবস্হা এ বয়সে থাকার কথা নাতি,নাতনি নিয়ে, বৌ এর ছেলে,মেয়ের ভালোবাসায়৷ তারা এখন মরন ফাদে৷ ছিঃ ধিক্কার এমন রাজনীতির৷ এমন লোভ য…",0,0,0,0,0,0,0
BICH_1162,মামা ভাগিনা দারুন হয়েছে,0,0,0,0,0,0,0
BICH_1163,আমাদের ভাগ্য কত খারাপ হলে এসব মানুষ নেতা হয়,0,0,0,0,0,0,0
BICH_1164,আরে শালা তুই নিজে একটা গুমকি,1,0,0,1,0,0,0
BICH_1165,Seriously this guy is going to lead the country ???????!!!!. Crazy person,1,0,0,0,0,1,0
BICH_1166,Tumi tomar ta niya bolo kintu nongra ta bondho koreche seta niya plzz bolo na,0,0,0,0,0,0,0
BICH_1167,ইউনূসের বাংলাদেশে কেউ নিরাপদ নয়। আমরা অসহায়,0,0,0,0,0,0,0
BICH_1169,"কুকুরের বাচ্চাদের মেরে ফেলো, সনাতনী জাগো অস্ত্র হাতে তুলে নাও",1,0,0,0,1,0,0
BICH_1170,Tr nijer thobra te kukur o mutbe na,1,0,0,1,0,0,0
BICH_1171,"এরা সব তো মোটা হয়ে গেছে,, খাওন তো মনে হয় ভিআইপি হচ্ছে",1,1,1,0,0,0,0
BICH_1174,সেই ইতিহাস ই তোর প্রতি রিভেঞ্জ নিচ্ছে...,0,0,0,0,0,0,0
BICH_1175,হিন্দু নারী ধর্ষণ ছাড়া ইসলাম ধর্মহীন ও অর্থহীন। হিন্দু নারীর যৌনাঙ্গেই ওদের ধর্ম বেঁচে আছে।,1,0,0,0,0,1,1
BICH_1176,এই অসভ্য টা এখানে ও পৌঁছে গেছে,1,0,0,0,0,0,0
BICH_1177,আওয়ামী লীগের এইসব ক্ষমতাধর পুরুষ গুলো বিচারের আগেই দেখি মরার পথে প্রায়,0,0,0,0,0,0,0
BICH_1181,Sanbi Chowdhury chup kor gandu,1,0,0,1,0,1,1
BICH_1183,"পৃথিবীর মধ্যে আমরাই নিকৃষ্ট জাতি,কারন আমাদের এমন নেতা আছে।",1,0,0,0,0,1,0
BICH_1185,Tanveer Ahmad ReEmon সাজানো গোছানো চোরের বাগান টা ছাত্র জনতা শেষ করে দিলো। এই আফসোসে লীগ শেষ হয়ে যাচ্ছে!,1,0,1,0,0,0,0
BICH_1187,Level.... Ami haste haste pagol honestly speaking....ami depression e chilam.....kichu baker lokjon der niye....ekhon …,0,0,0,0,0,0,0
BICH_1188,মধ্যযুগীয় বর্বরতা হে ঈশ্বর রক্ষা করুণ,0,0,0,0,0,0,0
BICH_1189,ম্যাডামের পেটে টিউমার মনে হচ্ছে আল্লাহ যা দেয় তা নিয়ে শুকরিয়া বলা ভালো,1,1,1,0,0,0,0
BICH_1190,এত নষ্টামি। আল্লাহ তাআ'লা হেদায়েত দান করুন,0,0,0,0,0,0,0
BICH_1191,Faltu manush era .. content name nungramo choriye beraccha apni social media loker takay gurchen .. loke video de…,1,0,0,0,0,0,0
BICH_1192,এই আসামি গুলোকে এইভাবে কোর্টে আনা ঠিক হয়নি তাদের মাঝায় থাকবে মোটা ধরনের রশি আর হাতে থাকবে হ্যান্ড কাপ,0,0,0,0,0,0,0
BICH_1193,এই বালের গাড়ি দিয়ে আমরা প্রবাসে কামলা দিতে যাই,1,0,0,1,0,0,0
BICH_1194,অকোজে অপদার্থ মেধাবীরা এদেশ ধ্বংসের কারন।,1,0,0,0,0,0,0
BICH_1196,দিদি টাকে পাগলা গারদে পাঠানো দরকার,1,0,0,0,0,1,0
BICH_1197,উপরে ফ্যান ঘুরলেই হেলিকপ্টার হয় না রে পাগলা,1,0,1,0,0,1,0
BICH_1200,"Ai sob ki mene newya jay,,,madarchod ra koto ta kharap,,,,,,Jonogon er nirapotta aj khotai,,,",1,0,0,1,0,0,1
BICH_1201,Kon level er pagol hole manush erokom behavior korte pare.... Asto pagol jotosob,1,0,1,0,0,1,0
BICH_1203,দুর্বৃত্ত কি মুসলমান বলতে লজ্জা লাগে মুসলমান আতঙ্কবাদির জাত।,1,0,0,0,0,1,0
BICH_1204,"Insan Ali হাসিনা ভোটচোর, খুনি, স্বৈরাচার, ডলার পাচারকারী, গাধার মা। সাগর-রুনির খুনি, ত্বকির খুনি, তনুর খুনি, সেনা অফিসার খুনি।",1,0,0,0,0,0,0
BICH_1205,"এই ব্যাপারটা এরম ভাবে বাড়তে থাকলে আমরা ভারতীয়রা বেশিদিন ধৈর্য ধরে থাকতে পারবো না,আর তখন সমস্যা কিন্তু ওদেরই হবে।",1,1,0,0,1,1,0
BICH_1207,Madarchod er jonma suorer pet theke jonmo neoaa madarchod er bachaa Hedar manush chee,1,0,0,1,0,0,1
BICH_1208,পাগল হয়ে গেছে পুরো,1,0,0,0,0,0,0
BICH_1209,মুখের ভাষা ঠিক কর জানোয়ার,1,0,0,0,0,0,0
BICH_1210,"এরা যদি বেলুচিস্তান দেখে না শেখে, তাহলে এই ভাবেই মরবে। এরা নিজেদের রক্ষা করতে পারবে না।",0,0,0,0,0,0,0
BICH_1211,একটাও বাংলাদেশের না সব শালা ইন্ডিয়ান মানে যারা কমেন্ট এ আওয়ামী লীগের দালালী করছে,1,0,0,1,0,1,0
BICH_1213,শয়তানের আশা কোন দিন পুরন হবেনা ইনশাআল্লাহ।,1,0,0,0,0,0,0
BICH_1214,Tui tor comment gulo poris ??? Salal dunia chhere chole gele bhai biswas kor karur kono akhhyep thakbena.. sob theke khuso hobe tor ma baba,1,0,0,0,0,0,0
BICH_1215,মন থেকে চেয়েছিলাম আপনি হোন আপু কিন্তু ভাগ্যে ছিলো না!,0,0,0,0,0,0,0
BICH_1216,"ভাই জনসম্মুখে আসেন,আমাদের জন্য কি করছেন ভালোবেসে তা জানি আমরা, জুলাই আগস্ট আন্দোলনে হারুন আঙ্কেলের সাথে আপনার বিষয় পারসোনাল,, কিন্তু কন্টেন্ট ক্রিয়েটর দের হুমকি দেওয়া জোর করে ভিডিও বানানো,, আর ছাএদের পক্ষ নিয়ে একটা ভিডিও পর্যন্ত না দেওয়া, রাস্তা নামা তো দূরের কথা,,,এসব ভুলে গেছে সবাই ভাবছেন??",0,0,0,0,0,0,0
BICH_1218,Tai nki kon pagol kotha theke ase era .er ki ma baba kichu bolena,1,0,0,0,0,0,0
BICH_1219,এই কুকুরগুলোর পায়ে ডাণ্ডা বেরি কোই?,1,0,0,0,1,0,0
BICH_1220,পাগল হয়ে গেছে ছেলেটা,1,0,0,0,0,0,0
BICH_1221,"অশালীন চলাফেরা পরিণতি মানুষ যৌবনকালে বা বুঝলেও শেষ বয়সে হারে হারে টের পায়। এটাই তার বাস্তব প্রমাণ, সামবে আরো অপেক্ষমাণ।",1,1,0,0,0,0,0
BICH_1222,Mental manush der sustho poribesh e anar jonnoi amn korche... Ja koreche.thiki koreche... Nije vlo vdo banao na ...koi keu toh…,0,0,0,0,0,0,0
BICH_1223,Mone hoy sandy saha pagol hoy gese keo take pagol khanai pathao,1,0,0,0,0,1,0
BICH_1224,আমরা adv didi ke support korchi,0,0,0,0,0,0,0
BICH_1225,নোংরা করে করে ফেসবুকটাকে একবার নোংরামি করে দিয়েছেন আপনাদের মতন মানুষরা। ভেবে পাচ্ছেন আপনাদের মানুষ বলব কিনা,1,0,0,0,0,0,0
BICH_1226,ক্যামেরাম্যান শুধু ক্যামেরার নিচের দিকেই রাখলো।,0,0,0,0,0,0,0
BICH_1227,পাগলের সুখ মনে মনে।,1,1,1,0,0,0,0
BICH_1228,এটা মেয়েদের জন্য বানানো তোর জন্য বানানো না নোংরা লোক কোথার,1,0,0,0,0,0,0
BICH_1229,এদের হাতের হ্যান্ডকাপ কই ? এত বড় বড় চোরদের হাতে যদি হ্যান কাপ না থাকে দেখতে খারাপ লাগে,1,0,0,0,0,0,0
BICH_1230,এই ছক্কা চুপ কর মাতাল দের সাথে ঘুরে বেড়ায় আবার বড় বড় কথা লাঠি মেরে বাংলা থেকে এদের বার করে দিতে হয়,1,0,0,0,1,1,0
BICH_1233,এর পরিনাম যেন ভগবান তাদের দেয় কুত্তার বাচ্চাদের,1,0,0,0,0,0,0
BICH_1234,নেশা করে পাগল হয়ে গেছে অনেকটা,1,0,0,0,0,0,0
BICH_1235,আমরা বাংগালী অকৃতজ্ঞ৷ এই জাতি শেষ। এই জাতি পুরো গেঞ্জি সমাজ নোংরা হয়ে গেছে।,1,0,0,0,0,1,0
BICH_1236,আমরা আছি ডিলার এর লগে।,0,0,0,0,0,0,0
BICH_1238,"এদেশে সবচেয়ে বড় মাপের চোর এরা,,,এদের হাত খড়া কোথায়!!!",1,0,0,0,0,0,0
BICH_1239,Onar na hoy...... moto mukh tor ki ??? Tui toh sotti jonjal toke toh age mental hospital a rakha uchit toder moto manush sorry…,1,0,0,0,0,1,0
BICH_1240,In counter karo sala khe,1,0,0,1,1,0,0
BICH_1241,প্লিজ নোংরামি বন্ধ করুন আপনাদের জন্য সমাজ নষ্ট হচ্ছে,0,0,0,0,0,0,0
BICH_1244,সঙ্গীতাদি ঠিক করেছে তোদের মত নোংরা মেয়ে মেয়ে বলবো না ছেলেগুলো বুঝতে পারছি না যাই হোক তোদের মত নোংরা পরিষ্কার করে দিচ্ছে আবর্…,1,0,0,0,0,1,0
BICH_1248,তাদের কমরে রশি কোথায়। পায়ে বেড়ী কোথায়। যখন বড় বড় আলেম দের জেলে নিছিলো বিনা দোষে তখন তাদের তো হাতকড়া ও পায়ে বেড়ী ও রশী ছিলো কমর…,0,0,0,0,0,0,0
BICH_1249,"যত নোংরামো করতে হয়, বাড়ির গণ্ডির মধ্যে করবে।",0,0,0,0,0,0,0
BICH_1250,Thik boleche uni tui ak no faltu,1,0,0,0,0,0,0
BICH_1251,১০০ ছেলের সাথে ক্লাস করলে আর যায় হোক নষ্টামি করা যাবে না। আর বয়ফ্রেন্ড....... ধন্য আপু আপনি,0,0,0,0,0,0,0
BICH_1252,"Suborno Ahmed ভাই শুধু নির্লজ্জ নয় সাথে বিবেকহীন, অনুতাপহীন এজন্যই এরা আওয়ামী লীগ।",1,0,0,0,0,0,0
BICH_1253,তোর লজ্জা নেই নাইটি পরে বোসে আছিস পাগলা চোদা চল হাট,1,0,0,1,0,0,1
BICH_1254,আল্লাহ ভালো জানেন এক পাগল থেকে মুক্তি হয়ে আবার আরেক পাগলের পাল্লায় না পড়তে হয়,1,1,0,0,0,0,0
BICH_1255,Tor babar takai hok ba tor takai hok tui kno porbo khanki magi hoba tumi,1,0,0,1,0,1,1
BICH_1256,সিড়ি তো নিচেই এগিয়ে অাসছে উপর তলায় উঠার কি যুগেে পা দিলাম,0,0,0,0,0,0,0
BICH_1257,"পাগলা তিতা মিঠা বুঝেনা, পাগলারে জিলাপী দিয়না",1,1,1,0,0,0,0
BICH_1258,জয় বাংলা দেখা হবে রাজপথে কথা হবে চোদনে,1,0,0,1,1,0,1
BICH_1260,পিনিক যখন হাটুর নিচে নেমে যায়,0,0,0,0,0,0,0
BICH_1263,যারা যুদ্ধ করার ইচ্ছা তারা শুধু লেখবেন আমরা যুদ্ধ নামবো মরার জন্য প্রস্তুত নেন,0,0,0,0,0,0,0
BICH_1265,প্রেগনেন্ট ভাবছিলাম। অসভ্য। নারী জাতির কলংক,1,0,0,0,0,1,1
BICH_1267,বাংলাদেশ সরকার ও একটা মাদারচোদ তার জন্য তো সব মুসলিম সালারা বার বেড়ে গেছে মাদারচোদ দের ধরে ধরে সালাদের হোলটাই গোড়া থেকে কেটে দ…,1,0,0,1,1,1,1
BICH_1269,"এই ফালতু বাংলাদেশে এসেও, এমন বাল ছাল পরে ভিডিও করে,ফালতু",1,0,0,1,0,0,0
BICH_1271,গুজবলীগ তিন মাস আগের রংপুরের ঘটনাকে নোংরা সংখ্যালঘু খেলায় মেতেছে,1,1,1,0,0,0,0
BICH_1272,বুবস কি ঝুলে পেটে আসছে নাকি পেটে বেবি।।।এর উপরে ফাকা কেনো,1,0,0,0,0,1,1
BICH_1273,R.H. Roman নাস্তিক এর বংশের লোক তুই আওয়ামী কুত্তালীগের অনুসারী আকাটার বীজ নরেন্দ্র মোদির জারজ সন্তান আগে মুসলমান হ মাজারপুজারী…,1,0,0,0,0,1,0
BICH_1274,পাগলের প্রলাপ। দেশবাসীর মাইরের ভয়ে পালিয়ে যাওয়া চুন্নী হাসিনা বক্তব্য দিতে পারবে একমাত্র আদালতে আসামীর লোহার খাঁচায়।,1,0,1,0,0,0,0
BICH_1275,ডায়াল কুর কোন শালায় নমিনেশন দেয়,1,0,0,1,0,0,0
BICH_1277,এই চোর গুলোর হাতে হাতকড়া নাই কেন,1,0,0,0,0,0,0
BICH_1278,Pagol chagol koto ti. Tui nija tik ho,1,0,0,0,0,0,0
BICH_1280,বিএনপি কি পাগল হয়ে গেছে.এ সব গাঁজা খোর কোথায় থেকে দরে নিয়ে আসে,1,0,0,0,0,0,0
BICH_1282,Tar kata eato pagol,1,0,0,0,0,1,0
BICH_1283,এসব চোরদের হাতকরা নাই কেন?,1,0,0,0,0,0,0
BICH_1284,বিএনপিকে ধংশ করার জন্যে এই অপদার্থ গুলোই যথেষ্ট.......!!!,1,0,0,0,0,0,0
BICH_1285,"দেশের লুটপাট করা, রাজনীতির নামে ভণ্ডামি করা, এসব থেকে তো শত গুণ ভালো।",0,0,0,0,0,0,0
BICH_1286,এত বড বড চোর ডাকাত কিন্তু হাতকড়া ডাণ্ডাবেডী কিছুই নেই।,1,0,0,0,0,0,0
BICH_1287,সব গুলা জানোয়ার।এরা পশু থেকো নিকৃষ্ট।,1,0,0,0,0,0,0
BICH_1288,তোর মাথার তার chhirechheতুই পাগলা গারদে jaa pagolতোর name ধরার khomotai nei,1,0,0,0,0,1,0
BICH_1289,কোমরে রশি বাঁধা হয়নি কেন এর তীব্র নিন্দা জানাই,1,0,0,0,0,0,0
BICH_1291,Pagol ekta. Nijer thobra ta dekh..,1,0,0,0,0,0,0
BICH_1292,কিরে দালাল কত দিয়ে নিচত,1,0,0,0,0,0,0
BICH_1293,চোরদের হাতে হাতকড়া কয় জাতি জানতে চায়??,1,0,0,0,0,0,0
BICH_1295,Tor mukh ta dekte kukurer theke baje kukur tor mukhe mute dibe,1,0,0,0,0,0,0
BICH_1296,বেশ করেছে। তোমাকে আর তোমাদের মতো যারা নোংরামি করে যারা তাঁদের জন্য একদম ঠিক একজন মানুষ এসেছে। ঠিক করেছে। ছি তুমি এত টা নোংরা তা জানতাম না,1,0,0,0,0,0,0
BICH_1300,তোমাদের বিচার ও শাস্তি চাই। চোর না শুনে ধর্মের কাহিনি,1,0,0,0,0,0,0
BICH_1301,তোকে হিজড়ে বললে হিজড়ে দের অসম্মান করা হবে তাই তোকে লিঙ্গহীন মানুষ বলে সম্বোধন করছি তোর খুব ফাটচ্ছে মনে হচ্ছে সঙ্গীতা দি যা ক…,1,0,0,1,0,1,1
BICH_1302,"Habib Rahman ইনু ""শাহাজাহান খান"" সালমান এফ রহমান "" কামরুল "" আনিস "" পলক"" এই কত্তাগুলোকে আগে মাজা ভেঙে তারপর কোর্টে উঠানো উচিত ছিল।",1,0,0,0,1,0,0
BICH_1303,তোমরা লাভের টাকা দিয়ে ফুর্তি ফ্যশান করবে আর বেতনের সময় এলে বলবে সরকার লোন দাওতামাশা করো মিডিয়ার সামনে এসে …,0,0,0,0,0,0,0
BICH_1304,Tor ma guli korse khangki,1,0,0,1,0,1,1
BICH_1305,বদলে যাওয়া নোয়াখালী চোর বাটপারদের জন্য।,1,0,0,0,0,0,0
BICH_1307,ওরে আবার বিয়ে করছে কোন ভাগ্য বান পুরুষ,0,0,0,0,0,0,0
BICH_1310,এমা তুমি কবে শালা হলে তুমি তো শালি,1,0,1,1,0,1,0
BICH_1311,তীব্র প্রতিবাদ নিন্দা জানাচ্ছি এই ইসলামের মতবাদ কে..ইসলামিক মোল্লাবাদ সমাজের ক্যান্সার. এই উগ্র হিংস্র বর্বর ইসলামিক মানসিকতা …,1,0,0,0,0,1,0
BICH_1312,এ একটা খানকি* ছেলে,1,0,0,1,0,0,1
BICH_1314,"দূর মাদারি!দেশের মানুষকে বোকা বানানো খুব সহজ, আবারো প্রমানিত হলো",1,0,0,0,0,0,0
BICH_1316,Uni ja koreche besh koreche ...tomader moto koto gulo pagla creator facebook er jonjal chara kichu na,1,0,0,0,0,1,0
BICH_1317,আবে বেনস্টোক.....সঙ্গীতা ম্যাম যা করেছেন একদম ঠিক করেছেন।আমরা ওনার সঙ্গে আছি,1,0,0,0,0,0,0
BICH_1320,Sali age bari asuk tarpore bujabo ....,1,1,0,1,1,0,0
BICH_1321,এদের হাতকড়া ও কোমরে রশি কোথায়??? ক্ষমতার দাপটে এদের চোখ মাটিতে পড়তো না,0,0,0,0,0,0,0
BICH_1322,Eder boycott Kano korey na seta e bujhi na..Somaaj er jonjaal somaaj ta k nosto korey diche ei opodartho gulo..,1,0,0,0,0,0,0
BICH_1323,Maruti M Biswas যে ভুল করে সে কখনোই দেখতে পারে না আর মূর্খ হলে তো কোন কথাই নাই,1,0,0,0,0,0,0
BICH_1324,আহারে তৈল মর্দন এখনো চলছে,0,0,0,0,0,0,0
BICH_1325,পুরো পাগল হয়ে গেছে,1,0,0,0,0,0,0
BICH_1326,Tr nijer thobra te kukur o mutbe na,1,0,0,1,0,0,0
BICH_1327,কি পরিমান পাগল হলে মানুষ গাঞ্জাখোরকে নেতা মানে শালা পাগল,1,0,0,1,0,0,0
BICH_1328,পাগলা তো গাড়ির উপরে উঠে গেল,1,0,0,0,0,0,0
BICH_1329,Ai pagol tr mental hospital pathano hok,1,0,0,0,0,1,0
BICH_1331,Manush diyacha onake right..tor moton chagol kya agai somaj thaka tarono uchitt...chagol..somaj taka aro nongra dika niya jache,1,0,0,0,0,0,0
BICH_1333,এরা দেশের জনগনকে কি দিবে।চুরি ডাকাতি করবে।,0,0,0,0,0,0,0
BICH_1334,"Nobody in there , but strangely the leader in front blowing his hands! Who is there to seeing his fanaticism !",0,0,0,0,0,0,0
BICH_1336,Malda ki always pinik a thake naki amn kore kn,1,1,1,0,0,0,0
BICH_1337,Sala nijer kotha kotha bol sala sonagachir mal,1,0,0,1,0,0,1
BICH_1338,যারা হাসছে ওরাই আসল বোকা। সে এমনটি করেছে মানুষের আকর্ষণকে কাজে লাগিয়ে ব্যবসা করার জন্য,1,0,0,0,0,0,0
BICH_1339,তুই তো বোকাচোদা তুই ভয় পাবি কেন,1,0,0,1,0,0,0
BICH_1340,দেশটা পাগলে ভরে গেছে,1,0,0,0,0,1,0
BICH_1341,এরকম মূর্খ যদি নেতা হয় তাহলে ওই জেলার কি অবস্থা হবে চিন্তা করেন,1,0,0,0,0,0,0
BICH_1342,"আসলে দোষটা তাদের না।জীবনের বড় ভূল করছি ফেইসবুক একাউন্ট খুলেমাঝে মাঝে মনে হয় আমরা ব্রিটিশদের থেকে মুক্তি পায়নি, বরং ব্রিটিশ…",0,0,0,0,0,0,0
BICH_1344,সকল নতুন ভাইদেরকে বলছি আমরা সবাই নতুন এখান থেকে এড়িয়ে যাই সবার পাশে দাঁড়ায়,0,0,0,0,0,0,0
BICH_1345,তুই যে দেশের বাইরে গিয়ে আমাদের দেশকে ছোট করে আসছিস তার বেলা। আমাদের দেশে ওরকম নোংরা মন করে কেউ বেড়ায় নাইটে পড়ে দিনের বেলা …,1,0,0,0,0,0,0
BICH_1347,পাগলামি উনি করছে না আমরা করছি,0,0,0,0,0,0,0
BICH_1348,Sala baje sandy nogra lok tor mukhe muti kutta,1,0,0,1,0,0,0
BICH_1349,আচ্ছা ওর মা-বাবা এগুলো দেখে না। নাকি পড়ালেখার নামে এসব বেলাল্লাপনা ওর পরিবারই সহ্য করে।কত বড় নির্লজ্জ হইলে ক্যামেরায় এগুলো বলে…,1,0,0,0,0,0,0
BICH_1350,বদমাইশ গুলাকে ডান্ডা বেড়ি পড়া নাই কেন।।,1,0,0,0,0,0,0
BICH_1351,"এতো দেখি জামাই আদর, আবার দেখি হাসে লক্ষনতো ভালো মনে হয় না। হেন কাপ নাই কোমরে দড়ি নাই। দেখে মনে হচ্ছে এরা জেলের ভিতর বেড মিন্টন খেলে।",0,0,0,0,0,0,0
BICH_1352,গুজব রটিয়ে দেশের ভাবমূর্তি নষ্ট করা হচ্ছে,0,0,0,0,0,0,0
BICH_1353,চুপ কর বকা চো দা,1,0,0,1,0,0,0
BICH_1354,"নিচের টা ঝুলে গেলে,,,,",1,1,0,0,0,0,1
BICH_1355,এই চোরদের হাতে হাতকরা নেই কেন?,1,0,0,0,0,0,0
BICH_1357,Kamrul Islam কুত্তালীগ,1,0,0,0,0,0,0
BICH_1358,আপনি যা শরীরের বিকৃতি করছেন আপনি নিজেকে মানুষ বলে মনে করেন,1,0,0,0,0,0,0
BICH_1359,এই কুলাঙ্গার গুলো যদি হয় দেশের নেতা আর বিএনপি নেতা তাহলে ভোটে পাস করলে দেশ কোথায় যাবে বুঝতে পারা যাচ্ছে,1,0,0,0,0,0,0
BICH_1361,সে অনেক চেষ্টা করেছিলো পা উপরে দিকে দিয়ে মাথা নিচের রেখে দারাইতে।,0,0,0,0,0,0,0
BICH_1362,হায়রে জীবন!!!! কাদের জন্য এত এত সম্পদ লুটপাট করিলে। আজ তুমি বা তোমরা জেলখানায়???,0,0,0,0,0,0,0
BICH_1363,Eta kono saadhin desher porichoy nai....okhaner chatro raa gadha...laraier naame system break kre feleche.,1,0,0,0,0,0,0
BICH_1364,Harun Or Rashid গলায় কুত্তার বেড়ি পরানো উচিৎ ছিলো ভাই।,1,0,0,0,1,0,0
BICH_1365,কুকুরের যে ৬ টা দুধ তারপরও দেখতে অনেক সুন্দর,0,0,0,0,0,0,0
BICH_1366,ঠিক ই করছে!! নোংরামি করবে আবার গর্ব করছে।Cring ভিডিও করবে আবার নাটক ও করবে,0,0,0,0,0,0,0
BICH_1368,শালীর বেটির এত বড় দুধ তোর প্যাড জানি কোথায় আছে,1,0,0,1,0,1,1
BICH_1370,আমরা সুস্থ মানসিকতার মানুষরা সঙ্গীতা দাস জানাকে সাপোর্ট করব তোমার মত ছ্যাঁচড়া পাগল কে নয়। এইরকম অদ্ভুত অঙ্গভঙ্গি কোন সুস্থ ম…,1,0,0,0,0,1,0
BICH_1375,"দেশের শীর্ষ চোর ডাকাত এরা, এদের হাতে পায়ে ডান্ডাবেরি হাতকড়া নেই কেন বিষয় টা লজ্জাজনক। অথচ আলেমদের কে কি হেনস্তা টা না করেছিল।",1,0,0,0,0,0,0
BICH_1376,টাকা থাকলে পাগলও রাজনীতি করতে পারে।,1,1,0,0,0,0,0
BICH_1378,কি দারুন দেখতে গরুর দু***ধের বান যেই রকম সেই রকমে সানাইয়ের দু**ধের বান হায়রে সানাই তুমি এতো বড় দু**ধ কি ভাবে বানালি,1,0,0,0,0,1,1
BICH_1379,আপনি ভীষণ ফালতু আছেন ..উনি একদম ঠিক করেছে..,1,0,0,0,0,0,0
BICH_1380,tui besi bar barechis pagol akta uni ka tui to barbar bolchis tor namao kach korba amra pasi achi,1,0,0,0,0,0,0
BICH_1382,আপনি ভীষণ ফালতু আছেন ..উনি একদম ঠিক করেছে..,1,0,0,0,0,0,0
BICH_1383,ঠিকই তো আছে পাবলিক যেভাবে খাচ্ছে সেভাবে খাওয়াচ্ছে। আমরা এখন এগুলাই খাচ্ছি মার্কেটে তাই ওরা মার্কেটে এগুলাই ছাড়তেছে।,0,0,0,0,0,0,0
BICH_1385,এরকম পাগলের কাছে যাবে দেশের দায়িত্ব কবে মুক্তি পাওয়া যাবে পাগল থেকে,1,0,0,0,0,0,0
BICH_1386,Bangladeshi madarchod Muslims dre kete felte hobe sala khankir chele ra,1,0,0,1,1,1,0
BICH_1387,"Md Monir এইসব সাংবাদিকদের কাজই হলো,দেশ ও জাতিকে নষ্ট করে দেওয়া।",1,0,0,0,0,1,0
BICH_1388,Pagol akta .. valo kichu vdo korte paro toh esob vul val vdo koro tar opor abar emon mukh er vasa chiii .. vul tomra korcho ta…,1,0,0,0,0,0,0
BICH_1389,তুই নাইটি পরবি না নেংটো থাকবি সেটা তোর ব্যাপার।যত সব ফালতু লোক । সমাজের কীট।…,1,0,0,0,0,0,1
BICH_1390,নিজের উগ্রতার কারণে আজ মূল্যহীন যারা আল্লাহর দেওয়া সৌন্দর্যকে মানে না সুন্দর আরো করতে চায় তাদের এই অবস্থায় হয়,0,0,0,0,0,0,0
BICH_1391,এই শালা প্রতিবন্ধীর ঘরের প্রতিবন্ধী,1,0,0,1,0,1,0
BICH_1392,পাগল সালায়ে পাগল চেদা,1,0,0,1,0,0,0
BICH_1393,এফ এম সাইফুজ্জামান সজিব খুনী ভোট ডাকাত এরা,1,0,0,0,0,0,0
BICH_1394,বাঙালি জাতি যে পাগল এটা প্রমাণ এটা,1,0,0,0,0,1,0
BICH_1397,এইসব আঙ্গারি ভাঙ্গারি ফালতু নেশাখোর গুলা বিএনপির নেতা বিষয়টা হাস্যকর হলেও সত্যি,1,0,0,0,0,0,0
BICH_1399,তোমার মুখে এগুলো মোটেও মানায় না। তুমি একটা নামকরা কনটেন্ট লেটার তুমি যদি এরকম অসভ্যের মত ভাষা ইউজ করো যা তোমার চরিত্র আচরণবির…,0,0,0,0,0,0,0
BICH_1400,কুত্তার লেজ কখনো সোজা হয় না।,1,1,0,0,0,0,0
BICH_1401,"বাংলাদেশে সবকিছুর অভাব হতে পারে যেমন খাদ্য ,বস্ত্র, শিক্ষা চিকিৎসা কিন্তু পাগলের অভাব কোনদিন হবে না",1,1,1,0,0,1,0
BICH_1402,"মানে একজন অশিক্ষিত মূর্খ হলে যা হয় , তোর বোঝা উচিত উনি একজন এডভোকেট , যে কেও নয় ওনার পরিবার উনার নাম তুলে যেভাবে গালি গালাজ…",1,0,0,0,0,0,0
BICH_1404,বলছি তোমার মুখটা কেরকম বলতো একটু নিজে কোনদিন আয়নার সামনে দেখো কাউকে বলার আগে একবার নিজের দিকে তাকিয়ে নিও। আমরা ছোট মানুষ আর কি বলবো তোমাকে,1,0,0,0,0,0,0
BICH_1405,"জ্বি ভাই আমরা বাঙালিরা অনেক আবেগী আপনি ঠিকই মাঠে আসবেন বীরের বেশে আপনার অপকর্ম গোলো একদিন সবাই ভুলে যাবে,এটাই বাস্তব",0,0,0,0,0,0,0
BICH_1407,বেশ করেছে। তোমাকে আর তোমাদের মতো যারা নোংরামি করে যারা তাঁদের জন্য একদম ঠিক একজন মানুষ এসেছে। ঠিক করেছে। ছি তুমি এত টা নোংরা তা জানতাম না,1,0,0,0,0,0,0
BICH_1409,Heater ke obosta.tar madar board er kiboard nosto hoy gese,0,0,0,0,0,0,0
BICH_1410,তুই ভালো হয় শয়তান ঠিক করেছে সঙ্গিতা মেম,1,0,0,0,0,0,0
BICH_1411,Chup kor nogra chod** toke ki bolbo meye na chale bujhte parchi na,1,0,0,1,0,1,0
BICH_1413,ঠিক করেছে একদম ঠিক করেছে এভভোকেট দিদিভাই কে আমরা সকলে সাপোর্ট করি ফেসবুক টা আজ কাল খুব খুব নোংরামি হয়েগেছে,0,0,0,0,0,0,0
BICH_1414,আমরা সবাই এডভোকেট দিদির পাশে আছি তোমার মতো জঞ্জাল সত্যি সাফ করা উচিত,1,1,0,0,0,0,0
BICH_1415,"চোরের গোষ্ঠী, নির্লজ্জ, বেহায়া, লক্ষ- কোটি টাকা পাচার করেও অনুশোচনা নেই। এটাই এ জাতির জন্য লজ্জার।",1,0,0,0,0,0,0
BICH_1420,বিকৃত মস্তিষ্ক। এদের কথার বিন্দু মাত্র প্রায়োরিটি দেওয়া উচিত না।৷,1,0,0,0,0,1,0
BICH_1422,Ei shala hijrar baccha?? …,1,0,0,1,0,1,0
BICH_1423,ভেড়া বাহিনী মাঠে ঘাস খাই,1,1,1,0,0,0,0
BICH_1424,"আপনি ছাড়া আমাদের অভিভাবক আর কেউ নাই,,, আমরা আপনার জন্য জীবন দিতে প্রস্তুত,,, জয় বাংলা জয় বঙ্গবন্ধু",0,0,0,0,0,0,0
BICH_1426,"দেশটা তো অসভ্য বর্বর জানোয়ারের দেশ হয়ে গেছে, খুন খারাবে চিন্তায় রাহাজানি চুরি ডাকাতি ধর্ষণ গাজীপুরে ঘটে গেছে নারকীয় ঘটনা। …",1,0,0,0,0,1,0
BICH_1427,এই ফালতু মাল কোথায় পান,1,0,0,0,0,0,0
BICH_1430,মানুষের এতো অধো পতন বেহায়া মহিলা,1,0,0,0,0,0,0
BICH_1431,ইনশাআল্লাহ আমরা আবারো ফিরে আসবো জয় বাংলা জয় শেখ হাসিনা,0,0,0,0,0,0,0
BICH_1432,"ওরে শালা আমার দুই বছর আগের খামারের অস্ট্রেলিয়ান গাভীর ও এতো বড় হয়নি,, এতো বড় হইলে লাখ দেড়েক টাকা লাভ হতো,",1,0,1,0,0,0,0
BICH_1433,Agula pagol hoye gese. Jail er Mal jail a manai onek,1,0,0,0,0,0,0
BICH_1434,যা করছে ঠিক করছে তোরা নোংরামো করবি তো কি করবে ঠিক করেছে,1,0,0,0,0,0,0
BICH_1435,খবরের কী অকাল চলতাছে?এমন ফালতু নিউজও প্রচার করা লাগে?,0,0,0,0,0,0,0
BICH_1436,Aha khanki mgi student go je marse tohon tmr sawah diya pani bair hoy nai?,1,0,0,1,0,1,1
BICH_1437,এই গুলা প্রচার না করে ভালো কিছু প্রচার করেন। পাগল এর সাথে পাগল হইয়েন না।,1,0,0,0,0,0,0
BICH_1438,"যারা বলতেছে নাটকের নাম কি,,, তারা কি মূর্খ নাকি,,,, নিচেই ত দেওয়া আছে নাম,, গার্ল ফ্রেন্ডের বাপ,,,,",1,0,0,0,0,0,0
BICH_1439,"হিন্দুদের জন্তু জানোয়ারের মত অত্যাচার করছিস তোরা, এর হিসাব সুদে আসলে দিতে হবে তোদের আরব বর্বরের অনুসারী।",1,0,0,0,1,1,0
BICH_1440,মূর্খরা মেয়েটিকে একটু সামলানো তো দূরের কথা বলছে একটু উঠে দাড়িয়ে কথা বলো সত্যি তোরা মানুষ রে ছিঃ,1,0,0,0,0,0,0
BICH_1442,যোবনে অনেক কিছুই ভালো লাগে। এখন বিশ্রি লাগে। দুই বছর পর এর বাল কেটে ফেলা লাগবো।,1,0,0,1,0,0,0
BICH_1443,ভাই সবাই একটা দান বাক্স খুলে দেশ বাসীর কাছ থেকে ১০ টাকা তুলে তার পুনরায় স্বাভাবিক অবস্থায় ফিরিয়ে আনতে চলুন আমরা পাশে দারাই।এগ…,1,1,1,0,0,1,0
BICH_1445,ভাই আপনার জন্য সব সময় দোয়া ও ভালোবাসা রইলো ভাই আপনি এগিয়ে যান আমরা সবাই দোয়া করি আপনার জন্য আপনি একসময় ছিলেন এখনো আছেন থাকবেন সারা জীবন আপনার জন্য দোয়া করি আরো দূর এগিয়ে যান ভালোবাসা অবিরাম আফ্রিদি ভাইTawhid uddin Afridi,0,0,0,0,0,0,0
BICH_1446,দূর শালা জীবনে কি করলাম,0,0,0,0,0,0,0
BICH_1448,তৃণমূল আওয়ামী লীগের লোকজন না খেয়ে মরতেছে। জাতীর কাছে ক্ষমা চেয়ে নতুন করে রাজনীতি শুরু উত্তম।,0,0,0,0,0,0,0
BICH_1449,তোরা বসে বসে কবিতা রচনা কর। বর্তমান বাংলাদেশে বইয়ের ভাষায় কথা বলছেনা কেউ। আর তোমরা বসে বসে কবিতার ভাষায় কথা বল।,0,0,0,0,0,0,0
BICH_1452,MD Kaium Hawlader খানকির পোলা বরিশাইল্লা মাদারচোদ যদি কোনদিন সামনাসামনি পাই,1,0,0,1,1,1,0
BICH_1455,আস্ত পাগল এই একটা মান্ডি সাহা,1,0,0,0,0,0,0
BICH_1456,এরা জঘন্য জানোয়ার,1,0,0,0,0,0,0
BICH_1458,বোকাচোদা বানানোর জন্য বাংলাদেশের মানুষ সেরা রেহ,1,0,0,1,0,1,0
BICH_1459,এই মহিলা তার যৌবনে ও ভবিষ্যতে নিজের পরিবার সহ সকলের কাছে মূল্যহীন থাকবে এই সব কর্মকাণ্ডের কারনে,1,0,0,0,0,0,0
BICH_1461,পুরাই চোরের মত দেখা যায়,1,0,0,0,0,0,0
BICH_1462,এ পুরো p****c এর থেকে ভালো কিছু ভাষা এলো না। দেখেই বোঝা যাচ্ছে মানসিক ভারসাম্য হীন. কেমন চোখ মুখ। নাক বার করে হাম্বা হাম্বা কর…,1,0,0,1,0,1,0
BICH_1463,E pagol tui chup kor who r u who r u bal,1,0,0,1,0,0,0
BICH_1464,এমন একজন ব্যাক্তিত্বহীন নেতা কি করে জন নেতা হয় - বুঝে আসেনা।,1,0,0,0,0,0,0
BICH_1465,Banasree Chatterjee Biswas আপনি আপনি করে বলবেন না এই খানকির ছেলে কে তুই বলে সম্বোধন করুন,1,0,0,1,0,0,0
BICH_1466,আর কতো নিচে নামলে আপনার অন্যায় মনর হবে,0,0,0,0,0,0,0
BICH_1467,Ato asta akta pagol baba kur,1,0,0,0,0,0,0
BICH_1468,সামনের দিক দেখে প্রথমে ভাবছিলাম দেওয়ানবাগীর হুজুর পরে মনে হলো হালায় তো মরছে,1,0,1,1,0,0,0
BICH_1472,Age to tale boliwood r toliwood bondho korte hobe Sangita jana khanki,1,0,0,1,0,1,1
BICH_1474,কেয়ামত এর আগে হাদিসে রয়েছে পারায় বাড়ি বাড়িতে মসজিদ হবে গেরামে গেরামে বাজার হবে শোধ খোর চোর ছেছড়া নেশাখোর খুনি নেতা হবে তার নমুনা,0,0,0,0,0,0,0
BICH_1477,সঙ্গীতা ম্যাডাম আপনাকে পূর্ণ সমর্থন রইল।,0,0,0,0,0,0,0
BICH_1478,বিচারের নামে তামাশা। হাত করা কই কোমরে দড়ি কই,0,0,0,0,0,0,0
BICH_1479,"Baje vabe mental hoye geche, immediately ake mental hospital deoya uchit",1,0,0,0,0,1,0
BICH_1481,"নিজেকে আয়নায় দেখিস, তোদের মতো জানোয়ারদের হাগু মাখিয়ে জুতো পেটা করা দরকার, তুই মানুষ নামের কলঙ্ক।",1,0,0,1,1,0,0
BICH_1482,ওরে শালা ফ্রিজিয়ান ভাই এতদিন কোথায় ছিল …,1,0,1,1,0,0,0
BICH_1484,A ki faltu meye...ato din koi chilo ai mohila.,1,0,0,0,0,0,0
BICH_1485,Bubu Soni emaaaa dekhe bujhte parchen na mental to chiloi aroi hoegeche,1,0,0,0,0,1,0
BICH_1487,Kno vai tor moto akta boka*** r vdo sobai kno share korbe. Sala aisob nighty pore chele gulor gaye uthe segulor vdo kore taka …,1,0,0,1,0,0,1
BICH_1489,Asob pagol theke ki sikbe manus,1,0,0,0,0,0,0
BICH_1492,শালার পো কি সবসময়ই পিনিকে থাকে নি,1,0,0,1,0,0,0
BICH_1493,Tor pod mereche bokachoda uni ja korche valo korche,1,0,0,1,0,0,0
BICH_1494,ওনার একটা ভিডিও পাইলাম না যে মার্জিত কথাবার্তা এবং অঙ্গভঙ্গি পাগলামি করে মাথায় সমস্যা আছে মনে হয়,1,0,0,0,0,1,0
BICH_1497,এদের হাতকড়া এবং কোমরে রশি কোথায়?এরা কি অপরাধী না?,0,0,0,0,0,0,0
BICH_1498,ভালো করেছে যা করেছে তোদের এই নোংরার জন্যই পরিবেশটা নষ্ট হয়ে যাচ্ছে।,1,0,0,0,0,0,0
BICH_1499,নৌকা ফিরবে শক্তিশালী হয়ে ইনশাআল্লাহ,0,0,0,0,0,0,0
BICH_1500,ফিটনেস বিহীন দীপু মনির শাড়িটা খুব সুন্দর দেখা যাচ্ছে নতুন নতুন,1,0,1,0,0,0,0
BICH_1501,Max Tanim dosto sob gulare dekhna kisu kora jai kina? notun kore pabnar pagla garod er moto kisu kora jai kina dekh.,1,1,1,0,0,1,0
BICH_1504,তোদের ভাগ্য ভালো আমি শুধরে গেছি।,1,1,0,0,0,0,0
BICH_1506,এদের থেকে জানোয়ার অনেক ভালো,1,0,0,0,0,0,0
BICH_1507,তুই তো শালা হিজরারে দেখতে,1,0,0,1,0,1,0
BICH_1508,আপনি শক্ত হন আমরা সবাই আপনার সাথে আছি,0,0,0,0,0,0,0
BICH_1509,এদের হাতকড়া ও কোমরে রশি কোথায়? তাদের কি খুব কষ্ট হচ্ছে …,1,1,1,0,0,0,0
BICH_1510,দেওয়ান বাগি মরে যাওয়ার পরে মেয়ে রুপে জন্ম নিয়েছে মনে হচ্ছে,1,1,1,0,0,1,0
BICH_1511,নিজেরা নিজেরাই শোঅফ মারায়,0,0,0,0,0,0,0
BICH_1512,পাগল হয়ে গেছে ছেলেটা,1,0,0,0,0,0,0
BICH_1514,তোমার থেকে আমরা কিছু পাই যে তোমার ভিডিও শেয়ার করব,0,0,0,0,0,0,0
BICH_1515,তুমি বাংলাদেশের জন্য মোটেই হেরে যাওনি। তুমি জিতেছো এটাই আমরা মানি।,0,0,0,0,0,0,0
BICH_1516,Sandy saha tui pagol,1,0,0,0,0,0,0
BICH_1517,দুষ্টু মেয়ে রিয়া মনি,0,0,0,0,0,0,0
BICH_1518,কোমরে বাঁধা হয়নি তো?,0,0,0,0,0,0,0
BICH_1519,তুই একটা ফালতু ছেলে,1,0,0,0,0,0,0
BICH_1520,নতুন পাগলের আমদানি।,1,0,0,0,0,0,0
BICH_1521,Toke pagla gare dite hobe,1,0,0,0,0,1,0
BICH_1523,Tui ki meyechele faltu kotha kore,1,0,0,0,0,1,0
BICH_1526,Tor moron nai kuttar odhom,1,0,0,0,1,0,0
BICH_1527,একটা উন্মাদ পাগল।কেউ share করবেন না। একে unfollow করুন।,1,0,0,0,0,1,0
BICH_1530,"Ashfiatul Aurora বাহ, বাকশালী কায়েম আর রক্ষী বাহিনীর নিশংসতার পক্ষে কত সুন্দর সাফাই গাইলেন। ৭১ যদি সত্যিই বাংলাদেশের মানুষকে …",0,0,0,0,0,0,0
BICH_1531,"কোমরে রশি, ডান্ডাপেরি কোথায়?",0,0,0,0,0,0,0
BICH_1533,শালায় পুরাই গাঞ্জুট্টি,1,0,0,1,0,0,0
BICH_1535,"মাথাটা পুরো পাগল হয়ে গেছে রে, একে তো ডাক্তারখানায় নিয়ে যা",1,0,0,0,0,1,0
BICH_1536,Sala chele hoye hijra sajis,1,0,0,1,0,1,0
BICH_1537,আমরা জয় বাংলার লোক,0,0,0,0,0,0,0
BICH_1538,তুই কি পাগল হয়ে গেছিস,1,0,0,0,0,0,0
BICH_1542,Bes kore6e je kota bje video kore nongra video kore tdr erokom hok..,1,1,0,0,0,0,0
BICH_1544,বাংলাদেশ আওয়ামীলীগ এর সমর্থক,0,0,0,0,0,0,0
BICH_1545,"বেশি পাল পাক নাম ও করোনা, করো তো ওইসব নোংরা বালছাল ভিডিও উনি যা করছেন সঠিক করছেন।",1,0,0,1,0,0,0
BICH_1547,আর সমাজটাকে যেটা তোমরা খারাপ করছো সেটা,0,0,0,0,0,0,0
BICH_1550,সব শয়তান শালা হারামির বাচ্চারা,1,0,0,1,0,0,0
BICH_1551,"Dona comedy video ta comedy obdi vlo lge nongrami te gele,russian boudi o ta toh ekdom nongra video kore sobsomoy,r eder bar b…",0,0,0,0,0,0,0
BICH_1552,এমন একজন ব্যাক্তিত্বহীন নেতা কি করে জন নেতা হয় - বুঝে আসেনা।,1,0,0,0,0,0,0
BICH_1554,দুষ্ট গরুর চেয়ে শূন্য গোয়াল ভালো ছেলেটা প্রতিবন্ধী এই সমস্ত মাজা ভাঙ্গা নেতা দিয়ে নির্বাচন হয় না,1,0,0,0,0,1,0
BICH_1555,কানাচোদামতিরও একটা লিমিট থাকে,1,0,0,1,0,0,0
BICH_1557,আমার যদি ক্ষমতা থাকতো তোকে জুতো দিয়ে পেটাতাম... অমানুষের বাচ্চা একটা,1,0,0,0,1,0,0
BICH_1559,এই মহিলাটার জিবন কুত্তার মতো হয়ে যাবে কিছু বছর অপেক্ষা কেরেন দেখতে পারবেনো,1,1,0,0,0,0,0
BICH_1561,"এই পাগলটাকে রাঁচি মেন্টাল ভর্তি কর,,এর মা বাপ কি নেই ,নাকি এইটা রাস্তার মাল,, হোমো টাকে আইনের আওতায় আনা হোক,,,",1,0,0,0,0,1,0
BICH_1562,তুই শালা ছেলে নামে কলঙ্ক বাঁদর,1,0,0,1,0,0,0
BICH_1565,মানসিকতা এত নিচু ছিঃ,1,0,0,0,0,0,0
BICH_1566,একদিন মরতে হবে সেই কথা স্মরণ করো,0,0,0,0,0,0,0
BICH_1568,"প্রতিটা ফলো আমার পরিবারের অংশ,তোমরা আছো বলেই পাই অনুপ্রেরণার স্পর্শ।…",0,0,0,0,0,0,0
BICH_1569,"খুব গরম লাগছে,,তাই না,,AC তোমর পিছনে ভরে দিবে,,সঙ্গীতা মেডাম,,",1,0,0,0,1,0,1
BICH_1570,Aapar ki makeup sesh Hoye gese apaa apnake kalo dekha jay ken,1,1,1,0,0,0,0
BICH_1571,হাতকড়া কোমরের রশি কোথায় এই যেমন জামাই আদর করে যেমন নিয়ে যাচ্ছে চোর শালারা,1,0,0,1,0,0,0
BICH_1572,"Right বলেছেন , কি অসভ্যতা",0,0,0,0,0,0,0
BICH_1574,তোদের মতো কটা কুলাঙ্গার আছে বলে সমাজ টা এতো নোংরা হচ্ছে। নোংরা গুলো।,1,0,0,0,0,0,0
BICH_1575,প্রতিবন্ধি শালা,1,0,0,1,0,1,0
BICH_1577,Umme Habiba আমিও বোকাচোদা দেখি নাইতোমাকে দেকচি,1,0,0,1,0,0,0
BICH_1578,আপনি বোকা নাকি এই সাংবাদিকগুলারে কি চোখে পড়ে না যতটা পারেন এইগুলা থেকে দূরে থাকবেন,1,0,0,0,0,0,0
BICH_1580,Ki osojjokor lage tomake...somaj take nosto korte kub valo lagche bolo... jamakapor khule ghoro... tomar kotha sune tai mone h…,1,0,0,0,0,0,1
BICH_1581,Kno vai tor moto akta boka*** r vdo sobai kno share korbe. Sala aisob nighty pore chele gulor gaye uthe segulor vdo kore taka …,1,0,0,1,0,0,1
BICH_1583,এই রকম ব্যবহার পাগল রাও করে না তুই যেটা করছিস,1,0,0,0,0,0,0
BICH_1584,"চুপ করো তুমি,, বাবা মা এর নাম ডোবাছো,,",1,0,0,0,0,0,0
BICH_1586,পাগলের সুখ মনে মনে।,1,1,1,0,0,0,0
BICH_1587,Insan Ali ভোট চোর মায়ের বড়গলা,1,0,0,0,0,0,0
BICH_1588,Sala hijra ekta...er baba jodi mayer sei rate thik thak jotno nito tobe eii nun** wala nighty didi r jonmo nito na,1,0,0,1,0,1,1
BICH_1589,"এত বাজে কথা বলছ ভিডিও তে,,তোমার নোংরা মানসিকতা সবাই বুঝতে পারছে",1,0,0,0,0,0,0
BICH_1590,এর একটি উপায় বাংলাদেশ কে দুটি ভাগ করে হিন্দু দের আলাদা জায়গা করে দেওয়া তবে বাংলাদেশ শান্ত হবে,1,0,0,0,0,1,0
BICH_1591,অশিক্ষিত ছেলে একটা বাড়িতে কি শিক্ষা দীক্ষা দেয় না মার বয়সি মেয়েকে মা বাপ তুলে গালাগাল দিচ্ছি নোংরা ছেলে সমাজের কলঙ্ক একটা,1,0,0,0,0,0,0
BICH_1592,তুমি ছেলে না মেয়ে আগে সেটা প্রমান করো জানোয়ার একটা,1,0,0,0,0,1,0
BICH_1593,Tor sthan pagla garod...asole paribarik sikhha nei,1,0,0,0,0,1,0
BICH_1594,"Khub e nongra lagchhe, kono creativity nei",0,0,0,0,0,0,0
BICH_1597,অনেক সাপোর্ট করতাম sandy saha কে। একজন মহিলাকে যেভাবে তুমি নোংরা ভাষায় কথা বলে গায়ের ঝাল মেটালে এই ভিডিওতে তাতে তুমি অনেক নী…,0,0,0,0,0,0,0
BICH_1598,"হয় আমাদের,, রাজপথে ডাকেন না হয়,, আমরা মৃত্যুর জন্যে প্রস্তুত হই!",0,0,0,0,0,0,0
BICH_1599,Sala chele hoye hijra sajis,1,0,0,1,0,1,0
BICH_1600,জনগণকে কতটা মূর্খ ভাবলে এধরণের মানুষ ও একটি দলের নেতা হয়।,0,0,0,0,0,0,0
BICH_1603,২৭বছর জেল বন্ধী থাকার পর মাথা ঠিক হয়নি.... এই পাগলের এবার পাবনার চিন্তা করেন ভাই।,1,0,0,0,0,1,0
BICH_1604,তোমার মত মানুষদের জন্য পশ্চিমবঙ্গের অন্যান্য মানুষদের জোকার ভাবে সবাই,1,0,0,0,0,0,0
BICH_1605,Tuy koto boro chutoluk tore dekla buja ja pagol ekta,1,0,0,1,0,0,0
BICH_1606,তোর মতো ছ্যাদার ধোন ছারা হোমো আচোদনা ব্যাটা ছেলে সমাজের বুকে না থাকাই ভালো। পারলে নিজেকে ভালো ভাবে প্রতিস্ঠিত করতে পারতিস.... …,1,0,0,1,0,1,1
BICH_1609,"এই ধরনের নিরীহ অসহায় একজন মেয়ের সহিত নোংরা ঘটনা যারা করছে ওরা কখনো মানুষের জাত হতে পারে না, নর পশুর তুল্য।আমি তিব্র নিন্দা ও ঘ…",1,0,0,0,0,0,0
BICH_1611,কাকে হাত দেখাচ্ছে আশেপাশে তো কাউকেই দেখছি না পাগল নাকি,1,0,0,0,0,0,0
BICH_1614,"Abrar Shahriar Shafi Think what a big fraud he is, and they have no shortage of followers",1,0,0,0,0,0,0
BICH_1615,পাগল করছে টা কি রে ভাই একে আমাদের বাংলাদেশ পাবনাই রেখে দিয়ে যাও ইন্ডিয়া থেকে,1,0,0,0,0,1,0
BICH_1618,সব চোর গুলো এক সাথে,1,0,0,0,0,0,0
BICH_1620,মিডিয়া দিন দিন বোকাচোদা হয়ে যাচ্ছে,1,0,0,1,0,0,0
BICH_1621,"উচিত ছিলো এইসব ডাকাতদের, জনগনের সম্পদ লুন্ঠনকারীদের হাতে হাত কড়া আর কমরে ডান্ডা বেড়ি পরিয়ে আনা.... তাহলে সাধারণ মানুষের চক্ষু …",1,0,0,0,1,0,0
BICH_1622,এদের চরিত্র কুকুরের চেয়ে নিকৃষ্ট। সব কয়টা জালিমের সঙ্গী,1,0,0,0,0,0,0
BICH_1623,তোদের মতো কিছু ছেলে দের জন্য সমাজ টা নষ্ট হচ্ছে তুই ছেলে না মেয়ে সেটাই তো বুঝতে পারছি না,1,0,0,0,0,1,0
BICH_1626,"Tor ghorer ac bandha hoe jabe ,ami chai",1,1,0,0,0,0,0
BICH_1627,এই বুড়া চোরদের হাতে হাত করা কোমরে রশি কোথায়,1,0,0,0,1,0,0
BICH_1628,এটা কোন পাগল আবার ফজলুর ভাই নাকি,1,0,0,0,0,0,0
BICH_1630,Pagol naki!!nijer mukhta dekho ar nijer capacity r sathe ekhon advocate er tulona!!!osikkhar chorom porjay.mukh diye dekhte di…,1,0,0,0,0,0,0
BICH_1632,Tui Ekta faltu mal,1,0,0,0,0,0,0
BICH_1634,Mukher vasa gulo thik kor evabe gala gal korchis jokhon duto danda porbe na tui kno tor bap o thanda hoye jabe evabe live ese …,1,0,0,0,1,0,0
BICH_1635,আমরা হলাম সমাজের সামাজিক জীব আমাদের কাছে ক্ষমা চাইতেই হবে তুমি এত অভদ্র সে আর বলার কথা না লোকে দেখে বোঝা যাচ্ছে যে তুমি কতটা অভদ্র লোক,1,0,0,0,0,0,0
BICH_1636,"কি রাজনীতি,, যে বয়সে নাতিনাতনি সাথে কাটানোর কথা সে বয়সে জেল খাটছে। এই নোংরা রাজনীতি নোংরা মনমানসিকতা বন্ধ হোক।আগামী প্রজন্ম থেকে।",1,0,0,0,0,0,0
BICH_1637,যারা যারা ভালো মানুষ তাঁরা কিন্তু এই পৃথিবীতে থাকছে না ঈশ্বর রাখছে না।।আর এই অসভ্য গুলো লাইফ টাইম দেখে যাচ্ছে।।,1,0,0,0,0,0,0
BICH_1638,Hafez Shahjahan তাহলে বাংলাদেশের মানুষের না খেয়ে মরতে হবে।,0,0,0,0,0,0,0
BICH_1639,Shamim Raza সাজানো গোছানো চোরের বাগান টা ছাত্র জনতা শেষ করে দিলো। এই আফসোসে লীগ শেষ হয়ে যাচ্ছে!,1,0,0,0,0,0,0
BICH_1642,হাত উপরে তোলার চেষ্টা করলে।। কানে নিচে দুই একটা লাগায় দেন।,1,0,0,0,1,0,0
BICH_1643,"মানসিক ভাবে অসুস্থ আপনি,একটু কাউন্সেলিং দরকার ।",1,0,0,0,0,1,0
BICH_1644,যেখানে হিন্দুরা সংখ্যাগুরু সেখানে সংখ্যালঘু মুসলিমরা সুরক্ষিত। কিন্ত যেখানে মুসলিমরা সংখ্যাগুরু সেখানে সংখ্যালঘু হিন্দুরা সুরক…,1,0,0,0,0,1,0
BICH_1645,হজরত মুহাম্মদ জন্ম না হলে পৃথিবীতে এতো পরিমাণ কুত্তার বাচ্চা সৃষ্টি হতো না,1,0,0,1,0,1,0
BICH_1646,মূর্খ নাকি তুই যা ভাষাতে চেষ্টা মনে হচ্ছে।,1,0,0,0,0,0,0
BICH_1647,"বার বার আওয়ামী লীগকে ধ্বংস করার চেষ্টা করা হয়েছে। সফল হবে না কারণ আমার জেগে আছি, আমরা বেচে আছি",0,0,0,0,0,0,0
BICH_1649,ও দেশটার বাচ্চারা নষ্ট হয়ে যাচ্ছে তাহলে তুমি এটাই চাচ্ছ ওই জন্য তুমি ছেলেদের নাইটি পড়ে ভিডিও করছো ন্যাংটা হয়ে করো তাহলে না …,1,0,0,0,0,1,1
BICH_1650,মাদারচোদের এই উপযুক্ত শাস্তি দেওয়া হোক,1,0,0,1,0,0,0
BICH_1651,নাকে নোংরা লেগে আছে,0,0,0,0,0,0,0
BICH_1652,Thik korechhe....tor mato manush der parishkar korata khub dorkar....ki mukher vasha...chhi chhi,1,0,0,0,0,0,0
BICH_1653,এই পাগলও বুঝি বিএনপির মাঝে থাকে,1,0,0,0,0,0,0
BICH_1654,বিএনপি কি পাগল হয়ে গেছে.এ সব গাঁজা খোর কোথায় থেকে দরে নিয়ে আসে,1,0,0,0,0,0,0
BICH_1656,তুই একজন ফালতু ছেলে,1,0,0,0,0,0,0
BICH_1657,সোজা কথা সেই ফালতু মহিলা,1,0,0,0,0,0,0
BICH_1658,Aare vai eke keo pagla garod e diye aso.... current er shock dite hobe...,1,0,0,0,1,1,0
BICH_1662,সঙ্গীতাদি ঠিক করেছে তোদের মত নোংরা মেয়ে মেয়ে বলবো না ছেলেগুলো বুঝতে পারছি না যাই হোক তোদের মত নোংরা পরিষ্কার করে দিচ্ছে আবর্…,1,0,0,0,0,1,0
BICH_1666,মিষ্টি মায়ের দুষ্টু সন্তান,0,0,0,0,0,0,0
BICH_1667,"মামনি সোজা সাপটা কথা টা ঘুরিয়ে বলেছে,,,,পতিতা বৃত্তি করবেন সোজাসুজি বললেই হয়",1,0,0,0,0,1,1
BICH_1668,Maruti M Biswas বিবেকে কুত্তায় হিসু করছে,1,0,0,0,0,0,0
BICH_1670,ফালতু মানুষের ফালতু নিউজ,1,0,0,0,0,0,0
BICH_1671,"সমাজের এই নোংরা গুলো পরিষ্কার হওয়া খুব দরকার ,,,,",1,0,0,0,0,0,0
BICH_1672,"সব চোরের দল ত আরামে আছে, শুধু কষ্টে আছে শেখ হাসিনা",1,0,0,0,0,0,0
BICH_1677,একটু জন্য গাড়ির উপরে উঠতে পারে নি পাগলে,1,0,0,0,0,0,0
BICH_1679,"কোন জামাই করবেননা, এরা চোর ঢাকাত চেয়ে খারাপ এদের হাতকড়া ও কোমরে রশি কোথায় ?",1,0,0,0,1,0,0
BICH_1680,আমরা আছি আপনাদের সাথে,0,0,0,0,0,0,0
BICH_1681,আমাদের দয়া-মায়া সব ইউনুস সরকার নষ্ট করে দিয়েছে.! একজন গর্ভবতী মহিলাকে এভাবে দাড় করিয়ে রাখা ঠিক হয়নি,0,0,0,0,0,0,0
BICH_1683,Eta to puro mental.,1,0,0,0,0,1,0
BICH_1684,"বা,,,লের কোটি টাকা,,,,এমন গাড়ি নিয়ে আমরা কাজে যাই",1,0,0,1,0,0,0
BICH_1686,এই শালা প্রতিবন্ধী বিএনপির নেতা তাহলে বুঝেন চোর বাটপার চিন্তাইকারি গাজাখোর যদি নেতা হয় তাহলে কি হবে,1,0,0,1,0,1,0
BICH_1687,"আপা আমরা আছি, আপনার জন্য মরতেও পারি।",0,0,0,0,0,0,0
BICH_1688,"ঠিক করেছে কেউ তো একজন তোদের ঠান্ডা করার জন্য আছে, অসভ্যতা র একটা লিমিট আছে।",1,0,0,0,0,0,0
BICH_1689,প্রশাসন টাকা খেয়ে বুকিং হয়ে জাবে বর্তমানে ইউনুস সরকার উপরে উপরে সনাতনীদের তেল মারে নিচে পুটকি মারে,1,0,0,1,0,0,0
BICH_1691,হিংসা না করে আসুন আমি আপনি আমরা একে অন্য কে সাপোর্ট এবং ভালোবাসা দিয়ে এগিয়ে নিয়ে যাই,0,0,0,0,0,0,0
BICH_1692,আমরা ঘুরে দাড়াবোই ইনশাআল্লাহ,0,0,0,0,0,0,0
BICH_1693,তুই বালটা যা ছক্কা। Bal। Mad মাল mad হাহাহাহা।,1,0,0,1,0,1,0
BICH_1696,Tui somajer sob thaka nongra guuuu...toka aga saf kora uchit....nijaer baba maa kya bhoya pela ai rokom oboter hotish na..,1,0,0,1,0,0,0
BICH_1697,তোদের মতোন মানুষকে এটাই করা উচিত তোরা ফেসবুকটাকে নোংরা করছিস সমাজটাকেও নোংরা করছিস,1,0,0,0,0,0,0
BICH_1698,Khanki magi tui nayti porbi na jangiya porbi por tate amr balo jay ase na . Kintu tui je nayti r upor a dota boldar banea ghur…,1,0,0,1,0,1,1
BICH_1699,নির্লজ্জ দশ জন্মের পিপি,1,0,0,0,0,0,0
BICH_1700,পিপীলিকার ডানা গজায় মরিবার তরে সেই অবস্থা হয়েছে এর,1,1,0,0,0,0,0
BICH_1701,Soto khato Ekta table jeikhane Cha biskit rekhe khawa jabe,0,0,0,0,0,0,0
BICH_1702,tomar jano sasti opor wala den oi mohila na parleo tomader moto nongra loker ai nogra chinalgiri bondho hok ami vogobaner kach…,1,0,0,1,0,0,1
BICH_1703,আমরা ধিক্কার জানাই ইউনুস সরকারকে।…,0,0,0,0,0,0,0
BICH_1704,এটা ভালো আইডিয়া এটা নিয়ে মজা মরার কোনো উপায় নেই সাধুবাদ জানাই,0,0,0,0,0,0,0
BICH_1705,Or Mone hoy kukur machi lageche,1,0,0,0,0,0,0
BICH_1706,নজরুল দেওয়ান পাগল,1,0,0,0,0,0,0
BICH_1707,আমরা অনেক খুশি হয়েছি সংবাদ মাধ্যমরা এত সুন্দর আমাদেরকে সংবাদ দিচ্ছে বাংলাদেশের মধ্যে এত প্রকৃতি ময় সৌন্দর্য আছে ওগুলো তুলে ধ…,0,0,0,0,0,0,0
BICH_1708,কামরুল্লা আর ইনুরে ডান্ডা বেডি দেয় না কেন??,0,0,0,0,0,0,0
BICH_1709,অসভ্য লোক একটা একদম ঠিক কাজ করেছে,1,0,0,0,0,0,0
BICH_1711,এই লোককে যারা বোকা ভাববে তারাই বড় বোকা তাস ছটফটি না সাত হলেও এই গাড়ি দেখার জন্য সবাই আসবে খেতে মন না চাইলেও খাবে,1,0,0,0,0,0,0
BICH_1712,তোমাকে তো দেখেই যেন মনে হচ্ছে পাগল একটা,1,0,0,0,0,0,0
BICH_1713,Toder pichone boro bansh ta dewa dorkar chilo. Thik koreche toder pichone bansh diyeche. Bokachoda paglachoda tui. Tor mukh de…,1,0,0,1,1,0,1
BICH_1715,Tho valovabe poro na tumi tho nari der sorman biya faltu kaj koro,1,0,0,0,0,0,0
BICH_1716,এই লেতা সংসদে গেলে সংসদ নোংরা করে দিবে,1,0,0,0,0,0,0
BICH_1718,Faltu. Khub akta valo laglo na,1,0,0,0,0,0,0
BICH_1720,আমাদের মত ছোট ছেলেদের উপর এগুলো রাখলেও আমরা উপরওয়ালার কাছে চলে যাবো।,0,0,0,0,0,0,0
BICH_1721,যতসব পাগলের খেলা বাংলাদেশে,1,0,0,0,0,0,0
BICH_1723,আপ আসসালামু আলাইকুম আমরা আছি আপনাদের দেশে আসেন ইনশাল্লাহ সর্বশক্তি দিয়ে নামবো মাঠে,0,0,0,0,0,0,0
BICH_1724,"এ কোন সাধারণ নেতা নয়লা, হাত নারচে রাস্তায় ত কুত্তা ও নাই",1,0,1,0,0,0,0
BICH_1726,Mun Mamun যারা দিন দুপুরে লুট পাট চুরি ডাকাতি করলো তারা গুরে বেড়ায় । তাদের লজ্জা আছে ।,0,0,0,0,0,0,0
BICH_1727,Tor maa bap er tik nai,1,0,0,0,0,0,1
BICH_1728,ফালতু মহিলা লজ্জা নাই।।,1,0,0,0,0,0,0
BICH_1729,পাগল আছে নাকি দেশে,1,0,0,0,0,0,0
BICH_1730,এই সমস্ত অশিক্ষিত মূর্খদের হাতে দেশ গেলে দেশ ধ্বংস হয়ে জাবে আওয়ামী লীগের থেকে খারাপ পরিস্থিতি হবে এদের কাছে দেশ গেলে কোন স…,1,0,0,0,0,0,0
BICH_1731,তুই ছেলে না মেয়ে। একটা ফালতু অভদ্র।,1,0,0,0,0,1,0
BICH_1732,হিজড়ে পাগল হয়ে গেছে,1,0,0,0,0,1,0
BICH_1733,এই শালারে তো সন্ত্রাস মনে হয়,1,0,0,1,0,0,0
BICH_1734,কত পাগল আইল আর গেল,1,0,0,0,0,0,0
BICH_1737,"তুই ব্যাটা একটা pagla,, সালা",1,0,0,1,0,0,0
BICH_1738,tomara akhon pagol hoya gahco khuub valo korcha oi madam tomadar jono fi book dhaka ji naa ar akta kotha bole tomak akhon a…,1,0,0,0,0,0,0
BICH_1740,রাস্তায় জন্ম নিছিস রে কুত্তার বাচ্চা ওই জন্য এরকম করছিস,1,0,0,1,0,0,0
BICH_1741,FI Sujon কোন দেশি গরু এটা,1,0,1,0,0,0,0
BICH_1743,এটা কোন ধরনের পাগল,1,0,0,0,0,0,0
BICH_1746,"ছোট্ট সময় দেখছি আমরা একটা রোগ আইছিল বাংলাদেশে,,এ রোগটার নাম ছিল জিনজি,বেরাম, জাকির খান কি জিনজি,বেরাম রোগী নাকি",1,0,1,0,0,0,0
BICH_1747,"তোর মতন একটা মেয়ে, তোদের জন্যই সমাজটা নোংরা হচ্ছে। এমনিতে হিজরা মানুষ তার উপরে একটা বড় দিদিকে এসব ধরনের কথা বলছে । আরে বদ্দা…",1,0,0,0,0,1,0
BICH_1748,বঙ্গবন্ধু সাইবার ফোর্স তোমরা কি দেবদাস চক্রবর্তী জন্ম তোমরা কি ওই খুনি রাক্ষসী শেখ হাসিনার পেতাত্মা শালা বেধর্মী বেয়াদব গুলি,1,0,0,1,0,1,0
BICH_1749,বেশ হয়েছে নোংরা ছক্কা,1,0,0,0,0,1,0
BICH_1751,কত পাগল নেতা যে এই বাংলায় দেখতে হবে,1,0,0,0,0,0,0
BICH_1752,শালা সাদে উঠতে চাইছিলো জীবনে প্রথম গাড়ি উঠলে যায় হয় আর কি,1,0,0,1,0,0,0
BICH_1753,ছাগলের মতন এইভাবে কে চিনলে কথা বলে,1,0,0,0,0,0,0
BICH_1755,এই মাগির জন্য কেন দয়া দেখাবেন? আল্লাহর সৃষ্টি কতই না সুন্দর ছিল সার্জারি করার পর মনে হয় না কোত্তা ও পুন মারবে এই মহিলারে,1,0,0,1,0,1,1
BICH_1757,Sala chodna desh ar ak chodna sorkar....,1,0,0,1,0,0,0
BICH_1761,পাটা শিলে গসাগসি মরিচের কাম শেষ,0,0,0,0,0,0,0
BICH_1763,টাকা আসে কই থেকে??? চোরের দল,1,0,0,0,0,0,0
BICH_1764,Nasty dance lajja o kora na chee ? Nasty Kotha kar ?,0,0,0,0,0,0,0
BICH_1765,টাকা থাকলে পাগল চোদনাই ও রাজনীতি করতে পারে।,1,0,0,1,0,0,0
BICH_1766,"Jadin tui sala public ar kalane khabi oidin sikkha hobi, vaggis tor bareta amader gram a nai noyto oto dina bichany suya thakta",1,0,0,1,1,0,0
BICH_1767,Corporation er nongra saf to tomar mto manush der nei na,1,0,0,0,0,0,0
BICH_1769,Thiki koreche অসভ্য video korbe thik koreche,1,0,0,0,0,0,0
BICH_1770,আরে ভাই সরকার তো চালাইতেছ তোমরা ক্ষমতায় না গিয়েই বাংলাদেশের সকল সরকারি বেসরকারি আইন প্রশাসন সকল কিছু নিয়োগ দিয়ে তোমরা হাত …,0,0,0,0,0,0,0
BICH_1777,নির্বাচনের আগেই পাগলামি শুরু হইছে,1,0,0,0,0,0,0
BICH_1778,Shon mc ami canada thaika rat vor kaj koira shei kaj er fak a ami student der niye Facebook a andolon korsi r tui desh a thaika dalali korsos. Tore to jharu deoya uchit,1,0,0,1,1,0,0
BICH_1779,"দু/দু নিচে নামছে,না পেট উপরে উটছে, বুঝা মুসকিল",1,1,1,0,0,0,1
BICH_1780,জনগণকে কতটা মূর্খ ভাবলে এধরণের মানুষ ও একটি দলের নেতা হয়।,0,0,0,0,0,0,0
BICH_1781,Pagol chagol kotha thaka acha... Tui thik how aga,1,0,0,0,0,0,0
BICH_1782,উনি একদম ঠিক করেছে একদম বাজে অসভ্য ছেলে বললেও কম হয়,1,0,0,0,0,0,0
BICH_1785,Mijanur Rahman Mijan তুমি বোকাচোদা নি?,1,0,0,1,0,0,0
BICH_1786,আমার কাছে ভালো জিআই তার আছে মরিচা আসবে না জং ধরবে না চাইলে নিতে পারেন,0,0,0,0,0,0,0
BICH_1787,সালা পাগল চু ***,1,0,0,1,0,0,0
BICH_1790,চোর থেকে মুক্তি দেন,1,0,0,0,0,0,0
BICH_1791,Thik korechy pagol ......Tui mental sala,1,0,0,1,0,1,0
BICH_1793,বেশ করেছে।খুব ভালো করেছে। নাইটি পরা দোষের না।তবে আপনাদের মতো নোংরা ভিডিও করা দোষের। আপনাদের জন্য অন্য সব মহিলাদের বদনাম। ছি: আবার লাইভ করছেন।,0,0,0,0,0,0,0
BICH_1794,এই বাল ছাড়া অন্য কিছু মাথায় আসে না গাধা,1,0,0,1,0,0,0
BICH_1795,আমার মনে হচ্ছে আপনার মাথা খারাপ হয়ে গেছে কাকু তাই ফালতু কথা বলছো,1,0,0,0,0,0,0
BICH_1796,এই সব পাগলের হাত থেকে আমরা মুঔি চাই,1,0,0,0,0,0,0
BICH_1797,বোকা মন,0,0,0,0,0,0,0
BICH_1798,প্রথমে পাগলামি ভেবে হাহা দিছিলাম কিন্তু পরে দেখলাম না ঠিকই আছে ভাইয়া সুন্দর বুদ্ধি কাজে লাগিয়েছে,0,0,0,0,0,0,0
BICH_1799,এত নিচে নামে কেমতে,0,0,0,0,0,0,0
BICH_1801,মাওলানা আল আমিন দিদারী ভাই সমস্যা টা ওর না।সমস্যা ওর এলাকার।ওদের এলাকায় গরুকে বলে আপনে আর মানুষকে বলে তুই।,1,0,1,0,0,0,0
BICH_1802,এখানে কতগুলো লোক আছে সবার চেয়ে দূর্নীতিবাজ লোক হইলো সোনা মিয়া রহমান সরকার জেনো তাকে কনো পকার চাড় না দেয়। হেতা হইলো চোরার গরের…,1,0,0,0,0,0,0
BICH_1803,কোমরে ধরি বেঁধে নেয়া দরকার খুনি চোর মাফিয়া গুলো কে!,1,0,0,0,1,0,0
BICH_1804,চোর গুলোরে হাতে হাতরেখে নেয়ার কী আছে শ্বশুর বাড়ি যাচ্ছে মনে হয় সালারা সবচোর,1,0,1,1,0,0,0
BICH_1805,"সব ষড়যন্ত্রের মূলেই তোমরা বাবু,",0,0,0,0,0,0,0
BICH_1806,"এই জাতি যতদিন সিঙ্গারা, সমুচা বিরিয়ানির প্যাকেটের লোভ সামলাতে না পারবে ততদিন এই জাতির ভাগ্য পরিবর্তন হওয়ার কোন সম্ভাবনা নাই!",1,0,0,0,0,1,0
BICH_1807,Tui madarchod age sudra,1,0,0,1,0,1,0
BICH_1808,Hijra chup thak gay tor bal hok,1,0,0,1,0,1,0
BICH_1809,ভয়ে পাগল হয়ে গেছে,0,0,0,0,0,0,0
BICH_1810,সব ফাস্ট ক্লাস খলনায়ককে এক গাড়িতে কি সলাপরামর্শ করার জন্য আনা নেওয়া হয় জনাব Dr. Asif Nazrul দাদা!,1,0,0,0,0,0,0
BICH_1812,Pagla choda pagla chudi..,1,0,0,1,0,0,0
BICH_1815,Tui pagol hoye gale naki re . Tor mukh guer moto. Sangita di ja koreche akdom thik koreche. Onake vogoban pathiyeche. Tui tor …,1,0,0,1,0,0,0
BICH_1816,ও ভাই এই মেয়েটার দুধ এত নিচে নেমে গেছে নাকি,1,0,0,0,0,0,1
BICH_1817,আচ্ছা এনাদের হাতে হাত কড়া ও কোমরে রশি কোথায় পায়ে ডান্ডাবেরি নেই কেন এইগুলো দিলে মনে হয় একটু উপলব্ধি করতে পারতো কেমন লাগে,1,0,0,0,0,0,0
BICH_1818,Redwan Ahmed তোর মাতে আমি মা বলে মানি ভক্তি করি। তোর মত নষ্ট পদভ্রষ্ট ও মাদকাসক্তের কারণে মাদ্রাসার এবং তার শিক্ষার্থীদের বদন…,1,0,0,0,0,0,0
BICH_1819,"Bektigoto baper to nije der modhei rakho ,amra tomader faltu bogol dekte chai na",1,0,0,0,0,0,0
BICH_1820,আহরে তারপরেও কি আমরা সতর্ক হবো না?,0,0,0,0,0,0,0
BICH_1822,এটা আবার নতুন কোন উপদ্রব। এই শালাতো বিড়ী খুর গান্জা খুর বুদ্ধি প্রতিবন্ধী,1,0,0,1,0,1,0
BICH_1824,আপনি যে কত বার পাগল সেটা আজকের ভিডিও তে আবার প্রমানিত হল। আমরাই দিয়েছি সঙ্গীতা ম্যাডাম কে আপনাদের মত অসভ্যদের সোজা করার দায়ি…,1,0,0,0,0,0,0
BICH_1825,নিড় হারা পাখি এরা মানুষ নামের জানোয়ার...জানোয়ারের অনুশোচনা থাকে?,1,0,0,0,0,0,0
BICH_1826,তুই নিজেই অসভ্যতামী করিস ফেসবুকেএসে।যা করেছে ঠিক করেছে।তোর নিজের মুখটাই তো গুয়ের মত। মেয়ে সেজে নোংরামি করিস। ভাষা ঠিক করে কথা বল।,1,0,0,1,0,1,0
BICH_1827,এই হিজরা টা সত্যি কারের বোকাচোদা,1,0,0,1,0,1,0
BICH_1828,চুপ করে থাকবো মোগা,1,0,0,0,0,0,0
BICH_1829,"Tui mor, golai dori de murkho",1,0,0,0,1,0,0
BICH_1830,পাগল দেখি এখন গাড়িতেও গাড়ির উপর উঠি যায়,1,0,0,0,0,0,0
BICH_1831,পাগল ওকে কেউ পাবনা নিয়ে যাও,1,0,1,0,0,1,0
BICH_1832,فهيم فهيم শয়তান ও দেখি হজ্ব করে,1,0,1,0,0,0,0
BICH_1833,আপনি একটা একদম বাজে লোক আপনাকে আমরা একদম ভয় পায় না আমরা যা করার তাই করবো,1,0,0,0,0,0,0
BICH_1835,জাতির শ্রেষ্ঠ সন্তান আলেমদের হাতে থাকে হাত কড়া পায়ে থেকে ডান্ডা বেড়ি আর চোর ডাকাত দুর্নীতিবাজ তাদেরকে নেওয়া হয় জামাই আদরে।,1,0,0,0,0,0,0
BICH_1836,হিন্দু মা ও ছেলের কিছু কথোপকথন।ছেলে মা তাজমহল এতো সুন্দর তাজমহল আমরা বানিয়েছি তাই না ???…,0,0,0,0,0,0,0
BICH_1837,Añàmûl Hãqúê Nášîm d তোর বাপে বেচে,1,0,0,0,0,0,0
BICH_1838,মনে হচ্ছে কি যেন বেশি খেয়ে ফেলছে আল্লাহ যেন এ জাতিকে মুক্তি দেন।,1,1,0,0,0,0,0
BICH_1841,হিন্দু তুমি বাজতে চাইলে হাতে বন্ধুক তুলো । মরার আগে মেরে মারো । নারী তুমি হাতে বেলেট রাখো । ধর্ষকের হোল কেটে দাও । মুসলিম জাতি…,1,0,0,0,1,0,0
BICH_1842,ফুল নাটক দেখতে চাইলে নিচে YouTube এর লিংক দেয়া আছে দেখে আসেন ।Full Drama Natok Link…,0,0,0,0,0,0,0
BICH_1843,নোংরা ক্রিয়েটারদের রাস্তায় নোংরামি করতে দেখলে পাবলিকের জুতো মারা উচিত... জুতো চিনিস হারামজাদা...,1,0,0,1,1,0,0
BICH_1844,"এই জগিংবাদ অমানুষ এ দেশ ভরে গেছে,, অমানুষ কখনোই মানুষ হয় না",1,0,0,0,0,0,0
BICH_1845,সালার কি করলো বুকের বল কোমরে লাগালো,1,0,0,1,0,0,1
BICH_1846,দেখা হবে বিজয়ে ভয় করিনা মরনে,0,0,0,0,0,0,0
BICH_1847,"তুই ছক্কা নাইটি পড়বি ঠিকাছে.. কিন্তু অশ্লীল ভাবে অত বড় স্তন বানিয়ে ভিডিও কেনো করিস, রাস্তায় কেনো বের হোস.. সমাজ কেনো নষ্ট …",1,0,0,0,0,1,1
BICH_1848,Thik korca........Sandi pagol hoyagaca,1,0,0,0,0,1,0
BICH_1849,ইউনুস কি মরে গেছে,0,0,0,0,0,0,0
BICH_1852,আল্লাহ দেয়া জিনিসের প্রতি শুকরিয়া আদায় না করলে যা হয় আর কি৷,0,0,0,0,0,0,0
BICH_1853,খালি রাসতায় কাকে হাত দেখায় বুজিনা পাগল এতো পাপনায় দাকার কথা,1,0,0,0,0,0,0
BICH_1854,Toder moron hoi na kno re,1,0,0,0,1,0,0
BICH_1856,কেয়ামত এর আগে হাদিসে রয়েছে পারায় বাড়ি বাড়িতে মসজিদ হবে গেরামে গেরামে বাজার হবে শোধ খোর চোর ছেছড়া নেশাখোর খুনি নেতা হবে তার নমুনা,0,0,0,0,0,0,0
BICH_1858,তুই ভয় পেয়েছিস বুঝতে পারছি আমরা,1,1,1,0,0,0,0
BICH_1859,"আগে সত্য বললে রাজাকার হয়ে যেতাম, আর এখন সত্য বললে আওয়ামীলীগ। আমরা আসলে কখনও স্বাধীন হতে পারবো না। ওনাকে ট্যাগ লাগানোর আগে ওনা…",0,0,0,0,0,0,0
BICH_1863,এই সমস্ত অশিক্ষিত মূর্খদের হাতে দেশ গেলে দেশ ধ্বংস হয়ে জাবে আওয়ামী লীগের থেকে খারাপ পরিস্থিতি হবে এদের কাছে দেশ গেলে কোন স…,1,0,0,0,0,0,0
BICH_1864,পাগলা চ...তুই ভয় পেয়ে পুরো পাগল হয়ে গেছে এটা,1,0,0,1,0,0,0
BICH_1868,Pagol koi uthte chaichilo?,1,0,0,0,0,0,0
BICH_1869,এমা তুমি কবে শালা হলে তুমি তো শালি,1,0,1,1,0,1,0
BICH_1870,পুরো বিশ্ব যে পাগল হয়ে যাচ্ছে তার প্রমাণ,0,0,0,0,0,0,0
BICH_1871,"Santo Mazumdar চোখ বন্ধ করে মনের ভাব প্রকাশ করেন,,, আমরা সাপোর্ট দিব",0,0,0,0,0,0,0
BICH_1872,খালি রাস্তায় ভিডিও বানিয়ে _ আমাদেরকে বুঝাচ্ছে সে কুটি কুটি জনগনের মাঝে আছে....শালা _ মফিজ।,1,0,1,1,0,0,0
BICH_1874,"চোরের ঘরের সন্তান, মাই টিভি হাসিনার সময়ে কোথায় ছিল বিবেক?",1,0,0,0,0,0,0
BICH_1875,Advocate দিদি যা করেছেন একদম ঠিক করেছেন। আপনি নিজে যে জঞ্জাল টা এই ভিডিও তে প্রমাণিত। প্রত্যেকটা কোথায় নিজে কতটা অসভ্য অশিক্ষিত টা ফুটে উঠেছে।,1,0,0,0,0,0,0
BICH_1878,Ekta Manush kmn kore pare Nijer Shundorjo ta Nosto korte Allah Manush k Bojar Toufik dek Ami,1,0,0,0,0,0,0
BICH_1879,Tor dudu duto ke nichar biche tuto kula lagichis haf khanki,1,0,0,1,0,1,1
BICH_1881,"এরা চোর,হাজার হাজার কোটি টাকা এরা চুরি করছে।খুন করছে।ডান্ডাবেরি দিতে হবে।",1,0,0,0,0,0,0
BICH_1882,আস্তাগফিরুল্লাহ্। এর কি বাপ মা নাই ভাই বোন নাই? এরা এসব দেখে তো লজ্জা শরমে মরে যাওয়ার কথা৷ হায়রে দূর্ভাগা বাপ মা এমন মেয়ে জন্ম…,1,0,0,0,0,0,0
BICH_1883,অশিক্ষিত মূর্খ ওর অচারণ দেখলেই বোঝাজায়।,1,0,0,0,0,0,0
BICH_1886,দূর হালা বাটপারের ছেলে বাটপার,1,0,0,1,0,0,0
BICH_1887,চোরের বংশের চোরদেরমুখে হাসি আছে দেখে মনে হচ্ছে জামাই আদরেএদেরকে এখনো ডান্ডাবেরি না লাগিয়ে রাখছে কেন? এরা এ দেশের নিরাপরাধ আ…,1,0,0,0,0,0,0
BICH_1889,Shadin Ahamed Mithu চোর লেখতে গিয়ে মনে হয় ভুলে বীর লিখে ফেলছেন।,1,0,1,0,0,0,0
BICH_1890,মেয়ের জামাই হতে গিয়ে শেষ মেশ পকেট চোর হয়ে গেলো,1,0,1,0,0,0,0
BICH_1894,পুরনো পাগল ভাত পাচ্ছে না নতুন পাগলের আমদানি,1,1,1,0,0,0,0
BICH_1895,আহারে দূর্ভাগা জাতি,0,0,0,0,0,0,0
BICH_1896,Tor maa toka manos korta paraini,1,0,0,0,0,0,0
BICH_1898,ভাগগগ কি যগোণ্য ভাষা,0,0,0,0,0,0,0
BICH_1899,"Jamati paki tora kono kalei Islam er Lok chili na, toder just bichar Hobey, Kota not amra kaj Kore Dekhabo.",1,0,0,0,0,0,0
BICH_1901,কুকুরছানা গুলোর হাতে হাত কড়া নেই কেন.. আর নিরীহ আলেমগুলা কে হাতে কড়া পায়ে ডান্ডা বেড়ি পরিয়ে জেল হাজতে নেয়া হইতো,1,0,0,0,0,0,0
BICH_1902,ফেসবুক টা নোংরামো করার জায়গা না করার থাকা তো বাড়িতে কর তোর ভিডিও দেখতে লোকের সামনে লজ্জা লাগে।,1,0,0,0,0,0,0
BICH_1903,এদের গলার রশি কই এরা কুত্তার চেয়েও নিকৃষ্ট,1,0,0,0,0,0,0
BICH_1905,"কেয়াতের আলামত এগুলো, পাগল হচ্চে দেশের নেতা জোকার পুরাই জোকারের মত লাগের",1,0,0,0,0,0,0
BICH_1907,মরার আগ পর্যন্ত এ বোঝা বহন করে চলতে হবে ইহকালে হয়তোবা এটাই তার জন্য শাস্তি আল্লাহর পক্ষ থেকে,1,1,0,0,0,0,0
BICH_1908,চলচ্চিত্রের মাঝে বর্তমান পতিতালয়ের আড্ডাখানা ভেঙ্গে গিয়েছে দেশটাকে ধ্বংস করে দিচ্ছে দ,1,0,0,0,0,0,1
BICH_1909,ঘৃণিত জীব - দুইটাই,1,0,0,0,0,0,0
BICH_1910,"অনেক দিন আগের কথা আমি নানাবাড়িতে গিয়েছিলাম, তখন নানু বলেছিলো, দেখিস একদিন মানুষ তোর কমেন্ট পরে হুদাই সময় নষ্ট করবে",0,0,0,0,0,0,0
BICH_1913,বিএনপি আসলেই একটা পাগলের দল। ঘুরেফিরে সব পাগল বিএনপিতে যোগ দেয়।,1,0,0,0,0,0,0
BICH_1914,নোংরা মহিলা এতো অল্প বয়সে পরিত্যাক্ত টিস্যুতে পরিণত হবে ভাবিনি,1,0,0,0,0,1,0
BICH_1916,Chudar alap bad de magi,1,0,0,1,0,1,0
BICH_1917,Anisur Rahman কুত্তা গুলো কে হত্যা করা হবে!,1,0,0,0,1,0,0
BICH_1919,দেশ এবং গণমাধ্যম এখন বাস্টার্ড রাজাকারদের হাতে বন্দী,1,0,0,1,0,0,0
BICH_1920,Ki eki kotha bar bar bolei jache mental ekta,1,0,0,0,0,1,0
BICH_1921,Korbey keno or barir lok sob tho faltu family takar jonno sob kore era,1,0,0,0,0,0,0
BICH_1922,"তুই তো ছক্কা। তোর আবার লজ্জা কিসের ভয় কিসের ,অসভ্য",1,0,0,0,0,1,0
BICH_1923,"বিশ্ব বেহায়া পাপি কর্মীদেরকে ধৈর্য ধারণ করার পরামর্শ দিতে ছে,",1,0,0,0,0,0,0
BICH_1927,দুলা মিয়াদের হাতে হ্যান্ড ক্যাপ কোথায় আলেমদের ধরা মাএ কোমরে বেরি হাত করা এখন এই গুলো কোথায়।,0,0,0,0,0,0,0
BICH_1928,ছাগলের মতন এইভাবে কে চিনলে কথা বলে,1,0,0,0,0,0,0
BICH_1929,"উনি সার্জারি করে শরীরের এই বেহাল দশা করেছে, একটা পাগল মহিলা।",1,0,0,0,0,0,0
BICH_1930,তুই আগে চিন্তা করে বল ছেলে না মেয়ে নোংরা মনের মানুষ নোংরামি করে টাকা ইনকাম করিস ঠিক করেছে তোদের মতো নোংরামি করার জন্য ঠিক করে…,1,0,0,0,0,1,0
BICH_1931,কুত্তার বাচ্চা গুলারে পাইতাম.,1,1,0,0,1,0,0
BICH_1933,পাগল গাঁজা খেয়ে টাল।,1,0,0,0,0,0,0
BICH_1935,আকন্দ্ সোহেল তোর মাথায় কি কিছু আছে?,1,0,0,0,0,0,0
BICH_1936,Saiful Islam S ভাই পাগলরে দেইখা মনে হইল কিছু লিখব কিন্তু আপনার লেখা দেখে আর নতুন করে লিখতে হইল না,1,0,0,0,0,0,0
BICH_1937,তোর বাবা কে দেখা,0,0,0,0,0,0,0
BICH_1938,Pagla to zai asbe ki kore,1,0,0,0,0,0,0
BICH_1939,Pagla choda nki bara tui,1,0,0,1,0,0,0
BICH_1941,ফেসবুক টা নোংরামো করার জায়গা না করার থাকা তো বাড়িতে কর তোর ভিডিও দেখতে লোকের সামনে লজ্জা লাগে।,1,0,0,0,0,0,0
BICH_1942,এদের এমন কঠিন দৃষ্টান্তমূলক শাস্তি দেওয়া হক যা দেখে ভবিষ্যতে আর কেও এমন জঘন্যমুলক আপনার না করে,0,0,0,0,0,0,0
BICH_1943,Ekdom nongra 1 ta lok .dekhai ga gin gin kore.,1,0,0,0,0,0,0
BICH_1944,Class korle ki somosa akhane...se ki Akai class korbe cheleder sate aro to meye thakbe . Ai sob matha mota meye Gulo ato Valo …,1,0,0,0,0,1,0
BICH_1945,উনি একদম ঠিক করেছে একদম বাজে অসভ্য ছেলে বললেও কম হয়,1,0,0,0,0,0,0
BICH_1946,Ei hijra tui bol songbidhaer koi ta dhara ache songbidhan dekhachis ei hijra tu somaj nosto korbi r toke public chere dibe Am…,1,0,0,0,1,1,0
BICH_1947,Sala faltu lok .... Aigulo ke chokhe dekhao paap,1,0,0,1,0,0,0
BICH_1948,Kono khoma korajaba na WB montrira chup thako thako 26a vota tomadar moja dakhano hoba,1,0,0,0,0,0,0
BICH_1949,শালা তোর অঙ্গী ভঙ্গিতে মনে হচ্ছে তোর যা atitude তোর থেকে যারা orginal তারা অনেক ভদ্র।…,1,0,0,1,0,0,0
BICH_1950,আপনি যে কত বার পাগল সেটা আজকের ভিডিও তে আবার প্রমানিত হল। আমরাই দিয়েছি সঙ্গীতা ম্যাডাম কে আপনাদের মত অসভ্যদের সোজা করার দায়ি…,1,0,0,0,0,0,0
BICH_1951,Akdom thik koreche didi tui k re bekar,1,0,0,0,0,0,0
BICH_1952,বেহায়া হলেতো কিছু করার নাই,1,0,0,0,0,0,0
BICH_1954,আমার মনে হয় এর মাথা নষ্ট জীবনে প্রথম গাড়িতে উঠলে কেউ এরকম করে,1,0,0,0,0,0,0
BICH_1955,তুই একটা পাগলা চোদ্দা,1,0,0,1,0,0,1
BICH_1956,"আখেরি জমানায় এরকম ফিতনা আসবে যে মূর্খদের পিছনে শত শত মূর্খরা হাঁটবে, এ ত নিজেই একজন প্রতিবন্ধী সে নেতা হয় কিভাবে",1,0,0,0,0,1,0
BICH_1958,ঠিক করেছে সংগীতা তোদের মত জঞ্জাল সমাজ থেকে দূর করা খুব দরকার। বেহায়া কতগুলো।,1,0,0,0,0,0,0
BICH_1959,Arif Sawdagar ফ্যাসিস্ট ইউনুস ডাকাত হিযবুতি আর জামাতি জংগিদের সহায়তায় বাংলাদেশকে বাঙ্গুস্থান বানানোর জন্য বিদেশীদের সহায়তায় স…,1,0,0,0,0,0,0
BICH_1961,Sala tui ai baeglay jonmoy ta tik na tor india baire jonmo hoyar dorkar chilo,1,0,0,1,0,1,0
BICH_1962,তারে পাগর পাগল লাগছে,1,0,0,0,0,0,0
BICH_1963,"আলেমরা অপরাধী না হয়েও হাতকড়া ডান্ডা বেরি পরিয়ে কোর্টে নিয়ে গেছে, আর এরা অপরাধী হয়েও তারা রাজার হালতে হাসতে হাসতে তাদেরকে নিয়ে …",0,0,0,0,0,0,0
BICH_1966,কার সাথে হাত নাড়ে রোড়ে দেখি কুত্তাও নাই,1,1,1,0,0,0,0
BICH_1967,আমরা কত খারাপ মেয়েটি পেগনেন্ট অবস্থায় দাঁড়িয়ে আছে তাও আমাদের ভিডিও করতে হবে।,0,0,0,0,0,0,0
BICH_1968,নজরুল দেওয়ান তোদের আর বাংলাদেশের জনগণ এর চোদার টাইম নাই।,1,0,0,1,0,0,0
BICH_1969,ঠিক করেছে একদম ঠিক করেছে এভভোকেট দিদিভাই কে আমরা সকলে সাপোর্ট করি ফেসবুক টা আজ কাল খুব খুব নোংরামি হয়েগেছে,0,0,0,0,0,0,0
BICH_1970,Tumi ekta pagla choda,1,0,0,1,0,0,0
BICH_1971,এ মনে হয় পাগল হয়ে গেছে হাফ মেন্টাল,1,0,0,0,0,1,0
BICH_1972,"এই সরকার বরিস্কার করা হক যেই সরকার সাধারন মানুষদের নিরাপত্তাই দিতে পারে না এমন সরকার দিয়ে আমরা ভালো কিছু আসা করতে পারি না,,,",0,0,0,0,0,0,0
BICH_1973,এইডা শামীম উসমানের থেকেও বড় ডাকাত.,1,0,0,0,0,0,0
BICH_1974,Faltu manush era .. content name nungramo choriye beraccha apni social media loker takay gurchen .. loke video de…,1,0,0,0,0,0,0
BICH_1975,Abnormal er moto korche Faltu boke gelo …,1,0,0,0,0,1,0
BICH_1976,এই দেশে কোন পাগল nei,0,0,0,0,0,0,0
BICH_1977,পাগল হয়ে গেছে মনে হচ্ছে জাকির,1,0,0,0,0,0,0
BICH_1978,ফুসকা ওয়ালা হেলিকপ্টার বানাই আর বাংলাদেশ সোনাবাহিনী ফার্নিচার বানাই।আজব বাংলাদেশ,0,0,0,0,0,0,0
BICH_1980,"Dona comedy video ta comedy obdi vlo lge nongrami te gele,russian boudi o ta toh ekdom nongra video kore sobsomoy,r eder bar b…",0,0,0,0,0,0,0
BICH_1981,এইটা হেলিকপ্টার হইলে তেলাপোকাকে এই দেশে পাখিত সম্মান দিতে হবে,0,0,0,0,0,0,0
BICH_1982,বোকাচোদা চাকরি বা কোন কাজ করার কষ্টের ভয়ে তো শালা পোদ মেরে বেড়াচ্ছে সব জায়গায় টাকা ইনকাম করা জন্য,1,0,0,1,0,0,0
BICH_1983,Sala block hobar kotha keno bolchis bolte deki report marte deki tor koto sahos,1,0,0,1,0,0,0
BICH_1984,Nurul Ambia কেন রে ভাই পোস্ট কি তোর বাপের নাকি যে ডিলিট করে দেবে,1,0,1,0,0,0,0
BICH_1986,এই সানডে সাহার বিরুদ্ধে আইনি ব্যাবস্থা নেওয়া উচিত ।ইনি একজন আইনজীবী কে অপমান করে আইন হাতে তুলে নিচ্ছেন ।,0,0,0,0,0,0,0
BICH_1989,এতদিনের লেখাপড়া তোর কোন কাজেই লাগে নাই। যদি কাজে লাগতো তাহলে আর এই মাথামোটার মতন কথা বলতি না।,1,0,0,0,0,0,0
BICH_1991,Pagol c Tui to na meya na chale naite porbi na to ki korbi Sangita didibhai akdom tik kaj korecha tui ki manush modhe poris tora sotti jongole,1,0,0,0,0,1,0
BICH_1994,Tor moto hizra magi shte etai howa uchit janowar ekta,1,0,0,1,0,1,0
BICH_1995,আমরা জানি আপনাকে দেশী-বিদেশী ষড়যন্ত্রের মাধ্যমে বাংলাদেশ থেকে ভারতে পাঠানো হয়েছে! বাংলাদেশের জনগণ আপনাকে এখনও আগের মতো ভালোবাসে!,0,0,0,0,0,0,0
BICH_1996,তোমরা এই শাউয়াই বানাইবা। আর অন্যান্য দেশে ড্রোন হাইপারসনিক মিসাইল বানাইবো।,1,0,0,1,0,0,0
BICH_1997,আল্লাহর দেয়া আকৃতিকে বিকৃত করে কি জঘন্য করেছে,1,0,0,0,0,0,0
BICH_1998,এরা দেশের জনগনকে কি দিবে।চুরি ডাকাতি করবে।,0,0,0,0,0,0,0
BICH_1999,সব চেয়ে বেশরম হইলো ইনু,1,0,0,0,0,0,0
BICH_2000,দেশে যত গুলো খুনি ডাকাত আছে এরাই এখন বিএনপির শেষ বরশা,1,0,0,0,0,0,0
BICH_2001,এই সব পাগলের হাত থেকে আমরা মুঔি চাই,1,0,0,0,0,0,0
BICH_2002,FB ta ki tor baper ghor gadha,1,0,0,0,0,0,0
BICH_2004,Tui ki meyechele faltu kotha kore,1,0,0,0,0,1,0
BICH_2006,Shamsu Uddin Shamim তারা রাষ্ট্রের সাবেক চোর..! এদেশে চোরের কোন বিচার নাই..! …,1,0,0,0,0,0,0
BICH_2009,মিথ্যা বানোয়াট ভিত্তিহীন মামলার তীব্র নিন্দা ও প্রতিবাদ জানাই সেই সাথে দেশ বরেণ্য বীর মুক্তিযোদ্ধাদের নিঃশর্ত মুক্তি চাই দিতে হবে,0,0,0,0,0,0,0
BICH_2011,কোনটা ইগনোর করবে? সব যদি viewes এর জন্য উল্টো পাল্টা ভিডিও বানায়... তাহলে কি আমরা সোশ্যাল মিডিয়া(সামাজিক মাধ্যম) ব্যবহার করব…,0,0,0,0,0,0,0
BICH_2012,পাগলের পাগলামি,1,0,0,0,0,0,0
BICH_2014,Tui faltu ata mene ne,1,0,0,0,0,0,0
BICH_2017,তুই সমাজের জঞ্জাল। তোকে মানায় চিড়িয়াখানায়। ব্যবস্থা করা দরকার চিড়িয়াখানায় রাখার অসভ্য কোথাকার।,1,0,0,0,0,0,0
BICH_2018,পাগল ছাগে ওর চাইগে বড় পাগল সগাতি তুই পাগল সালা,1,0,0,1,0,0,0
BICH_2019,বাংলাদেশের ইজ্জত শেষ করে দিয়েছে শালী এরে বাংলাদেশের ঢোকা নিষেধাজ্ঞা জারি করা হোক,1,0,0,1,0,1,0
BICH_2020,পাগল হয়ে গেছ নাকি,1,0,0,0,0,0,0
BICH_2023,পাগলের দেশে জন্ম গ্রহন করে আমি লজ্জিত,1,0,0,0,0,1,0
BICH_2025,এত দিন দেখছি বুকে উপর থাকে এখন দেখি পেটে আর কিছু দিন পর দেখবো নাভির নিচে,1,1,0,0,0,0,1
BICH_2026,Chotolok sala..support sangita ma'am,1,0,0,1,0,0,0
BICH_2030,Nongra chinta dhara...ha re sobai share korbe r tui poisa pabi,1,0,0,0,0,0,0
BICH_2032,"নিকৃষ্ট মানুষ ছিলো এ গুলো ।। এই গুলো শুধু হাসিনার গোলাম ছিলো, দেশের মানুষ তাদের ফাঁসি চাই",1,0,0,0,1,0,0
BICH_2033,মুজিব সেনা স্মরণে ভয় করিনা মরনে,0,0,0,0,0,0,0
BICH_2034,"যে সব কুত্তার বাচ্চা রা এসব কোরছে ,তাদের কে জাতি ধর্ম নির্বিশেষে ওদেরকে ধরে শাস্তি দেয়া হোক ,প্রশাসন কিছু করতে পারছে না ,কেনন…",1,0,0,1,0,0,0
BICH_2035,তোকে দেখলে মনে হচ্ছে তুই পাগল হয়ে গছিস,1,0,0,0,0,0,0
BICH_2036,এই শালারে হিজরে শালা পয়সা ইনকাম করছিস পয়সা ইনকাম কর। তুই শালা হিজরে জানিস তুই,1,0,0,1,0,1,0
BICH_2037,৩ পাগলে মিলেছে মেলা.…...............তোরা যাসনে ঐ পাগলের দেশে,1,0,0,0,0,1,0
BICH_2039,Toder moto somaj er nongra gulor benche thakar adhikar nei just Facebook theke eder id gulo block korano uchit ei bela meta Fa…,1,0,0,0,1,0,0
BICH_2040,Shohan Shikder আপনার আছে তার পায়ের কাছে যাওয়ার? তাহলেই হবে। দেশে ডাক্তার ইঞ্জিনিয়ার দের ও তাদের পায়ের কাছে যাওয়ার যোগ্যতা নাই শুধু যারা সারাদিন ক্যামেরা ধরে রেখে ফেবুতে আপ্লোড দেয় তাদেরই যোগ্যতা আছে তাইতো এটুকুই বললাম। আমার যোগ্যতার বিচার আপনাকে করতে হবেনা। আপনার প্রোফাইল দেখে বুঝলাম আপনি এসব প্লটিবাজদের শুধু পা চাটার যোগ্য। আর এই যোগ্যতা দিয়ে আমার কিসের যোগ্যতা আছে সেই টা জাজ করার মতো যোগ্যতা আপনার এখনো হয়নাই শুধু এটুকুই বললাম। Stupidity at its best!,1,0,0,0,0,0,0
BICH_2041,মানুষ নেই তোদের বাংলাদেশে সব ছাগল কুকুর,1,0,0,0,0,1,0
BICH_2042,MD Shohag Jamil শয়তান ধর্ম ব্যবসায়ীদের বাপ মিয়া,1,0,0,0,0,1,0
BICH_2043,খানকির ছেলেদের মৃত্যু ঘনিয়ে এসেছে,1,0,0,1,1,0,0
BICH_2045,Thik koreche …. Tui tr mathar dctr dekha …. Sala moga,1,0,0,1,0,1,0
BICH_2046,এই মেয়েটার কি মা বাপ কিছুই দেখে না মেয়ে যে পাগল হয়ে গেছে তাদের দেখা উচিত। তাড়াতাড়ি পাবনায় ভর্তি করা উচিত।,1,0,0,0,0,1,0
BICH_2048,এইটা দেখার পর লে নাসা: আরে এরা কারা কোথা থেকে এলো এরা আর আমরা কি করলাম জীবনে তাহলে,1,1,1,0,0,0,0
BICH_2049,পাগলা কারে হাত নেড়ে শুভেচ্ছা গ্রহন করতেছে?,1,0,0,0,0,0,0
BICH_2051,পাগল হয়ে গেছ নাকি,1,0,0,0,0,0,0
BICH_2053,Thik kor6e medam tora sala somaj er jonjal toder sap kora dorkar..sala pagol chagol er dol...,1,0,0,1,0,0,0
BICH_2054,তোর জুতা পেটা করা উচিত মদ্দা মাগি। ছেঁড়া,1,0,0,1,1,1,0
BICH_2055,Sala nijer kotha kotha bol sala sonagachir mal,1,0,0,1,0,0,1
BICH_2056,H M Sãiful Islãm সেফুদা পাগলী চোদেনা,1,0,0,1,0,0,1
BICH_2057,Abnormal maal puro ekta....pagol thanay dewa uchit Eder.....,1,0,0,0,0,1,0
BICH_2060,Bekar bekar ukil er pechne lagcho… bambo dhukiye dbe… r tmr oi bosta pocha talent.. tar jnno eto demag.. bhalo na.. r kar sthe…,1,0,0,0,1,0,1
BICH_2061,কোন বাজারে পাগল ভাই,1,0,1,0,0,0,0
BICH_2064,"আর যাই হোক দালাল, চোর ও পাচারকারী দিয়ে কখনো দেশের সাসটেইনেবল উন্নতি সম্ভব নয়।",1,0,0,0,0,0,0
BICH_2065,Advocate songita das ja koreche thik koreche tui ghater mora faltu guer moto mukh nia er chaichis,1,0,0,1,0,0,0
BICH_2066,"পিছন বেড়ায় পিঠ ঠেকে গেছে। আপনি আদেশ করুন, আমরা ৭১ সালের মত ঝাপিয়ে পরবো",0,0,0,0,0,0,0
BICH_2070,"হাসির কিছু নাই।৫ তলা ছাদ থেকে নিচে,ফালায় দিলে,,অনেক সেকেন্ড উরতে পারবে।",1,0,0,0,1,0,0
BICH_2071,"You just go to hell,it's better for you..tomar kono kothay sangita jana r kono jay ashe na..",1,0,0,0,0,0,0
BICH_2073,"ভাগ্যিস শীত আসে নাই,,তাইলে নিশ্চিত অজ্ঞান হয়ে যেতো",1,1,1,0,0,0,0
BICH_2074,Hijra tui chup kor .tui to or somokokho.tui tor 2in 1 post office khule Dara.,1,0,0,0,0,1,1
BICH_2075,শেখ হাছিনা দেশ ছারতে হয়েছে কিছু আগল পাগলকে সাংসদে নিয়ে।,1,0,0,0,0,0,0
BICH_2076,সঙ্গীতা ম্যাম যে বাঁশ দিয়েছে মনে হচ্ছে এতেই বাঁশ টা কতোটা ঢুকেছে ওতেই উম্মত পাগল হয়ে গেছে,1,0,0,1,0,0,1
BICH_2077,Tui chele chele er moto thakbi meye der moto seje meye জাতি তাকে নষ্ট করিস কানো,1,0,0,0,0,1,0
BICH_2078,আমরা সবাই দায়িত্ব দিয়েছিরে.,0,0,0,0,0,0,0
BICH_2079,সবার সামনে এসে এরকম কার্টুনের মতন নাচানাচি করে লাভ কি। কখনো তোমার মনে আছে একটু ভদ্র মানুষের মতো আচরণ করি। টাকার জন্য যত নিচে ন…,1,0,0,0,0,0,0
BICH_2080,তোর তো শালা হিজরা,1,0,0,1,0,1,0
BICH_2081,একদম ঠিক করেছেন তোমাদের জন্য পরিবেশ নোংরা হয়,1,0,0,0,0,0,0
BICH_2082,Tumi নাইটি পড়ে যে বিকৃত অঙ্গী ভঙ্গি গুলো কর তা কি নারী সমাজকে ছোট করা হয় না .. তুমি যে ভিডিওগুলো কনটেন্ট বলে দেখাও সেগুলো দ…,0,0,0,0,0,0,0
BICH_2084,Toke samne dekhle tor mukhe juto diye 2 to bari marbo ..sala faltu,1,0,0,1,1,0,0
BICH_2085,পাগলা কুত্তা হয়ে গেছে,1,0,0,0,0,0,0
BICH_2086,আমরা যদি একবার মাঠে নামি সব শেষ করে ছাড়বো মাদারচোদদের,1,0,0,1,1,0,0
BICH_2087,India te tor moto mental ra kno jonmo nai,1,0,0,0,0,1,0
BICH_2089,তুই আগে লাইফ বন্ধ কর বোকাচোদা,1,0,0,1,0,0,0
BICH_2090,শালা মনে হচ্ছে মদ পান করে এসেছে,1,0,0,1,0,0,0
BICH_2091,তুই বকছিস কেন ফালতু শালা,1,0,0,1,0,0,0
BICH_2092,"নজরুল দেওয়ান কিরে পাগল,লজ্জা সরম সব হারিয়ে ফেলছত?হায়রে মুদির জারজ সন্তান",1,0,0,1,0,0,0
BICH_2093,সোনাবাহিনী জামাত ইউনুস তোদের বউ মেয়ে বোন আত্মীয় স্বজনদের চোদতে চাই মাগীর পুত,1,0,0,1,1,0,1
BICH_2094,ফুল নাটক দেখতে চাইলে নিচের এই লিংকে ক্লিক করুন https://okautchalt.net/4/7740785,0,0,0,0,0,0,0
BICH_2095,Sala tui ai baeglay jonmoy ta tik na tor india baire jonmo hoyar dorkar chilo,1,0,0,1,0,1,0
BICH_2096,Hat sande boka choda. Na boka chode,1,0,0,1,0,0,0
BICH_2098,প্রথমে ও চিনতে পারি নাই মনে করছি প্রেসিডেন্ট মহিলা পরে খেয়াল করে দেখি এইটা তো নিচ তলা ভাড়া দিয়ে উপরতলা করা সানাই আপু তবে ভ…,1,1,1,0,0,0,1
BICH_2101,তুই একটা সবথেকে বড় জঞ্জাল আবর্জনা,1,0,0,0,0,0,0
BICH_2102,বোকা চন্দ্র এমেরিকা না আমেরিকা,1,0,0,0,0,0,0
BICH_2103,Riad Ha Sa N চুপ কর। আমি না তুমি পাগল,1,0,0,0,0,0,0
BICH_2104,গান্জা বেবসা করে শালা,1,0,0,1,0,0,0
BICH_2105,"Jadin tui sala public ar kalane khabi oidin sikkha hobi, vaggis tor bareta amader gram a nai noyto oto dina bichany suya thakta",1,0,0,1,1,0,0
BICH_2107,এটা আবার নতুন কোন উপদ্রব। এই শালাতো বিড়ী খুর গান্জা খুর বুদ্ধি প্রতিবন্ধী,1,0,0,1,0,1,0
BICH_2109,আমরা ধিক্কার জানাই ইউনুস সরকারকে।…,0,0,0,0,0,0,0
BICH_2111,"পাগল তুই আগে চুপ কর,পাগল একটা",1,0,0,0,0,0,0
BICH_2112,Tui k re tui toh gay re tor jno gay committee nogra hoche,1,0,0,0,0,1,0
BICH_2114,rural bangali obsession with helicopters is insane,1,0,0,0,0,1,0
BICH_2116,এই নোংরা পেইজে রিপোর্ট দিন,1,0,0,0,0,0,0
BICH_2119,একদম কুলাঙ্গার মত লাগে এখন,1,0,0,0,0,0,0
BICH_2120,"যেটা হয়েছে, ঠিক হয়েছে—বরং অনেক আগেই হওয়া উচিত ছিল। কিছু বৌদি টাইপ মানুষ নিজেদের প্রচারের নেশায় এমন অশালীন ভিডিও বানায় যে,…",0,0,0,0,0,0,0
BICH_2121,"Babul Hasan না ভাই কিছু আছে ভালো, বেশির ভাগই নাস্তিক",0,0,0,0,0,0,0
BICH_2122,তোর মুখটা দেখেছিস আয়নায়? তোর মুখটাতো বাঁদরের পোঁদের মতো। নোংরামি content বানিয়ে খাচ্ছিস,1,0,0,1,0,0,0
BICH_2123,ক্ষমতা কখনোই চিরস্থায়ী নয়।যার কথাই আইন চলতো সে ও এখন জেলে।আর আমরা জীবন নিয়ে কতই না অহংকার করি,0,0,0,0,0,0,0
BICH_2125,Trisha Mallick tumko ya sab bakwas video aicha lagta he,0,0,0,0,0,0,0
BICH_2126,"ছিঃছিঃ বেশ্যা মহিলা দেশের জন্য হুমকি তোদের উপর আল্লাহর লানত,,",1,0,0,1,0,1,1
BICH_2130,আমাদের ভাগ্য এটা যে আমরা বাংলাদেশের জন্মগ্রহণ করেছি নাহলে এরকম বিনোদন মিস করতাম,0,0,0,0,0,0,0
BICH_2131,শালায় মনে হয় গাঞ্জা খায়,1,0,0,1,0,0,0
BICH_2132,Tui akta pagol .,1,0,0,0,0,0,0
BICH_2133,Mohammad Arifur Rahman দেশ থেকে সৈরাচার এখনো বিদায় হয় নাই,0,0,0,0,0,0,0
BICH_2134,"আল্লাহ সৃষ্টি কত সুন্দর, আর মানুষের সৃষ্টি কতটা বিশ্রি এই শয়তানটাকে দেখলে তা বুঝা যায়।",1,0,0,0,0,0,0
BICH_2135,এই কুলাঙ্গার গুলো যদি হয় দেশের নেতা আর বিএনপি নেতা তাহলে ভোটে পাস করলে দেশ কোথায় যাবে বুঝতে পারা যাচ্ছে,1,0,0,0,0,0,0
BICH_2140,কোটি টাকার গাড়ির অপরে আমরা হ্যাগো দি,0,0,0,0,0,0,0
BICH_2141,"পাগলা তিতা মিঠা বুঝেনা, পাগলারে জিলাপী দিয়না",1,1,1,0,0,0,0
BICH_2142,আমরা জয় বাংলার লোক,0,0,0,0,0,0,0
BICH_2143,এত নিচে নামলো কি করে.,0,0,0,0,0,0,0
BICH_2144,"যারা ভাইরাল সে**ক্স ভিডিও, টিকটকারের ভাইরাল ভিডিও, নায়িকাদের ভাইরাল ভিডিও দেখতে চাও তারা নিচের টেলিগ্রাম গ্রুপে জয়েন করো https://t.me/pmsbd",0,0,0,0,0,0,0
BICH_2145,Eisob pagol dhaka asar visa ke diche?,1,0,0,0,0,0,0
BICH_2146,তুমি একদম বাজে ভিডিও করো,0,0,0,0,0,0,0
BICH_2147,"মানে একজন অশিক্ষিত মূর্খ হলে যা হয় , তোর বোঝা উচিত উনি একজন এডভোকেট , যে কেও নয় ওনার পরিবার উনার নাম তুলে যেভাবে গালি গালাজ…",1,0,0,0,0,0,0
BICH_2148,Md Jahangir ভাই চোরের নাই ধরম আর ফকিরের নাই সরম,1,0,0,0,0,1,0
BICH_2149,ইউরোপ থেকে বাংলাদেশে কত উন্নত এবার বুঝেন হেলিকপ্টার দিয়ে আমরা জালমুরি বিক্রি করি,0,0,0,0,0,0,0
BICH_2150,এদেরকে শাহজাদার মতো কেন দেখতে পেল জাতি!? এরা তো জণগণের জান মাল ইজ্জত লুটকারী বিশ্ব সন্ত্রাসী হায়েনা?! আসলে আমরা জাতি হিসেবে খুবই লজ্জিত!,1,0,0,0,0,0,0
BICH_2152,ওকে কোন অ্যাঙ্গেলে পুরুষ মনে হয় যারা যারা আছে সবাই পাগল,1,0,0,0,0,1,0
BICH_2154,এই চোর ও দেশদ্রোহী বিশ্বাসঘাতক গুলোর হাতে হাতকড়া ও পায়ে পাকড়া নেই কেন?,1,0,0,0,0,0,0
BICH_2155,এটা BD ইমরান এর gf sendy Saha না,0,0,0,0,0,0,0
BICH_2157,সোশ্যাল মিডিয়ার নোংরামি করার জায়গা না ভালোভাবে ভিডিও করো নোংরামি করছ কেন,1,0,0,0,0,0,0
BICH_2158,মনে করতাম যে ইডেনের কয়েকটা শাহাবাগী। কিন্তু তারা যে মাথা মোটাও হয় এটা জানতাম না।,1,0,0,0,0,0,0
BICH_2159,Normal vodro vabeo video kora jai joto sob nongra video banou,1,0,0,0,0,0,0
BICH_2160,টাকা থাকলে পাগলের রাজনীতি করতে আসে,1,0,0,0,0,0,0
BICH_2162,এটা যেমন সুন্দর বানানো হয়েছে তারচেয়েও বেশি সুন্দর হয়েছে যখন আপনি এটা বহন করেছেন।আপনার জন্যই এর সৌন্দর্য বহুগুণ বেড়ে গিয়েছে।আমর…,0,0,0,0,0,0,0
BICH_2163,"কথাগুলো ফেরাইন নমরুদের মত। মানুষকে ঘর দিয়েছিলাম, অন্ন দিয়েছিলাম, মানে আপনি কী সৃষ্টি কর্তা?",0,0,0,0,0,0,0
BICH_2164,অতিরিক্ত কোন কিছুই ভালো নয় তার জলন্ত প্রমাণ এই নষ্ট মহিলা,1,0,0,0,0,1,0
BICH_2165,রিপাবলিক টিভি কাদের সমর্থক? আওয়ামীলীগ। কেন সমর্থক তা কি বোঝা যায় এখন? কারা আওয়ামীলীগকে সমর্থন করে? যারা বাংলাদেশকে দ্বিখন্ডিত …,0,0,0,0,0,0,0
BICH_2166,আচ্ছা তোর বাপ যে ফাটা কনডম ইউজ করেছিল সেটা কি ধুয়ে পরতে ভুলে গেছিল।,1,1,1,0,0,0,1
BICH_2168,Sobai Sandy Saha ke block koro ki nongra tar mukher vasha,1,0,0,0,0,0,0
BICH_2169,"Thik koreche uni , besh korechen . tor moto erom Opo*dartho guloke ae vabei sayesta kora uchit . nongra chele ekta !",1,0,0,0,0,0,0
BICH_2174,আওয়ামীলীগ ছাড়া ঐ কুশুার দেশকে শান্তিতে আনতে পারবে না ? ইওনুসের দেশ কুকুরের থেকেও খারাপ হয়েছে ? ঐ দেশের আইন বলতে কিছু নেই !,1,0,0,0,0,0,0
BICH_2176,নিচ তলা ভারা দিলে তো এমোন হভে,0,0,0,0,0,0,0
BICH_2177,প্রশাসনকে বলছি তোমাদের কেও জঘন্য বর্বরতার জবাব একদিন তোমাদেরকে দিতে হবে,0,0,0,0,0,0,0
BICH_2178,Anisur Rahman ফেরাউন কারণ নমরুদের মতন কলঙ্কিত সম্পদ এরা বাংলাদেশের জন্য।,1,0,0,0,0,0,0
BICH_2179,ঠিক আছে ব্যাক্তিগত কিন্তু সোস্যাল মিডিয়ায় কেন নোংরামো করার জায়গা পাসনি,1,0,0,0,0,0,0
BICH_2181,এটা কি রে ভাই এইসব কেউ সময় নষ্ট করে তুলে,0,0,0,0,0,0,0
BICH_2184,"Mɗ Rʌĸɩɓ শুয়রের বাঁচা তোর জাত ভাইরা এই কাজ গুলো বন্ধ করলে তো আর বৈষম্য নষ্ট হয় না, মানসিকতা পাল্টা ওটা",1,0,0,1,0,0,0
BICH_2186,"তোর নাইটি পরা বেরোবে অঙ্গভঙ্গি না জেলে বসে কাটবে। বলে দিলাম।,,, তুই একটা ছক্কা হিজরা, কাপুরুষ,,, আমি যদি এই মুহূর্তে কাছে থাকত…",1,0,0,0,1,1,0
BICH_2187,নির্লজ্জ!! অবশ্য গণহত্যাকারীদের অনুশোচনাবোধ থাকেনা।,1,0,0,0,0,0,0
BICH_2189,Khanki chudi a6e lojha nei,1,0,0,1,0,1,1
BICH_2190,Akram Hossen কারণ হলো এরা শয়তান এর লোক।,1,0,0,0,0,0,0
BICH_2193,BNP তে পাগলের সংখ্যা এত বেশি হওয়ার কারণ কি? কেউ কি সঠিক তথ্য দিবেন!,1,0,0,0,0,0,0
BICH_2194,"মাঠ খালি,,,,, দর্শক একটাও নাই। হায়রে পাগলা জাকির",1,0,0,0,0,0,0
BICH_2195,তোর নামে তো আগেও কমপ্লেন হয়েছে রে জানোয়ার,1,0,0,0,0,0,0
BICH_2198,বাংলাদেশ জাতীয় চিড়িয়াখানার কর্তৃপক্ষকে দৃষ্টি আকর্ষণ করছি আপনাদের পশু বাহিরে ঘোরাফেরা করছে,1,1,1,0,0,0,0
BICH_2199,"আওয়ামিলীগ অর্থ নির্লজ্জ, আর হাসিনা মানে একটা সাইকোপ্যাথ মহিলা।",1,0,0,0,0,1,0
BICH_2200,জেল থেকে পাগল হয়ে গেছে ওরে কেয় থামা অনেক পাপ করছে তার এই ফল,1,0,0,0,0,1,0
BICH_2201,এটা কি তোর মা প্রশব করেছে।তোকে কবে কোথায় দিল? যাক তারপর ও বলছি আজ যদি তোর হাউন আনকেল থাকলে তাইলে অনেক খুশি হইত।,1,0,0,0,0,0,0
BICH_2203,একটা লোক এত বছর জেল খেটে এসে এখন সে রেঞ্জ রোভার গাড়ি নিয়ে শো ডাউন দিচ্ছে আর আমরা তাকে বাহবা দিচ্ছি আমরা অন্দ র্জাতি আমাদের আ…,1,0,0,0,0,1,0
BICH_2204,দৈনিক দৈনিক মানুষ পাগলামি খাইনা,0,0,0,0,0,0,0
BICH_2205,"মানুষের থাকে মাথায় বোঝা,,তার তো দেখি আরও নিচে বোঝা",1,1,1,0,0,0,1
BICH_2206,এরকম মূর্খ যদি নেতা হয় তাহলে ওই জেলার কি অবস্থা হবে চিন্তা করেন,1,0,0,0,0,0,0
BICH_2207,তোর বাপ কৈ এই সব বালছাল দেখিয়ে বাংলার জনগণ এর কাছে আর ফেরার সুযোগ নেই,1,0,0,1,0,0,0
BICH_2210,এটা কোন ধরনের পাগল,1,0,0,0,0,0,0
BICH_2211,"মাথা খারাপ হয়ে গেছে, পাগল একটা",1,0,0,0,0,0,0
BICH_2213,টাকা পয়সা থাকলেই সিংগাপুর গিয়ে জা ইচ্ছে তা করা ঠিক নয়। প্রকৃতির নিয়মের বাইয়ে গিয়ে আমরা কেমন থাকতে পারি সেটার ছোট একটা নমুনা এই…,1,1,0,0,0,0,0
BICH_2215,"সোশ্যাল মিডিয়া হেগে মরছিস কেন, আমরা সবাই রিচার্জ করে টাকা দিয়ে তোর বাপের টাকা দিয়ে করি না। নাইটি পরে তোর করা ভিডিও চলে আসে…",1,0,0,1,0,0,0
BICH_2216,Looks ugly when it’s closed,0,0,0,0,0,0,0
BICH_2217,এই কি*টের বা*চ্চারে বয়কট করার কথা অথচ লাভ রিয়েক্ট এর বন্যা বইতেছে।আর শালা টাকা দিয়া এটা কিনে বলতেছে এওয়ার্ড জন্য কাজ করে না। নেমকহারাম শালা....,1,0,0,1,0,0,0
BICH_2218,"আমরা France. থেকে তীব্র নিন্দা জানাচ্ছি, ছিঃ।",0,0,0,0,0,0,0
BICH_2219,বাংলাদেশের মান সম্মান সব ডুবাই দিতাছি মাইয়া সামান্য টু কটা টাকার লেগে নিজের ধর্মর এভাবে অপমান করতাছি,0,0,0,0,0,0,0
BICH_2223,"Naiti pore video kortei paro but oshlilota , naiti pore abroad a giye nogramo kore , nijer culture ta k dobache , abr faltu bo…",1,0,0,0,0,0,0
BICH_2224,"কিন্তু,,,, এত নিচে কি করে",1,0,0,0,0,0,0
BICH_2225,"মানে একজন অশিক্ষিত মূর্খ হলে যা হয় , তোর বোঝা উচিত উনি একজন এডভোকেট , যে কেও নয় ওনার পরিবার উনার নাম তুলে যেভাবে গালি গালাজ…",1,0,0,0,0,0,0
BICH_2226,ভয় পেয়ে গেছে বোকাচোদা,1,0,0,1,0,0,0
BICH_2227,সব চোর এক সাথে হয়েছে,1,0,0,0,0,0,0
BICH_2228,Notun Magi aisa porce,1,0,0,1,0,1,1
BICH_2229,Pagla garod ghure asun age tarpor ektu counselling o darker.. Ekdom matha ta geche,1,0,0,0,0,1,0
BICH_2232,"বা,,,লের কোটি টাকা,,,,এমন গাড়ি নিয়ে আমরা কাজে যাই",1,0,0,1,0,0,0
BICH_2233,এদের মত অসুস্থ লোকজন বিএনপির রাজনীতি ধ্বংস করবে,1,0,0,0,0,0,0
BICH_2234,মাথা পাগল হয়ে গেছে,1,0,0,0,0,0,0
BICH_2235,"অসভ্য কোথাকার,নিজে ঠিক হও",1,0,0,0,0,0,0
BICH_2236,Rabby Hassan Nishan আপুটার পেট অনেক মোটা,1,0,0,0,0,0,0
BICH_2237,Pagol chhilo. Aro pagol hoye gache,1,0,0,0,0,0,0
BICH_2238,পাগলের দল,1,0,0,0,0,0,0
BICH_2239,ওরে সমাজ সংস্কৃতি বিষয়ক না বুঝলে তোর মতো অপদার্থ কে শাস্তি দেওয়া উচিত,1,0,0,0,0,0,0
BICH_2240,মাগো আপনি আপনার মন শক্ত করেন আমরা তো আছি আপনার পাশে ইনশাআল্লাহ আল্লাহ আপনার সব স্বপ্ন ইচ্ছা পুরন করবেন,0,0,0,0,0,0,0
BICH_2241,Pagol c Tui to na meya na chale naite porbi na to ki korbi Sangita didibhai akdom tik kaj korecha tui ki manush modhe poris tora sotti jongole,1,0,0,0,0,1,0
BICH_2244,"এই সব বুড়ো শয়তান দের হাতে হাতকড়া নেই মাজায় দড়ি নেই, আর আলেমদের হাতকড়া ছিলো মাজায় দড়ি ছিলো।",1,0,0,0,0,0,0
BICH_2245,মূর্খ নাকি তুই যা ভাষাতে চেষ্টা মনে হচ্ছে।,1,0,0,0,0,0,0
BICH_2246,কোমরে রশি এবং হাতে হাতকড়া কোথায় আসামীদের?এখানেও সজন প্রীতি?,0,0,0,0,0,0,0
BICH_2247,Ar name case kore na keno faltu meye chele. Baje video onno wed side char social er majhe charar ki ache,1,0,0,0,0,0,0
BICH_2248,তুই তো ফালতু একটা,1,0,0,0,0,0,0
BICH_2249,টাকা থাকলে পাগলও রাজনীতি করতে পারে।,1,1,1,0,0,0,0
BICH_2250,ওর যদি মুখ গুয়ের মতো হলে আদা খানকি তোর মুখটা তো শুয়োরের মতো রে,1,0,0,1,0,0,1
BICH_2251,আমি তো প্রথম ভাবছিলাম দেওয়ানবাগী পরে আবার দেখলাম দুই পেট উপরে এবং নিচে,1,0,1,0,0,0,0
BICH_2252,পাগলাছাদের উপরে উঠতি চাই,1,0,0,0,0,0,0
BICH_2254,কত কিছু দেখতেছি ভাই এগুলো দেখতেও ভাগ্য লাগে,0,0,0,0,0,0,0
BICH_2255,Chi chi ki মুখের ভাষা thik koreche uni tor name case koreche pagol hoagechis tui,1,0,0,0,0,0,0
BICH_2256,"অসভ্য একটা লোক তুমি, তোমার ব্যবহার দেখে বোঝাই যাচ্ছে",1,0,0,0,0,0,0
BICH_2258,"আলেমদের হাতে হাতখড়ি,কোমরে দড়ি থাকে এদের নাই কেন??",0,0,0,0,0,0,0
BICH_2259,"নোংরা লোকরাই নোংরা লোকদের support kore , .... সঙ্গীতা দি , যা করেছেন একদম ঠিক করেছেন",1,0,0,0,0,0,0
BICH_2260,Tui ki daru khaichis ki pagol choda naki hijra kuttar baccha ke arrest kora hok,1,0,0,1,0,1,0
BICH_2261,"তোমরা এত নোংরা, নিজেদের এত কিছু ভাবো তোমরা তোমাদের কি করাতে ল্যাংটো করে পিটানো দরকার",1,0,0,0,1,0,1
BICH_2262,এর জন্য প্রিয় দল বিএনপি কে মানুষ সন্ত্রাসী দল বলে ডাকে,1,0,0,0,0,0,0
BICH_2263,Mad তোর অবস্থা কি হবে তুই জানিস না,1,1,0,0,1,0,0
BICH_2264,"Amra onake support kori. Block kora ta somadhan noy, nongrami dekhle mukh firiye nite nite nongra din din berei choleche. Cont…",0,0,0,0,0,0,0
BICH_2265,সমাজ টাকে নষ্ট করছে কয়েক জন!,0,0,0,0,0,0,0
BICH_2266,চোর ইউনুসকে নোবেল না দিয়ে ওকে দেওয়া উচিত,1,0,1,0,0,0,0
BICH_2267,Tomader moto nongra der theke er theke beshi kora jai na.,1,0,0,0,0,0,0
BICH_2268,"আপনার কথাবার্তা শুনে মনে হচ্ছে যে আপনি একজন মানসিক ভারসাম্যহীন, মানুষ",1,0,0,0,0,1,0
BICH_2269,বিএনপিতে চোর চাঁদাবাজে ও মাদক কারবারিতে ভরে গেছে এটি তার বাস্তব প্রমাণ।,1,0,0,0,0,0,0
BICH_2271,দেখেন ওর দোষ নাই দোষ আমাগো। দিনশেষে আমরাই এ ধরনের লোকেরে আবার নেতা বানাই আবার রাজনীতির মাঠে আনি।৷,0,0,0,0,0,0,0
BICH_2275,যিনি কেস করছেন তিনি একদম ঠিক করেছেন .. মিলিয়ন ফলোয়ার থাকা মানেই তারা হনু.. এগুলো পারিবারিক শিক্ষার অভাব.. বাড়ির লোক যদি ছোট…,1,0,0,0,0,0,0
BICH_2277,আপা আপনি শুধু তৃণমূলের জন্য দোয়া কইরেন তৃণমূলে আপনার সবচেয়ে বড় শক্তি ৩২ এর বাড়ি ভাঙ্গা মানি বাঙালির রক্তক্ষরণ আমরা বঙ্গবন্…,0,0,0,0,0,0,0
BICH_2279,Ja korche sangita didi thik korecha ...tomader moto faltu lokjon der jonno aguloi uchit...,1,0,0,0,0,0,0
BICH_2280,Shame on BD government...nijerai dekh toder yunus sarkar k...2din por toder ghoreo emon hobe...pakistan o toder theke onek valo...,1,0,0,0,0,0,0
BICH_2281,হিন্দু মা ও ছেলের কিছু কথোপকথন।ছেলে মা তাজমহল এতো সুন্দর তাজমহল আমরা বানিয়েছি তাই না ???…,0,0,0,0,0,0,0
BICH_2282,ক্ষমতা থাকলে একবার গালাগাল দিয়ে দেখা,0,0,0,0,0,0,0
BICH_2283,এইভাবে হেডালাইন করা উচিত ছিল ট্রাইবুনালে হাজির করা হয়েছে দেশদ্রোহী চোরদের।,1,0,0,0,0,0,0
BICH_2284,জাকির খান এরকম মানসিক ভারসাম্যহীন কেমন হয়ে গেল ইনার মত লোককে যদি বিএনপি দল পদে রাখে তাহলে দলের ভরাডুবি নিশ্চিত,1,0,0,0,0,1,0
BICH_2286,আলেম ওলামাদের হাতকড়া পায়ে ড্যান্ডি বেড়ি কোমরে রশি দেখেছি আমরা। কিন্তু আফসোস হাজার হাজার কোটি টাকা আত্মসাৎ কারি দেশের টাকা …,1,0,0,0,0,0,0
BICH_2287,এই পাগল ছালন যেনো কোন নেতা না হয়,1,0,0,0,0,0,0
BICH_2288,dur pagol pagla garode ja bes koreche didi.,1,0,0,0,0,1,0
BICH_2289,Priyanka Karmakar আরে ভাই ওর বাবাও এইসব আবর্জনা কে সাফাই করতে পারবে না তাই বাধ্য হয়ে উনার মতন ভালো মানুষদেরই দায়িত্ব নিতে হয়।,1,0,0,0,0,0,0
BICH_2290,এই ছক্কা চুপ কর মাতাল দের সাথে ঘুরে বেড়ায় আবার বড় বড় কথা লাঠি মেরে বাংলা থেকে এদের বার করে দিতে হয়,1,0,0,0,1,1,0
BICH_2292,পরোটা বিক্রি করে তারা ভিডিও বানিয়ে পেট চালাও তোমরা,1,0,0,0,0,0,0
BICH_2294,ও শালা তো গাড়ি উপরে উঠে দাঁড়াবে,1,0,0,1,0,0,0
BICH_2295,হারামজাদা মা বোন আছে ঘরে তোর,1,0,0,1,0,0,0
BICH_2297,"খানকির পোলারা দেশ স্বাধীন করছে এখন দেশের এই অবস্থা কিল্লিগা ,,,,,",1,0,0,1,0,0,1
BICH_2298,"কুত্তার বাচ্চা হাম্বাদিক, খবর পাইলেই হলো।",1,0,0,1,0,0,0
BICH_2299,"পাগল হয়ে গেছে, সবাই সাইড হয়ে যাও কামড়ে দেবে",1,0,0,0,0,1,0
BICH_2302,পাগল হয়ে গেছে এসিতে কাজ করছে না,1,0,0,0,0,0,0
BICH_2305,Ki sikhbe tomader moto nongra video dekhe,1,0,0,0,0,0,0
BICH_2307,আল্লাহর সৃষ্টি বিকৃত করলে তার পরিণতি এমনই হয়। কি বিশ্রী!!!!!,1,0,0,0,0,0,0
BICH_2308,"Toke rastay dekhlei gu chure marbo,,sala ashikkhito nongra mal",1,0,0,1,1,0,0
BICH_2309,ওনি ভালো কাজ করছে যদি সত্যি তোদের মতো নোংরা আবর্জনা দূর হয় তাহলে সবার জন্য ভালো,1,0,0,0,0,0,0
BICH_2310,"Khub e nongra lagchhe, kono creativity nei",0,0,0,0,0,0,0
BICH_2311,তাদের চেহারা দেখে মনে হলো জেলখানা তো নয় শ্বশুরবাড়ি থেকে বের হলো সাধারণ জনগণকে একপ্রকার বোকা বানানো ছাড়া আর কিছুই নয় প্রশা…,1,0,1,0,0,0,0
BICH_2312,"ছোট্ট সময় দেখছি আমরা একটা রোগ আইছিল বাংলাদেশে,,এ রোগটার নাম ছিল জিনজি,বেরাম, জাকির খান কি জিনজি,বেরাম রোগী নাকি",1,0,1,0,0,0,0
BICH_2313,ওয় জঘন্য রকমের মানসিক প্রতিবন্ধী ওরে আবার কোন মামলা মাইরা ভিতরে- ই রাখার অনুরোধ করছি এই সরকার কে,1,0,0,0,0,1,0
BICH_2316,পুলিশের এত পিরিত কেন। ওই শালাগো হাতকরা কোথায়?,1,0,0,1,0,0,0
BICH_2317,"একেই বলে মার্কেটিং পলিসি। বরফের দেশে ফ্রিজ বিক্রি করা, টাক মাথাওয়ালা ব্যক্তির কাছে চিরুনি বিক্রি করা",0,0,0,0,0,0,0
BICH_2318,সরকার অপদার্থ নয়তো তোমাদের আগেই জেলে দিত।,1,0,0,0,0,0,0
BICH_2319,আস্ত একটা টাটকা শয়তান,1,0,0,0,0,0,0
BICH_2320,শাড়ি পরে রাস্তায় দাঁড়িয়ে তালি বাজিয়ে পয়সা তোল ছেবলামো মারাস কেন আবাল চোদা,1,0,0,1,0,1,0
BICH_2321,Mental nki .. rag o pai hasi o pai,1,0,0,0,0,1,0
BICH_2322,এ জাতির ভাগ্যে দুংখ আজীবন লেখা আছে,0,0,0,0,0,0,0
BICH_2323,সমাজটাকে নোংরা করছে করছিস রে কুত্তা,1,0,0,0,0,0,0
BICH_2326,এ পুরো p****c এর থেকে ভালো কিছু ভাষা এলো না। দেখেই বোঝা যাচ্ছে মানসিক ভারসাম্য হীন. কেমন চোখ মুখ। নাক বার করে হাম্বা হাম্বা কর…,1,0,0,1,0,1,0
BICH_2327,ফার্স্ট লুকে গর্ভবতী মনে করছিলাম । কিন্তু ভালো করে খেয়াল করে দেখে ওর জন্য ঘৃণা ছাড়া কিছু মাথায় আসলো না। জঘন্য নির্লজ্য নারী । …,1,0,0,0,0,1,0
BICH_2328,ফ্রী টাইম নষ্ট না করে ঘরে বসে ইনকাম করুন প্রতিদিন ৩০০ থেকে ৪০০ টাকা…,0,0,0,0,0,0,0
BICH_2329,এদরকে গরুর রশি দিয়ে ও হাতকড়া ও ডান্ডা বেড়ি কই। আলেমদের কে কতো অপমান করা হতো।,1,0,0,0,0,0,0
BICH_2331,এই পাগল কোত্থেকে আসলো রে ভাই,1,0,0,0,0,0,0
BICH_2332,তোরা পরিবেশ টাকে নষ্ট করবি আর জঙ্গল সাফ করলেই দোষ।,0,0,0,0,0,0,0
BICH_2334,এগুলো শুয়োরের বাচ্চা জন্মের ঠিক নাই এরা হারামি আইন শৃঙ্খলা নীরব কেন কেন জবাব চাই,1,0,0,1,0,0,0
BICH_2335,পাহাড়ের লোড নিতে পারে নি ওর স্বামী তাই ভাগছে,1,1,0,0,0,0,1
BICH_2337,ইডেন মানে হচ্ছে পোল্টি মুরগি পোল্টির খামার ইডেনে যারা লেখাপড়া করে যেসব মেয়েরা চরিত্রহীন ওদেরকে চাকরি দিতে হবে শাকচুন্নি ম্যা…,1,0,0,0,0,1,0
BICH_2338,Tumi eto faltu keno,1,0,0,0,0,0,0
BICH_2341,বাংলাদেশীরা তোমরা এভাবে চালিয়ে যাও একটা সময় যখন বাংলাদেশে সব হিন্দু শেষ হয়ে যাবে। হিন্দু থাকবেই না তখন জানতে পারবে। যে ভারত…,0,0,0,0,0,0,0
BICH_2342,কিছু কিছু লোক তো শালা অসভ্যতামি করে ফেসবুকে ঠিক করেছে তো সাফ করতে এসেছে না,1,0,0,1,0,0,0
BICH_2344,সে অনেক চেষ্টা করেছিলো পা উপরে দিকে দিয়ে মাথা নিচের রেখে দারাইতে।,0,0,0,0,0,0,0
BICH_2345,"এটা কে রে ভাই,কি লেবেলের ছ্যাবলা পাগল",1,0,0,0,0,0,0
BICH_2346,"বিডিআর হত্যা, শাপলাচত্বর হত্যাকাণ্ড, গুম খুন বিচারবহির্ভূত হত্যাকাণ্ড পরপর তিনটি একদলীয় ভোটারবিহীন নির্বাচন সর্বশেষ জুলাই-আগস্…",0,0,0,0,0,0,0
BICH_2347,শালা একটা মগা নাকি,1,0,0,1,0,0,0
BICH_2348,৫ই আগস্ট বাংলাদেশে নজিরবিহীন জঙ্গি হামলা হয়েছিল। আর এই হামলার সাথে বাংলাদেশ সেনাবাহিনীর পরোক্ষভাবে সম্পৃক্ততা ছিল আর এটাই বাস্তব সত্যি কথা।,0,0,0,0,0,0,0
BICH_2349,Abdul Awal । মিথ্যা মামলার অপরাধী কে। কোমরে দড়ি বাধেনা।,0,0,0,0,0,0,0
BICH_2352,Nusrat Nadia তর মা কে দর্শন করেছিল পাকিস্তানি এজন্যই পাকিস্তানি বলেছিল আমরা যত দর্শন করবো আর এদের বাচ্চা হবে এরা আওয়ামী লীগের …,1,0,0,0,0,0,1
BICH_2353,"ওরে কেউ পাবনা দিয়ে আসো আমি আসতেছি, ওরে পাহারা দিতে যেন বেরোতে না পারে পাবনা মেন্টাল হসপিটাল থেকে,, হারামজাদি",1,0,0,1,0,1,0
BICH_2354,আমাদের টিমে কিছু student নিচ্ছে এবং যারা ঘরে বসে আয় করতে চান তাদের জন্য খুব ভালো একটি জব নিয়ে এসেছি।।।খুব অল্প মানুষ নিচ্ছ…,0,0,0,0,0,0,0
BICH_2355,"সমাজের জঞ্জাল ভাগ তুই,, তোদের মত মেন্টাল গুলো সমাজের জঙ্গল",1,0,0,0,0,1,0
BICH_2356,"মামুনুল হকের পরানো হয় শিকল, আর চোরদের মুক্ত ভাবে নেওয়া হয়। আসিফ নজরুলের পদত্যাগ চাই।",1,0,0,0,0,0,0
BICH_2357,এই পাগলারে শুলে চড়ানো উচিত,1,0,0,0,1,0,0
BICH_2358,তোর মতো জঞ্জাল শুধু মাত্র দুর্গন্ধ ছড়ায় সমাজের তুই একটা বোঝা। একটা বিকৃত রুচির বিকৃত মস্তিষ্কের রানী। মাঝে মধ্যে তোর মনে হয়…,1,0,0,0,0,0,0
BICH_2360,কেস খেয়ে পাগল হয়ে গেছে।,1,0,0,0,0,0,0
BICH_2361,পাগলের সুখ মনে মনে,0,0,0,0,0,0,0
BICH_2363,Pagol sere dile ja kore,1,0,0,0,0,0,0
BICH_2364,Ader k unfollow koro joto gulo ai rokom nongra profile ache thahole boro boro kotha bola berie jabe,1,0,0,0,0,0,0
BICH_2365,আওয়ামীলীগ সব কুকুরের ফাঁসি চাই,1,0,0,0,1,0,0
BICH_2366,তোদের এসব ন্যাকা কান্না দেখে দেশের মানুষ কি যে মজা পাচ্ছেধন্যবাদ এমন বিনোদনের ব্যবস্থা করে দেয়ার জন্য,1,1,1,0,0,0,0
BICH_2367,সঙ্গীতা দিদি তুমি আগে এই কুত্তাটাকে সাফ করো,1,0,0,0,1,0,0
BICH_2369,দেশের মানুষকে জাগতে হবে নরপশুদের শায়েস্তা করার জন্য জয় শ্রী রাম,1,0,0,0,1,0,0
BICH_2370,Roisuddin Rashed সন্ত্রাসী।,1,0,0,0,0,0,0
BICH_2371,তুমি চুপ কর বেশি বকছো,1,0,0,0,0,0,0
BICH_2372,যে সমাজে মূর্খ নির্বোধ বিবেকহীন মাদক সেবনকারী ওরাজগতা তৈরি করে এদের হাতে রাষ্ট্র দিলে সেই রাষ্ট্র কতটা ডেভলপ হতে পারে সেটা বো…,1,0,0,0,0,0,0
BICH_2373,ভয়ংকর বিশ্রী দেখতে বুইড়া হইলে আরও নোংরা দেখাবে তখন পতনের হবে মাথা তিনটা,1,0,0,0,0,0,0
BICH_2374,আমরা পাবলিক দায়িত্ব দিয়েছি।,0,0,0,0,0,0,0
BICH_2375,চোর বেহায়া গুলা আবার হাসে এই গুলারে দড়ি দিয়া হাত পা বাইন্ধা কোর্টে আসা নেওয়া করে না কেন,1,0,0,0,0,0,0
BICH_2376,বাঁশ দিয়া কেউ টিকা দেন শালীরে,1,0,0,1,1,0,1
BICH_2378,"নোংরা লোকরাই নোংরা লোকদের support kore , .... সঙ্গীতা দি , যা করেছেন একদম ঠিক করেছেন",1,0,0,0,0,0,0
BICH_2379,ছি! অমানুষ । পশুর রাজ করছে ।,1,0,0,0,0,0,0
BICH_2380,আমরা উনাকে আগামীতে প্রধানমন্ত্রী হিসেবে দেখতে চাই রাষ্ট্রনায় দেখতে চাই,0,0,0,0,0,0,0
BICH_2382,এই শালা প্রতিবন্ধীর ঘরের প্রতিবন্ধী,1,0,0,1,0,1,0
BICH_2383,নাম দিয়েছেন সাহসী কন্ঠ নিউজ এটা কি সাহসী কন্ঠের নিউজ এইসব পাগলদের পাগলামি গুলোকে আপনারা নিউজ বলে সোশ্যাল মিডিয়ায় আপলোড দি…,1,0,0,0,0,0,0
BICH_2388,আপনি অতীব অসভ্য একটা মানুষ। আপনার থোবরা কিসের মতো? সেটা জানেন কি? এইসব করে সমাজ কে নষ্ট করছেন। আপনার কি অধিকার আছে সমাজ নষ্ট ক…,1,0,0,0,0,0,0
BICH_2389,নিচে অনেক current I mean Light,0,0,0,0,0,0,0
BICH_2392,একেকটা খেয়ে খেয়ে কি ভুড়ি মোটা করছে,1,0,0,0,0,0,0
BICH_2394,Tui k re tui toh gay re tor jno gay committee nogra hoche,1,0,0,0,0,1,0
BICH_2396,শালীর ঘরের শালী আসলেই পাগল একে মেন্টাল হসপিটালে ভর্তি করায় না কিসের জন্য,1,0,0,1,0,1,0
BICH_2398,তোকে দেখলে মনে হচ্ছে তুই পাগল হয়ে গছিস,1,0,0,0,0,0,0
BICH_2399,"এটাই আমার সোনার বাংলা — যেখানে সব কিছুই সম্ভব। কুখ্যাতরা জেল থেকে ফিরেও বিখ্যাত হয়ে যায়। কিছু করার নেই, এদের হাতেই যেন জনগণের ভাগ্য।",1,0,1,0,0,0,0
BICH_2401,"তোর মা,আর পারলে লাইভের কমেন্ট গুলো পরবি।",0,0,0,0,0,0,0
BICH_2403,আল্লাহ যারা ভিউ পাবার জন্য এসব নোংরা ভিডিও তৈরি করে তাদের হেদায়েত করো।এদের জন্য আমাদের শুধু গুনাহের পাল্লা ভারি হচ্ছে,0,0,0,0,0,0,0
BICH_2404,"আলেম দের তো ঠিক হাতকড়া আর কোমরে রসি লাগাই ছিল,এদের কে দেখি জামাই আদরে নিয়ে যাচ্ছে।",1,1,1,0,0,1,0
BICH_2405,"এদের কোমরের রশি কোথায় রশি কেন লাগায় না, অন্তর্বর্তীকালীন সরকারে যারা আছে ওদেরকি এরা শশুর লাগে নাকি,",1,0,0,0,0,1,0
BICH_2407,মুখের ভাষা ঠিক করুন। অসভ্য মানুষ আপনি।।। সঙ্গীতা ম্যাডাম কে?? মা দূর্গা তোর বোধ করবে।,1,1,1,0,0,0,0
BICH_2408,এই পাগলীরে টাইনা বাংলাদেশ থেকে বের দেয়া উচিৎ,1,0,1,1,0,1,0
BICH_2409,কুকুরের লেজার সোজা হবে না,1,0,1,0,0,1,0
BICH_2410,বাংলাদেশে না জন্মমাইলে মজা মিস করতাম আমরা,0,0,0,0,0,0,0
BICH_2412,বেটা ক্যামেরাম্যান তুই বড় দুষ্ট।,0,0,0,0,0,0,0
BICH_2415,Heater ke obosta.tar madar board er kiboard nosto hoy gese,1,0,1,0,0,1,0
BICH_2416,শুনে পাগল হয়ে গেছে কেও গারোদে পাঠাও,0,0,0,0,0,0,0
BICH_2418,Faltu toder moto faltu saltu der jonno ata kora,1,0,1,0,0,1,0
BICH_2419,Tor moron nai kuttar odhom,1,0,1,0,0,1,0
BICH_2420,Potibondi pagol,1,0,1,0,0,1,0
BICH_2421,Md Raju Ahmed বন্ধু নিচে নামতে নামতে এত নেমে গেলি চোখ কি নাই তোদের,1,0,1,0,0,1,0
BICH_2425,তোদের মত মানুষের জন্য সমাজের বাচ্চা গুলো কি শিখছে জানিস,1,0,1,0,0,0,0
BICH_2426,Pagol nki ata bf AR Sathe akam Korte parbo Bose clas Korte parbe na,0,0,0,0,0,0,0
BICH_2429,এই নষ্টা মেয়ে মানুষের সামনে যাই কি করে,1,0,0,0,0,1,0
BICH_2430,তুই একটা অসভ্য কী বলবো ছেলে/মেয়ে তুই একটা আবাল পাবলিক,1,0,0,0,0,1,0
BICH_2431,"কত বড় পাগল, পা গাড়ির উপরে তুলতে চাইছিলো।…",1,0,1,0,0,0,0
BICH_2432,অসাধারণ একটি গাড়ী বাই নড়াইলে চলে আসেন গাড়িটা নিয়ে আমরা চটপটি খাব,0,0,0,0,0,0,0
BICH_2433,"এইসব অসভ্য ছেমরি গুলোকে, ভিডিও করে কোন চ্যানেল। ঐসব চ্যানেলদের অনুরোধ করছি, এসব মেয়েদের প্রকাশ্যে না আনার জন্য।",1,0,0,1,0,1,0
BICH_2434,এই হচ্ছে ইউনুস সুদারু আইনের শাসন নোবেল চোর,1,0,1,1,0,1,0
BICH_2435,আরে হার্ট অ্যাটাক করবি রে নোংরা ছেলে,1,0,1,0,0,1,0
BICH_2436,একটা দামরা মত লাগে নেশাখোর,1,0,1,1,0,1,0
BICH_2437,একি পাগল কেউ একটু বলুন তো,0,0,0,0,0,0,0
BICH_2438,Comment box দেখলেই নিজের aukat জেনে যাবি রে পাগলা,1,0,0,0,0,1,0
BICH_2439,তুমি খুব নোংরা...তুমি একটা জঞ্জাল...তোমাকে সাফ করা দরকার...তুমি দেশের কলঙ্ক....,1,0,1,0,0,1,0
BICH_2441,Ase pase kaw nai mental kotakar,1,0,1,0,0,1,0
BICH_2442,এই ফালতু মাল কোথায় পান,0,0,0,0,0,0,0
BICH_2443,Apnake fat saf korbe kno janen nity pore muzra korchen,0,0,0,0,0,0,0
BICH_2444,Faltu nogra lok ekta,1,0,1,0,0,1,0
BICH_2445,"হাসিনার চাইতে এরা বড় সৈরাচার, এরা দেশে লুটপাট করা, ভাংচুর, ডাকাতি, ছিনতাই, ধর্ষণ, হিন্দুদের জমি দখল, একটা মানুষের ধর্জের সীমা …",1,0,0,0,0,1,0
BICH_2447,জয়বাংলা জয় বঙ্গবন্ধু শেখ হাসিনা আপার ভয় নেই আমরা আছি লক্ষ ভাই,0,0,0,0,0,0,0
BICH_2448,তুই ছাগল কমেন্ট গুলো পর সব্বাই তোলে গালাগালি দিছে,1,0,0,0,0,1,0
BICH_2449,তোর মা বাবা আছে কিন্তু তোর তো না ছেলে হবে না তোর মেয়ে হবে ।তাহলে তো দেখতে পেতো। কি নোংরামি তোরা করছিস,1,0,1,0,0,1,0
BICH_2450,"নিচতলা ভাড়া দিয়ে,,উনি যে উপর তলা নির্মাণ করেছেন তার অবস্থা খুবই ভয়াবহ। আমি নিশ্চিত করে বলতে পারি উপরতলা নির্মাণে দুর্নীতি হ…",0,0,0,0,0,0,0
BICH_2451,নাভির নিচ পর্যন্ত দুধ ওয়ালা মহিলা এই প্রেথ্যম দেখলুম,1,0,1,1,0,1,0
BICH_2452,এদের কোমরে রশি লাগান অনেক আলেমদেরকে তো রশি লাগাইছে,1,0,1,0,0,1,0
BICH_2453,"আলেমদের কমরে বেড়ি লাগানো হয়,আর জালেমদের জামাই আদরে রাখা হয়।",1,0,1,0,0,1,0
BICH_2454,একটা নেশাগ্রস্ত উম্মাতকে সামনে রেখে কত পশু পিছনে,1,0,1,0,0,0,0
BICH_2457,এই সব মহিলা দুনিয়াতে বেঁচে থাকার চেয়ে মরে যাওয়াই ভালো,1,0,1,0,0,1,0
BICH_2458,Tui ekta kukur er gu,1,0,1,0,0,1,0
BICH_2459,হায়রে বিএনপির পুলাপান গাজাকুর কে নেতা বানায় বোকা সুদা রা,1,0,1,0,0,1,0
BICH_2460,এসব নষ্ট মানুষের হাতে কেন হাত করা নাই,1,0,1,0,0,1,0
BICH_2462,তুই তো পাগল মনে হচ্ছে,1,0,1,0,0,0,0
BICH_2466,Tanay Banerjee আপনি করে কথা বলছেন এই খানকির ছেলের উদ্দেশ্যে? তুই করে কথা বলুন,1,0,0,0,0,1,0
BICH_2468,Apnader moto kichu pagol cho ——- a creater er jonno amader samman er g- r Mara jacche onno state gulo te,1,0,1,0,0,1,0
BICH_2471,"কত বড় নির্লজ্জ হলে, এত বড় বড় দুটো দুধের গোডাউন নিয়া মানুষের মধ্যে দাঁড়িয়ে থাকতে পারে",1,0,0,1,0,1,0
BICH_2473,চুপ কর শালা ছেলে ধরা মাসি,1,0,1,0,0,1,0
BICH_2475,Lojja ar pete jodi ektuo bidda thake tahole nijer dignity ta nosto na kore vodro manus ho .... Atodine ekjon thik kaj koreche …,1,0,1,0,0,1,0
BICH_2480,দুইটা গরু না পালে।এই রকম একটা বিয়ে করে বৌ দুধ বিক্রি করে কুটি পতি হয় যেত পারতাম,1,0,0,1,0,1,1
BICH_2482,এতেতো আসলে পাগল একটুুর জন্য বেচে গেল,0,0,0,0,0,0,0
BICH_2483,এটা মেয়েদের জন্য বানানো তোর জন্য বানানো না নোংরা লোক কোথার,1,0,0,0,0,1,0
BICH_2484,সাবধান ধোন কিন্তুু হিন্দু গো আছে। এমন পাগল হমু যাগা বেজাগায় কামরামু।,1,0,0,1,0,1,0
BICH_2485,জ্বলন হবেই না বা কেনো যত সব আবর্জনা পরিষ্কার করছে তো ওই জন্য যে কটা আবর্জনা আছে তাদেরই ফাটছে সত্যি সব এক একটা জঞ্জাল,0,0,0,0,0,0,0
BICH_2487,এখানে সংখ্যালঘু কথাটা কেন বলা হয় জানোয়ারের মত কিসের সংখ্যালঘু তারা এ দেশেরই নাগরিক তাদের জম্ম এই দেশেই আর এমন সব ঘটনা ঘটেছে …,1,0,1,0,0,1,0
BICH_2492,Thik koreche. Ekjon educated person hoe ki kore esob koren?,0,0,0,0,0,0,0
BICH_2493,Mental problem ache tor.,1,0,1,0,0,0,0
BICH_2494,Ei hijra tui bol songbidhaer koi ta dhara ache songbidhan dekhachis ei hijra tu somaj nosto korbi r toke public chere dibe Am…,1,0,1,0,0,1,0
BICH_2495,খুনিদের সকল স্তরের নেতা-কর্মী সমর্থকদের বিচারের মাধ্যমে শাস্তি নিশ্চিত করতে হবে।,1,0,1,0,0,1,0
BICH_2496,হিজড়ে রেগে গেলে এটাই করে।যেখানে সেখানে ছায়া তুলে দেয়।,1,0,1,0,0,1,0
BICH_2497,"ডাবের যখন পানি হয়,মানুষ তখন খাওয়ার জন্য পাগল হয়...!!",0,0,0,0,0,0,0
BICH_2498,বাংলাদেশের ইউনুস কে আমাদের হাতে তুলে দাও তারপর ওর ব্যবস্থা আমরা করছি। বুড়ো পাটা শুয়োরের বাচ্চা …,1,0,0,0,0,1,0
BICH_2499,প্রথমে ভাবছিলাম দেওয়ানবাগী হুজুর এখন দেখি হালায় তো মরছে এটা মহিলা দেওয়ানবাগী,1,0,1,0,0,1,0
BICH_2501,"পাগল, ছাগল কইতে আহে আন্দোলন না হলে জানতেই পারতাম না এইগুলো ইডেনের শিক্ষার্থী",1,0,0,0,0,1,0
BICH_2502,Abul Fazal । মিথ্যা মামলার আসামিকে কোমরে দড়ি পড়ায় না।,0,0,0,0,0,0,0
BICH_2503,"তুই ফির কায় রে দামরা পাটা ,,, না দামরি পাটা",1,0,1,0,0,1,0
BICH_2505,যা করছে ঠিক করছে তোরা নোংরামো করবি তো কি করবে ঠিক করেছে,1,0,1,0,0,1,0
BICH_2506,বেশ করেছে।খুব ভালো করেছে। নাইটি পরা দোষের না।তবে আপনাদের মতো নোংরা ভিডিও করা দোষের। আপনাদের জন্য অন্য সব মহিলাদের বদনাম। ছি: আবার লাইভ করছেন।,1,0,1,0,0,1,0
BICH_2507,তুমি হইলা একটা বড় ধরনের ছাগল,1,0,1,0,0,1,0
BICH_2508,যেদিন আমরা মাঠে নামবো কোন মুসলমান চ**** সময় থাকবে না।,1,0,1,0,1,1,0
BICH_2509,তুই কমেন্ট গুলো পড়ে দেখিস? কেউ তোকে সাপোর্ট করছে না এতো ফালতু বকিস না।,1,0,1,0,0,1,0
BICH_2510,অশিক্ষিত মূর্খ ওর অচারণ দেখলেই বোঝাজায়।,1,0,1,0,0,1,0
BICH_2512,Takar lov e andho hoia gacho din din amon contant toiri korcho ja dakhe sikkhar to kichui nei faltu video banaccho .,0,0,0,0,0,0,0
BICH_2513,Eto niche namche eraa manush nay omanush,1,0,1,0,0,1,0
BICH_2514,"এই ফালতু বাংলাদেশে এসেও, এমন বাল ছাল পরে ভিডিও করে,ফালতু",1,0,1,0,0,1,0
BICH_2516,এই পাগল চোদা আছি রে তুই,1,0,1,0,0,1,0
BICH_2517,Tor mathar tar kete geche toke dekhe ja mone hchvhe,1,0,1,0,0,1,0
BICH_2518,অদ্ভুত রকমের বুদ্ধি আর আকামের কাজে আমরা বাংলাদেশি সেরা রে,0,0,0,0,0,0,0
BICH_2520,Tui to faltu tor poribarer sobar chorirtra je koto ta kharap ta toke dekhe bhujlam faltu lok akta... tik koreche aro korbe mad…,1,0,1,0,0,1,0
BICH_2522,কোমরে রশি মাথায় হেডমেট ও হাতকড়া কোথায গেল? ???????,1,0,1,0,0,1,0
BICH_2524,আমরা চাই আমাদের king আবার আমাদের মাঝে ফিরে আসুক,0,0,0,0,0,0,0
BICH_2526,"উচিৎ কথা বললে এরকম হয় ,, তোমরা উল্টো পাল্টা ভিডিও বানাবে আর আমরা বললে দোষ ,,",0,0,0,0,0,0,0
BICH_2527,Zulfikar Ali Vhutto উনার মন-মানসিকতা উদার আওয়ামী লীগের মতো জঘন্য মন মানসিকতা নিয়ে চলে না।,1,0,1,0,0,1,0
BICH_2528,যে যাই বলুক এটা একটা বিজনেসের নতুন আইডিয়া কিন্তু এখানে বোকাচোদারা শুধু শুধু হা হা রিয়েক্ট দিচ্ছে,1,0,1,0,0,1,0
BICH_2530,Akta pagol r apod.,1,0,1,0,0,1,0
BICH_2531,বিনা অপরাধে আলেমদের গ্রেফতার করে ডাণ্ডা বেরি পরানো হয় আর এই খুনি চোরদের কেন ডান্ডা বেরি পরানো হয়নি।,1,0,1,0,0,1,0
BICH_2533,এড কি আদা পাগল নাকি,0,0,0,0,0,0,0
BICH_2535,Kire eisob .pagol chagol,0,0,0,0,0,0,0
BICH_2536,Pagol er sukh mone mone,0,0,0,0,0,0,0
BICH_2538,"সামনে কি কোন লোকজন আছে নাকি হুদাই হাত উচা করে পাগলডায়,,,,,সালার দলডাই একটা পাগলা গারদ হইছে।",1,0,1,0,0,1,0
BICH_2539,আর কত পাগল যে দেখবো,0,0,0,0,0,0,0
BICH_2540,Tui to ekta pagol ekdom thik kaj korechen uni,0,0,0,0,0,0,0
BICH_2541,সেই রাতে যদি এর মা বাবা দুষ্টামি না করে যদি ঘুমাইতো তাহলে আজ এই দিন দেখতে হতো না,0,0,0,0,0,0,0
BICH_2542,সত্যি অসাধারণ একটা ভিডিও সব বুদ্ধি জ্ঞান দানের মালিক একমাত্র আল্লাহ তা'আলা আল্লাহর দরবারে শুকরিয়া,0,0,0,0,0,0,0
BICH_2544,"Are pagol live a esesis,, comment gulo ektu por.",0,0,0,0,0,0,0
BICH_2545,এটা ভয়ে পাগল হয়ে গেছে,0,0,0,0,0,0,0
BICH_2546,আলেমদেরকে হাত কড়া পড়াইয়া আদালতে নিছেন!!তাদেরকে হাত কড়া ও কোমরে রশি বেঁধে নেওয়া উচিত,1,0,1,0,0,1,0
BICH_2550,"Tomar video gulo joghonyo, kono din dekhina, Sangita mam ja koreche thik koreche",1,0,1,0,0,1,0
BICH_2551,Pagla r bollm na,0,0,0,0,0,0,0
BICH_2552,তোর বাপ মা আছে না তুই কোনো চরিত্র হিন মেয়ের বাচ্চা,1,0,1,0,0,1,0
BICH_2554,দোষ টা তোর না যদি তোর বাবা-মা ঠিক টাইমে তোকে পোলিও ড্রপ এবং কুকুরের কামড়ানোর পাঁচটি ইনজেকশন স্বাস্থ্য কেন্দ্রে নিয়ে গিয়ে…,1,0,1,0,0,1,0
BICH_2555,কত পাগল আইল আর গেল,0,0,0,0,0,0,0
BICH_2556,"এদের কাছ থেকে আমাদের শিক্ষা নেওয়া উচিত রাজনীতির ক্ষমতা ক্ষণস্থায়ী , তাই রাজনীতি করতে হবে জনগণের জন্য মরণের পরও যেন জনগণ বলে নেতা ভালো ছিল",0,0,0,0,0,0,0
BICH_2557,এ জাতির ভাগ্যে দুংখ আজীবন লেখা আছে,0,0,0,0,0,0,0
BICH_2559,অ্যাডভোকেট দিদির ভয়ে এই জঞ্জালটা তো পাগল হয়ে গেছে! ভালো হয়েছে। অ্যাডভোকেট সঙ্গীতাদিকে স্যালুট।,0,0,0,0,0,0,0
BICH_2562,একটা নেশাগ্রস্ত উম্মাতকে সামনে রেখে কত পশু পিছনে,1,0,0,0,0,1,0
BICH_2565,আপু আপনার চেষ্টায় আমরা মুগ্ধ,0,0,0,0,0,0,0
BICH_2566,"আহারে দেশের রাজনৈতিক, কি দরকার ছিল এমন নোংরা রাজনৈতিক করার, এই বয়সে এসে জেলে দিন যাপন করতে হবে,",0,0,0,0,0,0,0
BICH_2568,আমরা সবাই দায়িত্ব দিয়েছিরে.,0,0,0,0,0,0,0
BICH_2569,বাইচ্চা থাকো চিরো কাল ছিড়া খাইয়ো ভেড়ার বাল,1,0,0,0,0,1,0
BICH_2571,দেশদরদী আমীরে জামায়াত আমরা সাধুবাদ জানাই।,0,0,0,0,0,0,0
BICH_2572,চুপ কর শালা ছেলে ধরা মাসি,1,0,1,0,0,1,0
BICH_2573,"চাঁন্দা ভাই BNP ,চাঁন্দা ভাই ছাত্রদল ।কুত্তালীগ,…",1,0,1,0,0,1,0
BICH_2574,আর একটু নিচে গেলে দুইটা জিনিস এক জায়গাতেই পাওয়া যাবে,0,0,0,0,0,0,0
BICH_2575,"Amra onake support kori. Block kora ta somadhan noy, nongrami dekhle mukh firiye nite nite nongra din din berei choleche. Cont…",0,0,0,0,0,0,0
BICH_2576,আরো কতো কিছু করবো চুদির পো রা,1,0,0,0,0,1,0
BICH_2577,মনে হচ্ছে এদেরকে হাত ধরে জামাই বাড়ি নিয়ে যাওয়া হচ্ছে। এদের হাতকড়া ও কোমরে রশি কোথায়???তাদের কোমরে ডান্ডা বেরিল লাগানো উচিত ছিল।,1,0,1,0,0,0,0
BICH_2580,Nudity promotion korar jnno....jama pant khule korte hbe emn kono bapar nei.... facebook nongra hye geche seta sikar koro.... …,1,0,1,1,0,1,0
BICH_2581,"ফাটা দেখিয়ে বিজয় আমরা চাই না,আমরা আশা করি শালীনতা বজায় রেখে হেরে গেলে ও আমরা খুশি",0,0,0,0,0,0,0
BICH_2582,দেখেন ওর দোষ নাই দোষ আমাগো। দিনশেষে আমরাই এ ধরনের লোকেরে আবার নেতা বানাই আবার রাজনীতির মাঠে আনি।৷,0,0,0,0,0,0,0
BICH_2587,নাইটি পরলে অনেকটা তোমাকে পাগলা চ**** মত লাগে। পুরো আস্তে যেন একটা জল হস্তি,1,0,1,0,0,1,0
BICH_2588,এগুলো নিয়ে নদীতে হালাইয়া দে আনদোলনের টাইমে কোন কিচ্ছু কস নাই আর আগিলা নিয়া আইসোত দেখাইতে তোর এই লেওরা জিনিস দেখার সময় নাই তরতে ভালো ভালো ছাত্র ছাত্রী আছে যারা আগুলা পাওয়ার পরেও কোনো শো অফ করে না তোর মতো হালা বোকা ১৪,1,0,0,0,0,1,0
BICH_2589,"তোর যদি বাড়ির ঠিকানা আমি পেতাম তাহলে তোর বাড়িতে গিয়ে সোজাসুজি তোর ধোন কেটে দিতাম আমি। খানকির ছেলে তোরা মানুষ শালা, তোরা অমানুষ",1,0,1,0,0,1,0
BICH_2590,বাংলাদেশের হিন্দুরা এক হয়ে বাংলাদেশ ভাগ কর ইন্ডিয়ার সাইডে বন্ধুরা আলাদা দেশ বানাও,1,0,0,0,0,1,0
BICH_2591,আলেম ওলামা হলে হাত করা ও কোমরে রশি থাকতো,0,0,0,0,0,0,0
BICH_2592,Tor maa poiite jeto,1,0,0,0,0,1,0
BICH_2595,এই সেই লোক যে কিনা নিচ তলা ভাড়া দিয়ে দুই তলা করছে,0,0,0,0,0,0,0
BICH_2599,এই হিজরে শালা কথা সামলেতে হয় বল,1,0,0,0,0,1,0
BICH_2600,শালা একটা মগা নাকি,1,0,0,0,0,1,0
BICH_2603,অশিক্ষিতর মতন কথা বলো তোমাদের জন্য তো বাচ্চাগুলো তো নষ্ট হচ্ছে বাচ্চারা এখন ফোন দেখে তোমাদের ওই কনডম ঝুলিয়ে ঘুরে বেড়াবে ওগুলো দেখবে,1,0,0,0,0,1,0
BICH_2605,Pagla choda nki bara tui,1,0,1,0,0,1,0
BICH_2606,"দেশের সবচেয়ে নিকৃষ্ট জা*নোয়ার গুলোর মুখে হাসি কেন? নেই কোমরে রশি,নেই হাত কড়া। তামাশা বন্ধ করো",1,0,0,0,0,1,0
BICH_2607,নোংরামি করতে আর কোন জায়গা পাওনি এখন তো শুধু গরম লাগছে এসি টাও কাজ করছে না দাঁড়াও,0,0,0,0,0,0,0
BICH_2608,আহারে শাহজাহান খান কি ভাবটাই না দেখেইতো এখন চোরের মত হাজিরা দেয়,1,0,0,0,0,1,0
BICH_2609,Ere hasina ses kore dice pagol banai pelce,1,0,1,0,0,1,0
BICH_2610,"আমরা আবার গুরে দাঁড়াব,",0,0,0,0,0,0,0
BICH_2611,"মেন্টাল সমাজ তৈরি করছে এরা মেন্টাল সমাজ আগে মানুষ পাগল গুলো এভাবে নাইটি পড়তে চারটি পড়তো ন্যাংটা হয়ে ঘুরতো তাই করছে এরা, আদিম যুগের পাগল",1,0,1,0,0,1,0
BICH_2612,সবগুলা ছ্যাঁচড়া চোর,1,0,0,0,0,1,0
BICH_2613,"মনে হচ্ছে যেনো এক এক জনকে শশুর বাড়িতে হাত ধরে নেয়া হচ্ছে, এদেশে আমরা দেখেছি নিরপরাধ আলেমদেরকে হাতে হাত কড়া ও পায়ে ডান্ডা বেড়ি …",1,0,0,0,0,1,0
BICH_2614,সন্ত্রাসীদের দল ডাকাতের দল চাঁদাবাজ দল ও চাঁদাবাজ ছাত্র দল দুই ভাই,1,0,1,0,0,1,0
BICH_2615,খানকি বেশ্যা মাগীর পোলা ইউনুস কে লাথি মেরে গদিচ্যুত করতে হবে। মাগীর পোলা বাংলাদেশের জন্য অভিশাপ একটা।,1,0,1,0,0,1,0
BICH_2616,"মাথাটা পুরো পাগল হয়ে গেছে রে, একে তো ডাক্তারখানায় নিয়ে যা",1,0,0,0,0,1,0
BICH_2617,বিএনপি'র জন্য এরকম দুই চাইরডা নেতা থাকলেই হবে।দলে যতসব আবর্জনা,1,0,1,0,0,1,0
BICH_2618,ফালতু ছেলে এটা একটা।,1,0,0,0,0,1,0
BICH_2619,দুবাই তে আমরা এই গাড়ি দিয়া বাজার করি,0,0,0,0,0,0,0
BICH_2620,এদের কে কোমরে দড়ি আর হাতে হ্যান্ডকাপ পরানো দরকার ছিলো।খুবই ঘৃণিত লোক এরা।,1,0,1,0,0,1,0
BICH_2621,....266এরে ফ্রিতে লাগাতে দিলেও রুচিশীল বেশিরভাগ মানুষ ঘেন্নায় সরে যাবে!! হায়রে পৃথিবী...,1,0,0,0,0,1,0
BICH_2623,Tor jala bedheche bujhte parchi faltu lok akta,1,0,1,0,0,1,0
BICH_2624,শালা ক্যামেরাম্যান বিভ্রান্তিতে ফালায় দেয়,1,0,0,0,0,1,0
BICH_2625,মরার আগেও জানি কোন বিনোদন দেইখা মানুষ মরে,0,0,0,0,0,0,0
BICH_2626,ইউনুসের মায়রে চুদি খানকির পোলা তোর জবাব দেয়া লাগবে।,1,0,0,0,0,1,0
BICH_2627,তোদের লজ্জা করে না রে তোদের বাবা মা কেমন একদম ফালতু ছেলে,1,0,1,0,0,1,0
BICH_2628,Advocate madam Sandy pagol hoye geche,0,0,0,0,0,0,0
BICH_2629,Puro pagol hoye geche,1,0,1,0,0,1,0
BICH_2630,"তুমি আগে ডক্টর দেখাও , মানসিক ভারসাম্য হীন তুমি , আর তোমার আইডি সবার উচিৎ রিপোর্ট মেরে দেওয়া , সত্যিই তোমার ভিডিও গুলোদেখে সম…",1,0,0,0,0,1,0
BICH_2631,Toder moto somaj er nongra gulor benche thakar adhikar nei just Facebook theke eder id gulo block korano uchit ei bela meta Fa…,1,0,1,0,0,1,0
BICH_2633,শেখ হাছিনা দেশ ছারতে হয়েছে কিছু আগল পাগলকে সাংসদে নিয়ে।,1,0,1,0,0,1,0
BICH_2635,"অশিক্ষিত,অসভ্য অবলা পশুরাও তোমার থেকে অনেক ভালো।অভদ্র একটা।",1,0,0,0,0,1,0
BICH_2637,"কেয়ামতের আগে সমাজের,চোর বাটপার খুনি লুচ্চার সম্মান বেশি দেওয়া হবে এটাই তার প্রমাণ",1,0,0,0,0,1,0
BICH_2638,ফালতু লোক বেটা ছেলে নামে কলঙ্ক,1,0,0,0,0,1,0
BICH_2639,তোমার লজ্জা নেই একদম লজ্জা থাকলে এতো বড় বড় কথা বলতে না অসভ্য একটা তুই নিজের মুখ টা দেখেছিস তোর মুখ টা কেমন,1,0,0,0,0,1,0
BICH_2642,Toke chabke soja kora uchit. Tor nijer mukh ta dyakh age. Oahikkhitor baccha sala,1,0,0,0,0,1,0
BICH_2643,Pagol naki!!nijer mukhta dekho ar nijer capacity r sathe ekhon advocate er tulona!!!osikkhar chorom porjay.mukh diye dekhte di…,1,0,1,0,0,1,0
BICH_2645,সালা কুত্তা ব্রা প্যান্টি পড়া,1,0,0,0,0,1,0
BICH_2646,অসভ্য লোক আমার সামনে থাকলে মুখে থাপ্পড় মারতাম,1,0,0,0,0,1,0
BICH_2647,"কোমরে দরি দিতে হয়, আমরা তো এর আগে দেখছি আসামি হলে কমরে দরি দিয়ে টানতে হয়,.....একই আদালতে দুই রকম বিচার মানি না,.....হুজুরদের ক…",1,0,1,0,0,1,0
BICH_2648,শালার এক পাগল এর দল গেছে। আরেক পাগল এর দল শুরু হইছে,1,0,1,0,0,1,0
BICH_2650,"কি অবস্থা , চেয়েছিলো পা দুইটা গাড়ির ছাদে তুলতে, শালা যতসব প্রতিবন্ধী ,",1,0,1,0,0,1,0
BICH_2651,ঠিক করছেন যা করছেন। ওনাকে ধন্যবাদ। অসভ্যতার একটা সীমা থাকে। কিসের ব্যক্তিগত? সোশ্যাল মিডিয়া যখন সব দেখাচ্ছ তাহলে আবার ব্যক্তিগ…,1,0,1,0,0,1,0
BICH_2652,এরা দেশদ্রোহী বিশ্ব চোর,1,0,1,0,0,1,0
BICH_2653,আমি তো প্রথমে ভাবছিলাম ওনি অনেক মোটা পরে দেখি,0,0,0,0,0,0,0
BICH_2655,এতেতো আসলে পাগল একটুুর জন্য বেচে গেল,1,0,0,0,0,1,0
BICH_2657,"Arman Prodhan amn behaya meyeder amon kotha bola dorkar,thik bolesen",1,0,1,0,0,1,0
BICH_2658,Ata ke dhore jel a vore deoya uchit somaj take nosto kore dicce,1,0,1,0,0,1,0
BICH_2660,"আপা,আপনি মনখারাপ করবেন না, আমরা আছি।।",0,0,0,0,0,0,0
BICH_2662,"জনাব কামরুল ইসলাম'কে,সালাহউদ্দিন কাদের চৌধুরী সাহেব, ডাকতেছে...?…",0,0,0,0,0,0,0
BICH_2663,দেওয়ানবাগি মহিলা ভার্সন দেওয়ান মাগি,1,0,0,0,0,1,0
BICH_2664,Sala ja khusi kor but social media te kno korbi,1,0,0,0,0,1,0
BICH_2666,বেশ করেছে। তোমাকে আর তোমাদের মতো যারা নোংরামি করে যারা তাঁদের জন্য একদম ঠিক একজন মানুষ এসেছে। ঠিক করেছে। ছি তুমি এত টা নোংরা তা জানতাম না,0,0,0,0,0,0,0
BICH_2667,এর মাথা খারাপ,0,0,0,0,0,0,0
BICH_2668,শালা চোরের বাচ্ছারা,1,0,1,0,0,1,0
BICH_2669,অসভ্য লোক একটা একদম ঠিক কাজ করেছে,1,0,1,0,0,1,0
BICH_2670,টাকা থাকলে পাগলও রাজনীতি করতে পারে।,1,0,1,0,0,1,0
BICH_2671,কি অবস্থা ফালতু কোন জায়গায়,0,0,0,0,0,0,0
BICH_2672,তোর মা বাবা আছে,0,0,0,0,0,0,0
BICH_2673,দেশটা আস্তে আস্তে শেষ হয়ে যাবে।।,0,0,0,0,0,0,0
BICH_2675,কি বিশ্রি লাগছে ভাষায় প্রকাশ করা যাবে না,0,0,0,0,0,0,0
BICH_2677,উনি তো নিজে বলেছিলেন নিচ তলা ভাড়া দিয়ে দোতলা বড় করেছে যারা নিচতলা ভাড়া দিয়ে দু তলা বড় করে তাদের সাথে এরকমই হওয়া উচিত এবং হয়,1,0,1,1,0,1,0
BICH_2678,"কেয়াতের আলামত এগুলো, পাগল হচ্চে দেশের নেতা জোকার পুরাই জোকারের মত লাগের",1,0,1,0,0,1,0
BICH_2680,যে মাদারচোদ রা এই কাজ করেছে এমনিতে তো কাটা গড়া থেকে কেটে দাও।,1,0,1,0,0,1,0
BICH_2681,West Bengal mane oshikkhto rajjo ekta ekhane nijer theke beshi loker pochone kathi kora beshi pochondo fake advocate,1,0,1,0,0,1,0
BICH_2682,এটা বাংলাদেশের জনগনের কল্যানে করা কাজের জন্য দেয়া হয় না। এটা আমেরিকার সিটিজেন বা গ্রীনকার্ড হোল্ডারদের দেয়া হয় আমেরিকার ভলান্টিয়ারের কাজের জন্য। অযথা বাঙালিকে বোকা বানিয়ে লাভ কি? ২৪ এর আন্দোলনে জনগণের বিপক্ষে দাঁড়িয়ে এখন আস্থা কুড়ানোর বৃথা চেস্টা মাত্র।,0,0,0,0,0,0,0
BICH_2684,"কিছুই বুজলাম না কেমনে কি,,এতো নিচে না পেট না,,,,,,",0,0,0,0,0,0,0
BICH_2685,Mental problem ache tor.,1,0,1,0,0,1,0
BICH_2686,শালারা দেশের বড় চোর,1,0,0,0,0,1,0
BICH_2688,Tai nki kon pagol kotha theke ase era .er ki ma baba kichu bolena,1,0,1,0,0,1,0
BICH_2691,বাংলাদেশের উদ্ভাবন কানে ধরছি আর না ..কষ্ট আমরা পাই ওরা না।।।,0,0,0,0,0,0,0
BICH_2695,পাগল মনে হচ্ছে এর ভঙ্গিমা দেখে মনে হচ্ছে একদম মাথা খারাপ হয়ে গেছে,1,0,0,0,0,1,0
BICH_2697,জায়েদ খান এক পাগল আর তাকে চুমু খেলো আর এক পাগল,1,0,1,0,0,1,0
BICH_2698,"সবাই দেখি জামাই আদরে আছে। কারো হাতে হাত কড়া নাই, ডান্ডা বেড়ি নাই, কোমরে রশি নাই। শুধু আলেমদের বেলায় ভিন্ন দেখা যায়। হায়রে জাতি।",1,0,1,0,0,1,0
BICH_2699,দেখে মনে হয় এই সালা পাগল হয়ে গেছে,1,0,1,0,0,1,0
BICH_2700,এদের এতো আদর করে নেওয়ার কি আছে? এরা জনগণের সাথে যা করেছে তাতো আমরা কেউ ভুলি নাই আর কোন দিন ভুলবেও না। এদের কি সামান্য লজ্জাও নাই।,1,0,1,0,0,1,0
BICH_2701,Aslam Mia সাজানো গোছানো চোরের বাগান টা ছাত্র জনতা শেষ করে দিলো। এই আফসোসে লীগ শেষ হয়ে যাচ্ছে!,1,0,1,0,0,1,0
BICH_2702,বিজয়ের এই দিনে চোর ডাকাতদের মেলা বসেছে আদালতে,1,0,1,0,0,1,0
BICH_2703,উনার পেট এত উপরে কেন?,0,0,0,0,0,0,0
BICH_2704,এই শালাদের তো খুব স্বাভাবিকভাবে হাটাচলা করতে দেখা যায় তাদেরকে তো করা রিমান্ট এবং ডিম থেরাপি দেওয়া দরকার ছিল,1,0,0,0,0,1,0
BICH_2705,একদম ঠিক করেছে দিদিভাই তোমাদের শয়তানের জন্য,1,0,0,0,0,1,0
BICH_2706,আপনাদের জন্য সমাজ নষ্ট হচ্ছে বড় কথা বলবেন না,1,0,1,0,0,1,0
BICH_2707,মনে হচ্ছে কোন বিয়ে বাড়িতে দাওয়াত খেতে যাচ্ছে। ওনাদের কোমরে রশি বেধে সারি করে নিয়ে যাওয়া উচিত।,1,0,0,0,0,1,0
BICH_2708,ডাকাতিয়া ইউনিয়ন শ্রমিক দল,1,0,1,0,0,1,0
BICH_2709,আমরা কেউ ভালো নেই,0,0,0,0,0,0,0
BICH_2710,জনগণের ভোট চোর গনহত্যা কারী এরা আবার অনুশোচনা করবে! চোরের মায়ের বড় গলা।,1,0,1,0,0,1,0
BICH_2712,"Ekdm e thik koreche Tomder moton nongra manush er moton erm safai kormi der e proyojon .....! Lojja pawa dorkar , nije influen…",1,0,0,0,0,1,0
BICH_2713,Ei hijre tar pode bas dhuka to keu pagla chuda ekta,1,0,0,0,0,1,0
BICH_2714,Puro psycho to apni!! Share to korbo e.apnar moto psycho gulo k age fb theke biday kora hok.,1,0,1,0,0,1,0
BICH_2715,পলকে কালো চশমা এবং নতুন জুতা পাইলো কই,1,0,1,0,0,1,0
BICH_2716,নিচ তলা বাড়া দিয়ে উপর তলা করেছিলো বেচারি। একন কোনো তালাই মানুষ বাড়া নিচ্চে না।…,0,0,0,0,0,0,0
BICH_2718,Valo kichu bolte parti bon aivabe amader clg er nam nosto na korlew parti,0,0,0,0,0,0,0
BICH_2720,ওহে মাগি তুমি কতই যাদু জানো,1,0,1,0,0,1,0
BICH_2721,Sadman Ali when ghor Ka pankha helicopter main lagata tum in real life,1,0,0,0,0,1,0
BICH_2723,ভয় নাই আমরা আছি আপাজয় বাংলা,0,0,0,0,0,0,0
BICH_2724,এই পাগল নাকি অভিভাবক আর পাগলে ও পিছে ছগল নিয়ে ঘুরে,1,0,0,0,0,1,0
BICH_2725,যে ভাবে গাড়ির উপরে উঠতে চাইছিল।আমি ভাবছিলাম নিচে লাফ দিবে।,0,0,0,0,0,0,0
BICH_2726,তোরা এই প্লাটফর্মের যোগ্য না অসভ্য তোরে ছেলে বলবো না মেয়ে বলবো বুঝতে পারছি না,1,0,1,0,0,1,0
BICH_2727,"ছোট বেলায় আমি আমার বাসার অনেক ভালো ভালো টর্চ লাইট,টেবিল লাইট, ইচ্ছে করে নষ্ট করতাম আবার বাজার থেকে ব্যাটারি আইনা নিজের মতো করে…",0,0,0,0,0,0,0
BICH_2728,তাদের হাতে গরুর রশি কোথায়,0,0,0,0,0,0,0
BICH_2729,এদেরকে হাতকড়া পরাই টেনে হিচড়ে নেওয়া দরকার কারন এরা বড় ডাকাত দেশের সম্পদ পাচার কারি।,1,0,1,0,0,1,0
BICH_2730,পাগল গুলা পাবনা থেকে ছাড়া পায়লো কি করে,1,0,1,0,0,0,0
BICH_2732,মূল প্রশ্ন হচ্ছে এমন জঘন্য কাজ কোনভাবেই মানা যায় না,0,0,0,0,0,0,0
BICH_2733,Tui sali na sala,0,0,0,0,0,0,0
BICH_2736,পাগল হয়ে গেছে মনে হচ্ছে জাকির,1,0,0,0,0,1,0
BICH_2739,কাজ করি আমরা আর গোল্ড পাও তোমরা,0,0,0,0,0,0,0
BICH_2740,Tui gu mukho esb bleo kichu fol pabina sarajibon nighty sari porei katate hbe faltu hizre ekta,1,0,0,0,0,1,0
BICH_2741,তোর মুখটা দেখলেই জুতোপেটা করতে মন চায় অসভ্য জানোয়ার একটা দুর হো,1,0,1,0,0,1,0
BICH_2742,আমাদের ভাগ্য কত খারাপ হলে এসব মানুষ নেতা হয়,1,0,0,0,0,1,0
BICH_2743,নাটকের YouTube লিংক নিচে দিয়ে দিলাম চাইলে দেখে আসতে পারেন Full-Natok-YouTubeh…,0,0,0,0,0,0,0
BICH_2745,জেল খাইটা পাগল হয়ে গেছে,0,0,0,0,0,0,0
BICH_2746,"এই মানুষটা তো মরে গেছে সেই কবে ৭৫ এই, তার কি আছে জীবনে চাওয়া-পাওয়ার! তবু ফিরে এসে পুরোটা জীবন দেশের জন্য পার করে দিলেন। এই দেশ…",0,0,0,0,0,0,0
BICH_2749,চোরদের হাতে হাতকড়া নেই কেন??,1,0,1,0,0,1,0
BICH_2754,ঠিক করেছে তোদের কে এইভাবেই শিক্ষা দেয়া উচিত নোংরা ড্রেস পরার সময় মনে থাকে না,1,0,0,0,0,1,0
BICH_2755,"Islam Mahatab আমার প্রশ্ন এটা হাতকড়াডান্ডাবেরি কোথায়? আলেমরা কি খু,*নি ছিলো?",1,0,0,0,0,1,0
BICH_2756,তুই ও জানোয়ার দেখছি,1,0,1,0,0,1,0
BICH_2758,টাকা থাকলে পাগল চোদনাই ও রাজনীতি করতে পারে।,1,0,0,0,0,1,0
BICH_2760,তুই কে এমন অসভ্যতা করার লাইসেন্স কে দিয়েছে,1,0,0,0,0,1,0
BICH_2762,"মরতে যখন হচ্ছে, মেরে মরো",0,0,0,0,0,0,0
BICH_2763,Madam ja koracha tik koracha.tor jaiga social media ta noi pagla garoda.,0,0,0,0,0,0,0
BICH_2764,"ফালতুর মুখে জুতার মার মারুন ,সকল বন্ধুরা",0,0,0,0,0,0,0
BICH_2765,এইটাতো মনে হয় আদা পাগল,1,0,0,0,0,1,0
BICH_2766,সবগুলারে মরিচ থেরাপি দেওয়া হোক।,1,0,0,0,0,1,0
BICH_2768,"সবাই কে দেখে,, নিষ্পাপ নিষ্পাপ মনে হচ্চে! আসলে সব, জালেম শয়তান,",1,0,0,0,0,1,0
BICH_2769,পাগল একটা ফেসবুকে এসে নোংরামো করিস আবার বড় বড় কথা।,1,0,1,0,0,1,0
BICH_2770,"স্যান্ডি, সত্যি সবসময়ই ভয়ানক। যেটা তোর সঙ্গে হয়েছে, আর তোর মুখটা ঠিক এডভোকেট সংগীতার গু এর পোকার মত। তুই ওর গু এর পোকা হবার…",1,0,1,0,0,1,0
BICH_2771,কোমরে দড়ি কোথায়? এরা দেশের কি?? চোর লুটতরাজ ডাকাতের এতো আরাম কেন??,1,0,0,0,0,1,0
BICH_2772,গাঁজাখোরের সমর্থক এর অভাব নাই বাংলাদেশে,1,0,0,0,0,1,0
BICH_2773,MD Tanjil Howlader তোর ব্যবহার এই বুঝা যায় তোর বাপ হাউন আঙ্কেল।,1,1,0,1,0,1,0
BICH_2774,টাকা দিয়ে কিনা যায় আমাদের আর কত বোকা বানাবেন,0,0,0,0,0,0,0
BICH_2775,হাত করা নাই কমরে রসি নাই জামাই আদর করে হাজিরা দিতে আনছে,1,0,0,0,0,1,0
BICH_2776,বোঝা যাচ্ছে তুই হচ্ছে আস্ত নোংরামি একটা কি বলবো পাগল বললেও অন্যায় মাতাল বললেও অন্যায় কি বলবো ভাষা নেই তোর,1,0,1,0,0,1,0
BICH_2777,"মনুষ্যত্ব মরে গেছে,দোষ দিবো আর কারে রে,আজ আমার",1,1,0,0,0,1,0
BICH_2780,Ganja khaiya pinik uthse tai garir upore uitha jaite caise,1,0,0,0,0,1,0
BICH_2781,স্বপ্নহীন ভালোবাসা স্বপ্নহীন ভালোবাসা,0,0,0,0,0,0,0
BICH_2782,আপনারা বগল দেখাবেন বা কি করবেন সত্যি আপনাদের ব্যাপার কিন্তু সমজটাকে নোংরা করার বা নোংরা বার্তা সমাজকে দেয়ার অধিকার আপনাদের নে…,1,0,0,0,0,1,0
BICH_2783,আল্লাহর দেওয়াটা তার পছন্দ হয় এখন তারে কেউ পছন্দ করেনা কি জঘন্য একটা অবস্থা,0,0,0,0,0,0,0
BICH_2784,এই সমস্ত কাজ কর্ম বাংলাদেশে র হারামি মুসলমানদের উপর অবশ্যই এগুলীর রিভেঞ্জ হবেই হবে॥ শুধু সময়ের অপেক্ষা॥,0,0,0,0,0,0,0
BICH_2785,ক কথা বলছিস তোর নোংরামি করাটা বন্ধ করে দে,0,0,0,0,0,0,0
BICH_2786,বাইরের দেশে এসব বালচুল বানিয়ে রাস্তায় ঘুরলে চুদি মেরে ফেলাবে,1,0,0,0,0,1,0
BICH_2789,স্তন বিহীন পেট ওলা মহিলা,1,1,0,1,0,1,0
BICH_2790,"চোরদের হাতে হেনকাপ নাই,আলেমদের বেলায় ভিন্ন ছিলো নিয়ম",1,0,1,0,0,1,0
BICH_2791,Chi chi chi..ki faltu kotha bole jach re,0,0,0,0,0,0,0
BICH_2793,এদের কোমরে রশি থাকবে এবং পায়ে বেরুবে পড়ানো থাকবে। কেননা এরা যেরকম মানুষকে নির্যাতন করেছে এদের এইরকম নিজেদের না করলে তারা বুঝ…,1,0,0,0,0,1,0
BICH_2795,"বাংলাদেশের জনগণ, জনগণ নেই আর ভেড়ার পাল হয়ে গেছে।",1,0,1,0,0,1,0
BICH_2796,"ঠিক বলেছিস নাইটি টা তোর বাড়ির লোকেই কিনে দিয়েছে,,, তাই তুই পড়েছিস।।। ঠিক তেমনই facebook টা তোর বাপের সম্পত্তি নয় যে এখানে এসে …",1,0,0,0,0,1,0
BICH_2797,Tui ekta faltu lok sala,1,0,0,0,0,1,0
BICH_2798,নাইজেরিয়ার কালো কলা নিয়ে পারবে তো।,1,0,1,0,0,1,0
BICH_2799,"Advocate didi ja korche ekdom thik, tomra somajer nongra",0,0,0,0,0,0,0
BICH_2800,এই দিন দিন নয় আরো দিন আছে। তোমরা ও প্রস্তুত হও একই পথ বরণ করতে হবে। তীব্র নিন্দা ও প্রতিবাদ জানাচ্ছি।,0,0,0,0,0,0,0
BICH_2801,পাগলাছাদের উপরে উঠতি চাই,1,0,0,0,0,1,0
BICH_2802,উগ্রতার কারনেই জীবন যৌবন ভবিষ্যত শেষ আর কেউ এ-ই মহিলাকে বিয়ে করবে না পরিবার সহ আত্মীয় সজনের কাছে ও মূল্যহীন থাকবে আজীবন।খুবই…,1,0,0,0,0,1,0
BICH_2805,"IND ar nam keno kharap korcho ,, sala tar kata mal",1,0,0,0,0,1,0
BICH_2806,এরা রাষ্ট্র বিরোধী মব সৃষ্টি করে লুটপাট ডাকাতি চাঁদাবাজি ধান্দাবাজি করছে।,1,0,1,0,0,1,0
BICH_2807,এই পাগলের পিছনে যারা ঘুরে এরা হলো বড্ড পাগল,1,0,0,0,0,1,0
BICH_2809,"Thik koreche uni , besh korechen . tor moto erom Opo*dartho guloke ae vabei sayesta kora uchit . nongra chele ekta !",1,0,1,0,0,1,0
BICH_2810,Bangladesh এর মুসলিমরা হলো এক নাম্বার বেশ্যা মাগীদের পেট থেকে জন্ম নেয়,1,0,0,1,0,1,0
BICH_2811,পাগল হয়ে গেছে রে,1,0,0,0,0,1,0
BICH_2812,"বাঁশ টা ভালোই দিয়েছে, নোংরা ভিডিও করা এবার বেরিয়ে যাবে",0,0,0,0,0,0,0
BICH_2814,আপনারাই তো বলতেন দেশের নব্বই ভাগ মানুষ আওয়ামী লীগের তো আপনাদের অধ:পতনের কারণ কি?,1,0,0,0,0,1,0
BICH_2816,মা শা আল্লাহ মধু মধু মধু রসমালাই কইতে কই আসে মানুষ তাকে না দেখলে বুজতাম না ইয়া উমরি,0,0,0,0,0,0,0
BICH_2819,Tui pagol hoye gale naki re . Tor mukh guer moto. Sangita di ja koreche akdom thik koreche. Onake vogoban pathiyeche. Tui tor …,1,0,1,0,0,1,0
BICH_2820,এর পিছে যারা যারা ঘুরে সবাই পাগল,1,0,0,0,0,1,0
BICH_2822,"কি অবস্থা , চেয়েছিলো পা দুইটা গাড়ির ছাদে তুলতে, শালা যতসব প্রতিবন্ধী ,",1,0,1,0,0,1,0
BICH_2823,পুলিশরা একটা জানোয়ার ওদের বাবার বাবাদেরকে ধরে নিয়ে যাইতেছে মনে হয় আসামি নিজে যাবে হ্যান্ডকাফ থাকবে হ্যামলেট দিবে পায়ের ধান…,1,0,1,1,0,1,0
BICH_2825,বোকা ছু। দি একটা,1,0,0,0,0,1,0
BICH_2826,তোদের মতোন মানুষকে এটাই করা উচিত তোরা ফেসবুকটাকে নোংরা করছিস সমাজটাকেও নোংরা করছিস,1,0,0,0,0,1,0
BICH_2828,আসসালামু আলাইকুম যারা আমাদের নেত্রী চোখ থেকে পানি ঝরিয়েছে আমরা চেষ্টা করব আমাদের জীবন দিয়ে হলো না আমাদের নেত্রীর ওই চোখের পানি মূল্য একজন নেব,0,0,0,0,0,0,0
BICH_2829,Maruti M Biswas এরপর কেউ মারলে সংখ্যালঘুর ব্যানার নিয়ে বানরের মত রাস্তায় লাফালাফি করবা,0,0,0,0,0,0,0
BICH_2831,পাগল হয়ে গেছে এসিতে কাজ করছে না,0,0,0,0,0,0,0
BICH_2833,এরকম করে কেন হোগায় কি কৃমি কামর দেয় নাকি,1,0,1,0,0,1,0
BICH_2834,Pagla kuttay kamra6a aka,1,0,1,0,0,1,0
BICH_2835,এই শালা চুপচাপ হয়ে যা,1,0,0,0,0,1,0
BICH_2836,নিচতলা ভাড়া দিয়ে দোতালা করার চিন্তা ভাবনা,0,0,0,0,0,0,0
BICH_2838,Sadman Shahid তোমরা লিজেন্ড বস,0,0,0,0,0,0,0
BICH_2840,এ পাগল চেড়ে দিল কেন,0,0,0,0,0,0,0
BICH_2841,পা উঠাইতে নিয়া নিচে নামিয়ে নিয়েছে আপনাদের লিটার অতএব আপনারা সবাই গর্বপাত করতে পারেন।,1,0,0,0,0,1,0
BICH_2843,"আওয়ামী লীগের সব নেতরাই টাউট-বাটপার।এরা এমন একটা দল এদের লজ্জা, শরম বলতে অভিধানে কিছুই নেই।এরা বিশ্ব বেহায়া।",0,0,0,0,0,0,0
BICH_2846,ওরে কেউ থামান।পাগল হয়ে যাব।শালি ভাইরাল হওয়ার জন্য আর কিনা করে কে জানে?বয়ফ্রেন্ডের সাথে তো আগে থেকেই মিল এর বুঝতে পারছি আপনি নিশ্চিত জান্নাতি,1,0,1,0,0,1,0
BICH_2848,"এক বার চিন্তা করেন মাঝখানে যদি ওনার পেট না থাকতো তাহলে অই গুলো আরো কত নিচে নেমে যেতো, ভাগ্য এই ভালো যে পেটে ঐ গুলো আটকাইছে আর …",1,0,0,1,0,1,0
BICH_2850,একটা গরু বিক্রি করা হবে,0,0,0,0,0,0,0
BICH_2851,কি অসভ্য লোক তুমি লজ্জা সরম নেই তোমার,0,0,0,0,0,0,0
BICH_2853,ইনকাম করুন সহজে লিংক নিচেhttps://t.me/darazbotpay_bot?startr04465699905,0,0,0,0,0,0,0
BICH_2856,"সত্যি কথা কইতাছি, এইসব পাগল থেকে আওয়ামীলীগ অনেক ভালা। প্রয়োজনে হাসিনাকে ভোট দেবো তারপরেও এদের না।",0,0,0,0,0,0,0
BICH_2857,স্যান্ডি সাহা কে অ্যারেস্ট করা দরকার।প্রতিটা মেয়েদের অপমান করে।রাশিয়ান বৌদির হয়ে সাফাই গাইছে।নোংরা মোগা।ফেসবুক টা কে পুরো স…,1,0,0,0,0,1,0
BICH_2859,লাইবে যেত আইছেন সবার কপালে শনি আছে।তোমরা মিত্যা কথা বলতেছ।,0,0,0,0,0,0,0
BICH_2860,"এই আন্তর্জাতিক মাফিয়া ডাকাতদের অডিও ভিডিও, প্রকাশ করাও, একধরনের, সন্ত্রাসবাদ উসকে দেয়ার সামিল",0,0,0,0,0,0,0
BICH_2861,"দেশে রাজনীতিবিদের খুব অভাব, তাই আমাদের পোড়াকপাল যে, আমরা ড্রাগ এডিক্টেট প্রতিবন্ধীর ভিডিও দেখে সময় কাটাইতে হয়।",1,0,0,0,0,1,0
BICH_2862,এ পাগল চেড়ে দিল কেন,1,0,1,0,0,1,0
BICH_2863,"হ্যান্ডকাপ,ডান্ডাবেরী,হেলমেট কোমরে বাঁধা ডুম টানা রশি কই",1,0,1,0,0,1,0
BICH_2864,ওনার একটা ভিডিও পাইলাম না যে মার্জিত কথাবার্তা এবং অঙ্গভঙ্গি পাগলামি করে মাথায় সমস্যা আছে মনে হয়,0,0,0,0,0,0,0
BICH_2865,বেশ হয়েছে নোংরা ছক্কা,1,0,0,0,0,1,0
BICH_2866,তুই নপুংসক নচ্ছার ছেলে। সমাজের প্রতি তোর কোন দায়বদ্ধতা নেই। বিদেশে গিয়ে নাইটি পড়ে নাইটি বৌদি সেজে আমার দেশের মা-বোনেদের সম…,1,0,0,0,0,1,0
BICH_2867,ওনার সঙ্গে সবাই আছে। তোমরা সবাই ব্যাকটেরিয়া ভাইরাস ওকে,1,0,1,0,0,1,0
BICH_2868,Jasim Mridha Halim তদের এইটা নাইটমেয়ার হিসেবেই থেকে যাবে যতসব ভণ্ড জামাতির দল,1,0,0,0,0,1,0
BICH_2869,জাকির খান এমন করে কেন পাগল হয়ে গেল নাকি,0,0,0,0,0,0,0
BICH_2870,ওইটা তোর বাপের টাকা দিয়ে বানাইছে,0,0,0,0,0,0,0
BICH_2873,"হাতকড়া কোমরের রশি কোথায়, খেলা হবে ইনশাল্লাহ",1,0,0,0,0,1,0
BICH_2876,"সবাইকে তো মনে হয় যেন জামাই আদোর দেয়া হইতেছে। আর নির্দোষ আলেম ওলামাদের কে হাতে হ্যান্ডকাপ, পায়ে বেড়ি ও কোমরে দড়ি দিয়ে টানা হয়েছ…",1,0,1,0,0,1,0
BICH_2877,Agula pagol hoye gese. Jail er Mal jail a manai onek,0,0,0,0,0,0,0
BICH_2879,এসব পাগল বাংলাদেশে জন্ম নেয়া সম্ভব,1,0,1,0,0,1,0
BICH_2880,তুই কমেন্ট গুলো পড়ে দেখিস? কেউ তোকে সাপোর্ট করছে না এতো ফালতু বকিস না।,1,0,0,0,0,1,0
BICH_2881,"দুর্বলদের অবিচার নিপিড়নের ,বিচার হবে এমন ভাবে কুৎসিত ধর্মের একটাও ক্ষমা চাওয়ার সুযোগ পাবি না মাদারচোদরা",1,0,0,0,0,1,0
BICH_2883,বিএনপি সমর্থন করি কিন্তু এসব পাগল দেখার জন্য নয়,0,0,0,0,0,0,0
BICH_2884,ইউনুসের আমলে নতুন নতুন পাগল দেখার সু-ভাগ্য হইছে।,1,0,1,0,0,1,0
BICH_2886,Tui ki pagla chodaa,1,0,1,0,0,1,0
BICH_2888,Tomake age valo lagto kintu tumi moja korte giye nijeke bhishon vabe honu bananor chesta koro r ei mukher bhongi r bhasha.. Ni…,0,0,0,0,0,0,0
BICH_2889,যেখানে মুসলিমরা সংখ্যাগরিষ্ঠ সেখানে কোনদিন বিধর্মীরা শান্তিতে থাকতে পারে না l এটাই ওদের ধর্মীয় কালচারের ভেতর পড়ে l,1,0,1,0,0,1,0
BICH_2890,পাগলা কারে হাত নেড়ে শুভেচ্ছা গ্রহন করতেছে?,1,0,1,0,0,1,0
BICH_2891,Insan Ali আসলেই ঠিক। আওয়ামীকুত্তাদের অনুশোচনা নাই।,1,0,1,0,0,1,0
BICH_2893,Afia Rahman আয় আমরাও করিগা,0,0,0,0,0,0,0
BICH_2894,দোষ টা তোর না যদি তোর বাবা-মা ঠিক টাইমে তোকে পোলিও ড্রপ এবং কুকুরের কামড়ানোর পাঁচটি ইনজেকশন স্বাস্থ্য কেন্দ্রে নিয়ে গিয়ে…,1,0,1,0,0,1,0
BICH_2896,এখন কিছু জানোয়ারের বাচ্চা বলে দেশ ভালো।,1,0,1,0,0,1,0
BICH_2900,শালার পো কি সবসময়ই পিনিকে থাকে নি,1,0,1,0,0,1,0
BICH_2901,উলঙ্গ হয়ে বাংলাদেশকে রিপ্রেজেন্ট করা এটা কেউ সমর্থক করে না,1,0,1,0,0,1,0
BICH_2902,"ফার্স্ট অফ অল, অটো চোদনে রাস্তায় হাঁটা যায় না , তার মধ্যে এ বাইনচোদ তাতে আবার মডিফাই করছে পাংখা লাগাইসে",1,0,0,0,0,1,0
BICH_2903,"অসভ্য একটা লোক তুমি, তোমার ব্যবহার দেখে বোঝাই যাচ্ছে",1,0,0,0,0,1,0
BICH_2904,আর কত পাগল যে দেখবো,1,0,1,0,0,1,0
BICH_2907,"Choto lok meye chele tui, tui gu kha madam er tor mukh ta pathi chagoler moto, tor baper kache tor ghore nengta nach kor, murk…",1,0,1,0,0,1,0
BICH_2908,জানোয়ার গুলো তদের মনে হয় ওই সব শেখায় …,1,0,1,0,0,1,0
BICH_2911,"কই, কেউ নাই তো সমর্থক।",0,0,0,0,0,0,0
BICH_2912,খুব ভালো আমরাও একদিন বিশ্বকে দেখিয়ে দেব,0,0,0,0,0,0,0
BICH_2914,Sob pagol sagol Bangladesh a e naki,1,0,1,0,0,1,0
BICH_2915,"Ekta faltu Manus, dustbin er moto lage toke",1,0,1,0,0,1,0
BICH_2916,১৫ লাক কটি রিন তোর বাপ দিবো,1,0,0,0,0,1,0
BICH_2917,এদের কোমরে রশি আর হাতে হাত কড়া নাই কেন জাতি জানতে চায়।,1,0,0,0,0,1,0
BICH_2919,Ei hijre tar pode bas dhuka to keu pagla chuda ekta,1,1,1,1,0,1,0
BICH_2920,দুষ্ট গরুর চেয়ে শূন্য গোয়াল ভালো ছেলেটা প্রতিবন্ধী এই সমস্ত মাজা ভাঙ্গা নেতা দিয়ে নির্বাচন হয় না,1,0,1,0,0,1,0
BICH_2922,নারায়ণগঞ্জে কি বিএনপির ভালো মানুষ নেই? এই নেশাখোর পাগল কথা বলতেও জানেনা ।,1,0,1,0,0,1,0
BICH_2923,"একদম ঠিক করেছে তোদের ভিডিও বন্ধ করে, তোদের জন্য পরিবেশটা নষ্ট হয়ে গেছিল অ্যাডভোকেট দিদি একদম ঠিক কাজ করেছে।",0,0,0,0,0,0,0
BICH_2924,"তুই সবথেকে বড়ো জঞ্জাল,, অসভ্য কোথাকার,,, থাপড়ে দাঁত ফেলতে হয় তোর মতো নোংরা নরকের কীট গুলোর,,",1,0,1,0,0,1,0
BICH_2925,আমি কিছু দেখিনা আপনারই দেখেন অপুরুপ সুন্দর লাগচে কিন্তু একটা বিষয় ভাবতেছি সব দেখি নিচেএখন মনে হচ্ছে থাক আর কিছু কমুনা,1,0,1,0,0,1,0
BICH_2927,সেতো চুরি ডাকাতি করতেছে না সত ভাবে ইনকাম করতেছে,0,0,0,0,0,0,0
BICH_2928,"পশ্চিমবঙ্গ এখন পরোটা ভঙ্গ হয়ে গেছে,, কলকাতা যে এত পাগল আমি আগে জানতাম না",0,0,0,0,0,0,0
BICH_2929,উপরের বিচি জ্বলতে জ্বলতে নিচে চলে গেছে,1,1,1,1,0,1,0
BICH_2930,"Didi eta akta pagli,ake pagla garode dhokanor babasta kara hok",0,0,0,0,0,0,0
BICH_2931,শালা মনে হচ্ছে মদ পান করে এসেছে,1,0,1,0,0,1,0
BICH_2932,আমরা জাতি হিসেবে লজ্জিত,0,0,0,0,0,0,0
BICH_2933,Nudity promotion korar jnno....jama pant khule korte hbe emn kono bapar nei.... facebook nongra hye geche seta sikar koro.... …,0,0,0,0,0,0,0
BICH_2934,Jalai pore pagol hoye ghachye MONTY ROY,0,0,0,0,0,0,0
BICH_2938,এসব লোককে বিএনপি রাজনীতির জন্য ব্যবহার করেন না পাওয়ার সন্ত্রাস আর রাজত্ব কায়েম করার জন্য এদের ব্যবহার করে আসলে এদের দলের ভেত…,1,0,1,0,0,1,0
BICH_2939,বীর বাঙালি শ্রেষ্ঠ সন্তান সাংবাদিক ইলিয়াস হোসেন উনি যতটা ভবিষ্যৎবাণী করে গেছেন তার সবগুলো বাস্তবায়ন আমরা দেখছি,0,0,0,0,0,0,0
BICH_2940,এটা দিয়ে বাংলাদেশের ইউনুস মাদারচোদ ঘুরবে,1,0,1,0,0,1,0
BICH_2941,Puro pagol tui.....didi thik koreche....,0,0,0,0,0,0,0
BICH_2942,Sandi saha plachoda tor maa shka dita parane,1,0,1,0,0,1,0
BICH_2943,Ai sala r Valo hoibo na,1,0,0,0,0,1,0
BICH_2944,"কিছুদিন আগেও এদের দেখলে মিডিয়াকর্মীরা সংবাদ প্রচারের জন্য এগিয়ে আসতে, আর আজ চোরের মত জেলখানায় বন্দিদশা কাটাতে হচ্ছে , কখনো …",1,0,1,0,0,1,0
BICH_2946,Sob kutta liger kaj,1,0,1,0,0,1,0
BICH_2949,"আসুন আমরা হিংসা না করে সবাই সবার পাসে থাকি..!""",0,0,0,0,0,0,0
BICH_2950,তোর বাড়ির লোকের টাকার কেনা হলেও কিন্তু স্ত্রী তার মর্যাদা টা বুঝিস না।,0,0,0,0,0,0,0
BICH_2951,Shadin Ahamed Mithu এরা চোর ডাকাত খুনি,1,0,1,0,0,1,0
BICH_2952,Motherchod toke jodi konodin samnasamni jodi pai seidin tor khobor ache somaj take ai khankir chelera nongra kore dilo,1,0,0,0,0,1,0
BICH_2953,পাগল কে পাত্তা না দিলেও,0,0,0,0,0,0,0
BICH_2954,ছাগল মাথা ভর্তি গু কি বলবে এই জ্ঞানটুকু পর্যন্ত নাই,1,0,1,0,0,1,0
BICH_2955,"ইউনুস সরকার পুরোপুরি ব্যর্থ, সোনার বাংলা আজ ধ্বংসের পথে। প্রতিটা মানুষ নিরাপত্তা হীনতায় ভুগছে।",1,0,1,0,0,1,0
BICH_2956,চোর ডাকাত সন্ত্রাসী মাফিয়া র বিচার করা যাবেনা অর্থনীতি দুর্বল হবে! জলন্ত খলিল,1,0,1,0,0,1,0
BICH_2957,Abdul Goni Pc এরাতো এমনিতেই মরে গেছে।আর কি ডাণ্ডা বেড়ি পরাবে।,1,0,1,0,0,1,0
BICH_2958,জাকির খান এমন করে কেন পাগল হয়ে গেল নাকি,0,0,0,0,0,0,0
BICH_2959,এই সব ফালতু কাজ কর্মে দেশ আজ বিশ্বের চোখে সার্কাস হিসেবে প্রকাশ পাচ্ছে। এসব বন্ধ হওয়া দরকার,0,0,0,0,0,0,0
BICH_2962,তাকে রাজনীতি করার বুদ্ধিটা যে দিছে আসলে শালায় বুঝে শুনে জায়গামত কোপ দিছে,1,0,1,0,0,1,0
BICH_2963,ওই দিদি ভাইদের জন্য করছে না যা করছে আমরা পরিবেশটাকে ভালো করার জন্যই পড়তে একদম ঠিক করেছে তোমাদের এইখানে শাস্তি দেওয়া উচিত।,0,0,0,0,0,0,0
BICH_2964,তোকে হিজড়ে বললে হিজড়ে দের অসম্মান করা হবে তাই তোকে লিঙ্গহীন মানুষ বলে সম্বোধন করছি তোর খুব ফাটচ্ছে মনে হচ্ছে সঙ্গীতা দি যা ক…,1,0,1,0,0,1,0
BICH_2969,আপনাদের জন্য সমাজ নষ্ট হচ্ছে বড় কথা বলবেন না,0,0,0,0,0,0,0
BICH_2970,"কি মহিলারে বাবা লজ্জা শরম কিছু নেই, ও ভাবছে ওকে কত জানি সুন্দর লাগছে, কিন্তু খুবই বিশ্রি লাগছে",1,0,1,0,0,1,0
BICH_2971,Ja khanki ir chele age bra pore video kor,1,0,1,0,0,1,0
BICH_2972,সময় এবং অসময়ের মাঝামাঝি দাড়িয়ে আমরা... একটি ভালো দিনের অপেক্ষায়!,0,0,0,0,0,0,0
BICH_2973,"তোদের বাড়বাড়ন্ত ,,তোদের লজ্জা নেই,,নির্লজ্জ,বেহায়া,,, অসভ্য,,,",1,0,1,1,0,1,0
BICH_2975,Na dekhte chaileo ei faltu video gulo cholei ase...creator ra boost kore rakhe...,1,0,0,0,0,1,0
BICH_2976,"Iskcon Jps Tv ভাই ওইখানের পাগল গুলা শান্তি তে আছে,,, নতুন কইরা অশান্তি কইরেন না",1,0,0,0,0,1,0
BICH_2978,"নিলজ্জ আর বেহায়া একটা দল যাদের কোন নীতি নাই, যারা রাজনীতির সংজ্ঞা ভাবে নিজ অবৈধ্য ব্যবসার জায়গা ; আর এই টাইপ মানুষদের অনুশোচনা…",1,0,1,0,0,1,0
BICH_2979,Tor mukta age dek kemon dekte re pagol chuda,1,0,1,0,0,1,0
BICH_2980,"বেশ করেছে তু্ই ভয় পেয়েছিস,------",0,0,0,0,0,0,0
BICH_2981,একটা ঘেউ করতে থাকবে হাতি চলতেই থাকবে কিছু করতে পারবে না সবাই আমরা সঙ্গীতা দিদির পাশে আছি পাশে থাকবো জিন্দাবাদ সঙ্গীতা দিদি,1,0,1,0,0,1,0
BICH_2982,আমরা কোন গ্রহে বসবাস করতেছি আমি তো নিজেও জানিনা,0,0,0,0,0,0,0
BICH_2983,ভাবা যায় আমরা কোন দেশে বাস করি,0,0,0,0,0,0,0
BICH_2984,Tumi tomar ta niya bolo kintu nongra ta bondho koreche seta niya plzz bolo na,0,0,0,0,0,0,0
BICH_2985,"এদের হাতকড়া ও কোমরে রশি কোথায়??? আলেম ওলামা কে দরি বেধে নেওয়া হয়েছে নিরপরাধ আলেম ওলামা দের,, তাদের কে জামাই আদর কেন",1,0,1,0,0,1,0
BICH_2988,Ai jigra চুপ কর,1,0,1,0,0,1,0
BICH_2989,Awami league bole desh lute khyse BNP ses kore dise ..hitay 20yrs por jail theka ber hoe Rang rover kemne ki...amra to 29yrs k…,1,0,1,0,0,1,0
BICH_2990,অতি জঘন্যতম ঘৃনিত মহা অপরাধ। ধিতকার জানাই।,1,0,0,0,0,1,0
BICH_2991,Ato asta akta pagol baba kur,1,0,1,0,0,1,0
BICH_2992,সানাই কে দেখে আমার কাছে দুঃখ লজ্জা লাগছে নির্লজ্জ একজন ব্যক্তি আল্লাহর দেওয়া সৃষ্টি শরীর টাকে নিজের ইচ্ছে মতো মন মতলবী করিয়া…,1,0,1,0,0,1,0
BICH_2993,Pagol kuthakar .... ... R mato lafalafi kom kor....,1,0,1,0,0,1,0
BICH_2996,এত জামাই আদর করে নেয়া হচ্ছে কেন চোর ডাকাতকে,1,0,0,0,0,1,0
BICH_2997,Murkho kathar kono logic nei,1,0,0,0,0,1,0
BICH_2999,ডাকাতিয়া ইউনিয়ন শ্রমিক দল,1,0,0,0,0,1,0
BICH_3000,অতটা খারাপ না চেতনা ব্যাবসায়ী আর চামরা বয়াবসায়ীদের চাইতে হাজার গুন ভালো,0,0,0,0,0,0,0
BICH_3002,Pagol sara pay jhkon,1,1,1,0,0,1,0
BICH_3003,আপনার কাজ চালিয়ে যান আমরা আপনার পাশে আছি sangita jana jindabad,0,0,0,0,0,0,0
BICH_3005,"মাথা খারাপ হয়ে গেছে, পাগল একটা",1,1,0,0,0,1,0
BICH_3006,ওভার একটিং নাটকের সৌন্দর্য্য নষ্ট হয়।,0,0,0,0,0,0,0
BICH_3007,"এটা সেই, যে নিচ তলা ভাড়া দিয়ে দোতালা কিনছে",1,0,1,0,0,1,0
BICH_3008,"আমরা কত আরাম করে বুক নিচের দিকে দিয়ে, পা কেলিয়ে ঘুমায়, এই মহিলা তো এভাবে ঘুমাতেও পারেনা।একটা মানুষ ৪০% ঘুম বুক নিচে দিয়ে ঘুমায়…",1,0,1,0,0,1,0
BICH_3009,তোমাদের মত কিছু অসভ্য লোকজনের জন্য সমাজটা শেষ হয়ে যাচ্ছে। তোমাকে দেখেই মনে হচ্ছে তোমার এত জলন হয়েছে যে নাচানাচি শুরু করে দিয়েছে নাইটি পড়ে,1,0,0,0,0,1,0
BICH_3012,ডাইনির মতো রুপ খানা একটু দেখি লুকিয়ে কেন,1,0,1,0,0,1,0
BICH_3013,এত চিকন মেয়ে আমি পছন্দ করিনা,0,0,0,0,0,0,0
BICH_3014,অ্যাডভোকেট দিদির ভয়ে এই জঞ্জালটা তো পাগল হয়ে গেছে! ভালো হয়েছে। অ্যাডভোকেট সঙ্গীতাদিকে স্যালুট।,0,0,0,0,0,0,0
BICH_3015,হিজড়ে রেগে গেলে এটাই করে।যেখানে সেখানে ছায়া তুলে দেয়।,1,0,1,0,0,1,0
BICH_3016,পাগলের সুখ মনে মনে।,0,0,0,0,0,0,0
BICH_3017,আপা আপনি দেশে আসেন আমরা আছি রাজপথে,0,0,0,0,0,0,0
BICH_3018,"তুমি আগে ডক্টর দেখাও , মানসিক ভারসাম্য হীন তুমি , আর তোমার আইডি সবার উচিৎ রিপোর্ট মেরে দেওয়া , সত্যিই তোমার ভিডিও গুলোদেখে সম…",1,0,0,0,0,1,0
BICH_3019,এই খানকির ছেলেদের জায়গায় যোগ ধরে জ্বী দিতে হয়,1,0,1,0,0,1,0
BICH_3020,তোরা সোশ্যাল মিডিয়ায় এসে নোংরামি করবি আর সেটা বললে তোদের গায়ে লাগে কেন রে রামছাগল একটা,1,0,1,0,0,1,0
BICH_3021,Sala pagla chuda naki tui,1,0,1,0,0,1,0
BICH_3023,Tmr vedio dekhey sob depression dur hoye jay haste haste sob kosto dur hoye jay segulo ki r hobe na,0,0,0,0,0,0,0
BICH_3024,চোর কোন দিন চোরির অনুশোচনা করে না।,0,0,0,0,0,0,0
BICH_3025,নাউজুবিল্লাহ এডারে দেখলে পাগলী মনে হয়।,1,0,1,0,0,1,0
BICH_3026,Kire tui naki fbte asbina r page chalabi na sala madarc****ekhon abar kmne post maros,1,0,1,0,0,1,0
BICH_3027,Valo koreche sala... Who r u sala,1,0,1,0,0,1,0
BICH_3029,আদালতের সবাইকে দুধের সাইজ গুলো দেখাও দুধ আর দুধের জায়গায় নেই গো 18 হাত নিচে দেখি নিচের সোনা কত ফিট ঝুলে আছে তা জানা নাই কমেন…,1,0,1,0,0,1,0
BICH_3030,প্লিজ নোংরামি বন্ধ করুন আপনাদের জন্য সমাজ নষ্ট হচ্ছে,1,0,1,0,0,1,0
BICH_3031,Thik koreche faltu video banau tumi akhon kno amon baje baje video koro,1,0,1,0,0,1,0
BICH_3033,আপনি তো একজন পুরুষ অসভ্যের মতো কথাবার্তা গুলো বন্ধ করুন এই মোবাইলটা বাচ্চাদের হাতেও থাকে। সঙ্গীতা ম্যাম ঠিক করেছে এই বাজে ভিডি…,1,0,1,0,0,1,0
BICH_3034,একটা ঘেউ করতে থাকবে হাতি চলতেই থাকবে কিছু করতে পারবে না সবাই আমরা সঙ্গীতা দিদির পাশে আছি পাশে থাকবো জিন্দাবাদ সঙ্গীতা দিদি,1,0,1,0,0,1,0
BICH_3035,তুমি মরলে তো তোর কাফনের কাপড় ছাড়াই তো জানাজা করা যাবে,1,0,1,0,0,1,0
BICH_3036,Akdom thik koreche didi tui k re bekar,1,0,1,0,0,1,0
BICH_3037,"সাজানো গোছানো চোরের খনি ধংস করে দিলো ছাত্র জনতা,,",1,0,1,0,0,1,0
BICH_3043,"মাঠ খালি,,,,, দর্শক একটাও নাই। হায়রে পাগলা জাকির",0,0,0,0,0,0,0
BICH_3044,"এই পেজ থেকে আমি যে আয় করি তা দরিদ্রদের দান করি, তাই অনুগ্রহ করে আমাকে সমর্থন করুন এবং আমার পাশে থাকুন।",0,0,0,0,0,0,0
BICH_3046,কেউ আমারে চান্দে একটা ঘর বানাইয়া দে। দূনিয়াতে সোজা মানুষ থাকার উপযোগী না। আমরা প্রতিযোগীতায় পিচিয়ে যাবো।আমাদের ইউসুপ সরকারের ক…,0,0,0,0,0,0,0
BICH_3049,এরকম করে কেন হোগায় কি কৃমি কামর দেয় নাকি,1,0,1,0,0,1,0
BICH_3050,ইউনুস বুড়োভামএর গলা টিপে মেরে ফেলো সবাই মিলে,1,0,1,0,0,1,0
BICH_3051,পাগলাচোদা মানেই বাংলাদেশি বাংলাদেশ মানেই বিনোদন,1,0,1,0,0,1,0
BICH_3052,ওরে মাদারচোদ।। তোরে বাংলাদেশে পাইতাম কুত্তা দিয়া খাওয়াইতাম। মীরজাফর শালা একটা বাইনচোদ,1,0,1,0,0,1,0
BICH_3054,তোমার মতো রেন্ডির ছেলে অসভ্য অভদ্র জঞ্জাল গুলোর জন্যই সমাজের এই অবস্থা....তুমি তোমার আর তোমার পরিবারের যে সোনাগাছির কালচার আছে…,1,0,1,0,0,1,0
BICH_3058,কেউ কুকুর খায় কেউ শেয়াল খায় কেউ কালা খাসই খায় কেউ গরু খায় কেউ মসজিদ কেউ মন্দিরে যায় কেউ গির্জায় যায় সবার ধর্ম আলাদা এই…,0,0,0,0,0,0,0
BICH_3059,পাগলের সুখ মনে মনে রাত যায় দিনে তারা গুনে,0,0,0,0,0,0,0
BICH_3060,Tui somajer sob thaka nongra guuuu...toka aga saf kora uchit....nijaer baba maa kya bhoya pela ai rokom oboter hotish na..,1,0,1,0,0,1,0
BICH_3061,"Ekdm e thik koreche Tomder moton nongra manush er moton erm safai kormi der e proyojon .....! Lojja pawa dorkar , nije influen…",1,0,1,0,0,1,0
BICH_3063,আমাদের ভাগ্য কত খারাপ হলে এসব মানুষ নেতা হয়,1,0,1,0,0,1,0
BICH_3064,Ashik Bin Majibur তুই কি জানিস বেতন দিচে নাকি দেয় নাই তুই যে মূর্খ তা বুঝাই দিলি,1,0,1,0,0,1,0
BICH_3066,"যারা নাকি একজন রেপিস্ট কে অনুসরণ করে যারা একজন ডাকাতের অনুসারী, তাদের কাছে আর কি আশা করা যায়, তারা তো রেপিস্ট ও বেজন্মাই হবে …",1,0,1,0,0,1,0
BICH_3067,Ase pase kaw nai mental kotakar,1,0,1,0,0,1,0
BICH_3068,Chup kar pagol .jail e jabi tora sab kata,1,0,1,0,0,1,0
BICH_3069,মুভিটি যেমন রোমান্টিক তেমন একশনে ভরপুরদেখার মতো একটি মুভি চাইলে নিচের লিংকে ক্লিক করে মুভিটি দেখুন।…,0,0,0,0,0,0,0
BICH_3071,তুই তো জাতে মাতাল তালে ঠিক। খালি পাগলামি ভন্ডামি করিস,1,0,1,0,0,1,0
BICH_3072,মূর্খ একজন ব্যক্তি যে ক লিখতে কলম ভাঙ্গে । সারা জীবন সন্ত্রাসী করে বেড়াইছে। এমনকি বর্তমানে নেশাখোর। তাদেরকে দিয়ে দেশ চালানো…,1,0,1,0,0,1,0
BICH_3073,"আপনি অনলাইনে হাসিনা সরকারের পক্ষে রাফসান,সালমান,ফুড আপ্পি,রিপন ভিডিও সহ ১০ জন ইনফ্লুএন্সার কে প্রস্তাব দিয়েছিলেন সোশাল মিডিয়া ম্যানেজ করার জন্য। ১কোটির চেক পেয়েছিলেন হারুন এর থেকে।মীরজাফর তোমার আকাম ভুলি নাই আমরা।দেশে পা রাখলেই গ্রেফতার.... তোমার মাই টিভির নাসির উদ্দিন সাথীও বাচাতে পারবে না।",0,0,0,0,0,0,0
BICH_3074,চোর গুলাকে ডান্ডা বেডি পরানো হয়নাই কেন?,1,0,1,0,0,1,0
BICH_3076,এগুলো মেন্টাল গুলো; এগুলোর বেইল নাই তাই এদের দল কৌশলে এদের এখানে পাঠায় দিছে যাতে আমরা এদের নিয়ে বিজি ও খুশি থাকি;মাস্টার…,1,0,1,0,0,1,0
BICH_3077,Er mone hoi ranu paglir moto manoshik varsammo hariyechhe mone hoiata hole arek leveler ranu pagla,1,0,1,0,0,1,0
BICH_3079,A ki sob somai baba khaya thaka,0,0,0,0,0,0,0
BICH_3081,"পুরো তার কেটে গেছে SANDY SAHA ,,, ADV SANGITA দিদি ভাই আপনি ঠিক করেছেন এমন ফালতু লোকের জন্য এই রকম করা উচিত",1,0,1,0,0,1,0
BICH_3083,"এত মানুষ মারা গেল তারপরও আওয়ামী নেতাদের দুঃখ নেই,এরা আসলে দজ্জালের বংশ, মাতাল, গোবর মস্তিষ্ক উর্বর পচা মাটি দিয়ে তৈরি, ফেরাউ…",1,0,1,0,0,1,0
BICH_3084,এদের হাতকড়া ও কোমরে রশি কোথায়???,1,0,1,0,0,1,0
BICH_3085,তোদের মত মানুষের জন্য সমাজের বাচ্চা গুলো কি শিখছে জানিস,1,0,1,0,0,1,0
BICH_3086,এই হলো মেয়েদের স্বাধীনতার লক্ষনমেয়েদের স্বাধীনতা দিবেন তারা পৃথিবীর সবচেয়ে নিকৃষ্ট কাজ গুলো করবে এবং এইটা তারা Automatical…,1,0,0,0,0,1,0
BICH_3087,জানোয়ারের বাচ্চাদের জনসম্মুখে ফাঁসি চাই,1,0,0,0,0,1,0
BICH_3088,"এই মহিলার বুক এতো নিচে কেনো,,, মনে হচ্ছে টেবিলের সাপর্ট বুক দিয়েই হবে",1,0,1,1,0,1,0
BICH_3089,এই হিজরা তো পাগল হয়ে গেছে,1,0,1,0,0,1,0
BICH_3091,হেতির বয়-ফ্রেন্ড আছে পোলাপাইনের রুচি এতই নিচে নেমে গেছে যে হেতির ও গার্লফ্রেন্ড বানানো লাগে,1,0,1,0,0,1,0
BICH_3092,Ei pagol ta Abar k,1,0,1,0,0,1,0
BICH_3093,এ পুরোপুরি পাগল হয়ে গেছে,1,0,1,0,0,1,0
BICH_3094,Ay jonnoi bd politics ato joghonno,1,0,1,0,0,1,0
BICH_3096,Oi kanki chale madarchod molla ra toder dhore katbo,1,0,1,0,0,1,0
BICH_3098,তোমার এইসব নোংরামো বন্ধ করো,0,0,0,0,0,0,0
BICH_3099,Shuor er baccha .. shahosh thakle shamne ai,1,0,1,0,0,1,0
BICH_3100,তোমরা ইডেনের মেয়েরা কি করো তা সবার জানা। ইডেন কলেজের হোস্টেলে সন্ধ্যার পর কি হয় তাও সবার জানা। আজিমপুরের মহিলা কলেজের পাশের ডি…,1,0,1,0,0,1,0
BICH_3101,এই নষ্টদের বিরুদ্ধে আইনি ব্যবস্হা উচিৎ,1,0,1,0,0,1,0
BICH_3102,তুমরা এইসব জামা পড়লে মিস ওয়ার্ল্ড আর উরফি জাভেদ পড়লেই যত দোষ,1,0,1,0,0,1,0
BICH_3105,পাগলা সমাজ নোংরা করছো,1,0,1,0,0,1,0
BICH_3106,তোর নাইটি পরাতে কোনো অসুবিধা নেই কিন্তু তুই যে ব্যবহার করিস সেটা খুব বাজে লাগে আমরা ট্রেনে বাসে রাস্তায় অনেককিন্নর দেখেছি তাদ…,1,0,1,0,0,1,0
BICH_3107,তুই চুপ কর হিজরা।,1,0,1,0,0,1,0
BICH_3108,Tumi vai theme jao bekar kotha social media te bolte eso na,1,0,1,0,0,1,0
BICH_3109,দেশের শ্রেষ্ঠ স্থানীয় আলেমদের হাতে হাত করা দিয়ে আদালতে নেওয়া হতো এদের হাতে কেন হাত করা কোমরে দড়ি পড়ানো হয়নি জাতি জানতে চায়,1,0,1,0,0,1,0
BICH_3110,"নিজে তো নষ্ট, তারপরে দেশের মান সম্মান নষ্ট করতে গেছে",1,0,1,0,0,1,0
BICH_3112,তোর লগে প্রেম করে কোন পাগলে,0,0,0,0,0,0,0
BICH_3114,সালা পাগল চু ***,1,0,1,0,0,1,0
BICH_3115,এ দরনের পাগল বি এন পি তে হাজারটা আছে,1,0,1,0,0,1,0
BICH_3117,উপরের ঐ দুইটা কি পাগল নাকি,1,0,1,0,0,1,0
BICH_3119,Toke chabke soja kora uchit. Tor nijer mukh ta dyakh age. Oahikkhitor baccha sala,1,0,1,0,0,1,0
BICH_3120,Thik korechy pagol ......Tui mental sala,1,0,1,0,0,1,0
BICH_3121,মানুষ শান্ত সুস্থ আছেনা চোখে পড়ে না জানোয়ার মার্কা মহিলা,1,0,1,0,0,1,0
BICH_3122,"Useless sufferings, meaningless existence Najmul Hasan Mamun Sheikh Lamia Islam",0,0,0,0,0,0,0
BICH_3127,কামরুইল্লা দৌড় দিতে পারে শক্ত করে ধরতে হবে হালারে,0,0,0,0,0,0,0
BICH_3128,"কেয়ামতের আগে সমাজের,চোর বাটপার খুনি লুচ্চার সম্মান বেশি দেওয়া হবে এটাই তার প্রমাণ",1,0,1,0,0,1,0
BICH_3129,তোমার মত নোংরা মানুষদের জন্য সমাজ নোংরা হয়ে যাবে,1,0,1,0,0,1,0
BICH_3131,এ মনে হয় পাগল হয়ে গেছে হাফ মেন্টাল,1,0,1,0,0,1,0
BICH_3132,"দেশে রাজনীতিবিদের খুব অভাব, তাই আমাদের পোড়াকপাল যে, আমরা ড্রাগ এডিক্টেট প্রতিবন্ধীর ভিডিও দেখে সময় কাটাইতে হয়।",1,0,1,0,0,1,0
BICH_3133,এরকম ছাগল জাতির সাথে সাথে সাংবাদিক জাতিকে পাবনা পাঠানোর জন্য বিশেষভাবে অনুরোধ করা হলো...,1,0,1,0,0,1,0
BICH_3137,আমি হিন্দুদের কমেন্ট পড়তে আসিনি আমি অশিক্ষিতকিছু বর্বর জানোয়ারদের কমেন্টগুলো পড়তে আছি,1,0,1,0,0,1,0
BICH_3139,দেখতে দেওয়ান বাগী শয়তানের মতো সামনে উঁচু।,1,0,1,0,0,1,0
BICH_3140,এদেরকে আইনের আওতায় নিয়ে আনা হউক। এরা বাংলাদেশের সমাজ নষ্ট করতেছে।,0,0,0,0,0,0,0
BICH_3143,এই বেহায়া নারীর পক্ষে থাকা ঠিক না। এসব বেহায়া নারীদের পক্ষে থাকা মানে বেহায়াপনাকে উসকে দেয়া।,1,0,1,0,0,1,0
BICH_3144,Songita didir voiye live e ese pagol hoye gechen,0,0,0,0,0,0,0
BICH_3145,"ছি ছি, লাইভে এসে কান নষ্ট হয়ে গেলো",0,0,0,0,0,0,0
BICH_3146,পাগল ছাগল কোথাকার এগুলো যে কোথার থেকে আসে,1,0,1,0,0,1,0
BICH_3147,ও একটা নষ্ট মহিলা ১০০% সঠিক নির্লজ্জ মহিলা,1,0,1,1,0,1,0
BICH_3148,স্যান্ডি সাহা কে অ্যারেস্ট করা দরকার।প্রতিটা মেয়েদের অপমান করে।রাশিয়ান বৌদির হয়ে সাফাই গাইছে।নোংরা মোগা।ফেসবুক টা কে পুরো স…,1,0,1,1,0,1,0
BICH_3150,আমরা সবাই সঙ্গীতা ম্যাডাম কে সাপোর্ট করি। সমাজ টাকে তোরা উচ্ছন্নে পাঠিয়ে দিয়েছিস।,0,0,0,0,0,0,0
BICH_3151,এক ভাই বললেন অনি ভালো পরিবারের সন্তান আসলে বিগত ত্রিশ বছর দরে দেখচ্ছি কোনো ভালো পরিবারের সন্তান রাজনীতি করেনা শুধু গুন্ডা পান্…,0,0,0,0,0,0,0
BICH_3152,এই দেশে মানুষ বসবাসের অযোগ্য হয়ে গেছে।লজ্জা এদেশের জন্য।,0,0,0,0,0,0,0
BICH_3154,আপনি তো একজন পুরুষ অসভ্যের মতো কথাবার্তা গুলো বন্ধ করুন এই মোবাইলটা বাচ্চাদের হাতেও থাকে। সঙ্গীতা ম্যাম ঠিক করেছে এই বাজে ভিডি…,1,0,1,0,0,1,0
BICH_3155,"Prince Al Raihan আপনার মাতায় যে পরে না, আপনার ভাগ্য ভালো",0,0,0,0,0,0,0
BICH_3157,Tareq Prodhan ভাই চোরের আবার মান অপমান,1,0,1,0,0,1,0
BICH_3158,বড় লোক চোরের বাচ্চা সব,1,0,1,0,0,1,0
BICH_3160,Boin tor ki lojja nai? Tui kivabe bahire cholafera koris? Allah toke ja diyesilo ta te ki tor hoynai? Aeivabe nije k sobar sha…,1,0,1,0,0,1,0
BICH_3162,তুই একদম ফালতু তুই ছেলে না মেয়ে ভাষা তোর খারাপ,1,0,1,0,0,1,0
BICH_3163,এটা ভয়ে পাগল হয়ে গেছে,0,0,0,0,0,0,0
BICH_3164,Chup sala chokka tui ae night r joggo na bujhle johora Pola ae night r opoman korish ..... Oshovo chele toke juto pette Kora uchit,1,0,1,0,0,1,0
BICH_3166,Tumi tomar ta niya bolo kintu nongra ta bondho koreche seta niya plzz bolo na,1,0,1,0,0,1,0
BICH_3167,পুরো সমাজ টাকে নষ্ট করেছেন লজ্জা লাগে না।আবার লাইভ এ এসে ছি কী মুখের ভাষা পারিবারিক শিক্ষার অভাব,1,0,1,0,0,1,0
BICH_3168,নোংরা লোকেদের শাস্তি হোক কিন্তু তুমি bhalo tomar comedy bhalo lage..tomar dos nei,0,0,0,0,0,0,0
BICH_3169,Insan Ali নাম ইনসান কিন্তু বাস্তবে বিবেকহীন দিল্লির দাস।,1,0,1,0,0,1,0
BICH_3170,pagol hoye gesy apu,0,0,0,0,0,0,0
BICH_3171,নেশা করে পাগল হয়ে গেছে অনেকটা,1,0,1,0,0,1,0
BICH_3172,"সাউয়ার দেশে বাস করি,, সব ওই নটির পোলাদের দোষ, যে খানকির ছেলেরা আজকে নাকি উপদেষ্টা, নটির পোলা,,,",1,0,1,0,0,1,0
BICH_3174,কোমরে রশি বাঁধা নেই কেন।,1,0,1,0,0,1,0
BICH_3175,Tr e dos...j tok support kore tara faltu lok jon..,1,0,1,0,0,1,0
BICH_3176,Tor mathar tar kete geche toke dekhe ja mone hchvhe,1,0,1,0,0,1,0
BICH_3177,কোমরে রশি হাতে হ্যান্ডকাপ পায়ে ডান্ডা বাড়ি কই?জামাই আদর মনে হচ্ছে? আমি সামান্য হয়েও আমাকে হ্যান্ডকাফ এবং রশি লাগাইছিল,1,0,1,0,0,1,0
BICH_3178,Shadin Ahamed Mithu এরা কুখ্যাত সন্ত্রাসী এরা চোর,1,0,1,0,0,1,0
BICH_3180,লজ্জা করে না এই সব ড্রেস পোশাক পড়ে সোশ্যাল মিডিয়াতে এসে নোংরামো করতে চাপ কে পিঠের খাল তুলে দেওয়া উচিত নির্লজ্জ লোক কোথাকার,1,0,1,0,0,1,0
BICH_3182,Tumi stty jodi ekjon prokito sikhito manush hote thla job korte prte eisob faltu video bananor mane ta ki ? R une jothesto sik…,1,0,1,0,0,1,0
BICH_3183,শেখ হাসিনা আসলে আমার নোয়াখালী কে বিভাগ বানাবো,1,0,0,0,0,1,0
BICH_3184,পা উঠাইতে নিয়া নিচে নামিয়ে নিয়েছে আপনাদের লিটার অতএব আপনারা সবাই গর্বপাত করতে পারেন।,1,0,1,0,0,1,0
BICH_3185,Advocate দিদি যা করেছেন একদম ঠিক করেছেন। আপনি নিজে যে জঞ্জাল টা এই ভিডিও তে প্রমাণিত। প্রত্যেকটা কোথায় নিজে কতটা অসভ্য অশিক্ষিত টা ফুটে উঠেছে।,1,0,1,0,0,1,0
BICH_3186,"এই বয়সেই তাকে দেখতে কতটা বাজে লাগছে, না জানি বুড়ি বয়সে কেমন দেখতে হবে! স্রষ্টার দেয়া দেহকে বিকৃতি করে এখন সবার কাছে হাসির পাত্রী হয়েছে।",1,0,1,0,0,1,0
BICH_3187,আইনি পরামর্শ ও সহায়তা By Advocate Imrul Hasan,1,0,1,0,0,1,0
BICH_3188,এইতো এতদিনে original কালো পক্ষিরাজ এসে গেছে,1,0,1,0,0,1,0
BICH_3189,Thik koreche faltu video banau tumi akhon kno amon baje baje video koro,1,0,1,0,0,1,0
BICH_3190,আল-ইমরান খান ইমু https://mkplay20.blogspot.com/2024/11/girlfriender-bap-eid-natok-niloy.html,0,0,0,0,0,0,0
BICH_3193,খালি রাসতায় কাকে হাত দেখায় বুজিনা পাগল এতো পাপনায় দাকার কথা,0,0,0,0,0,0,0
BICH_3194,Sob faltu gulo ar jonno fb ta duseto hochhe,1,0,1,0,0,1,0
BICH_3195,Fahmida Aktar তোর বাবা বড় চোর,1,0,1,0,0,1,0
BICH_3196,Tr e dos...j tok support kore tara faltu lok jon..,1,0,1,0,0,1,0
BICH_3197,খান*কির ছেলেদের ধো*নের জোর বেশি হইয়া গেছে জানোয়ারের বাচ্চা এগুলো,1,0,1,1,0,1,0
BICH_3199,Ja koreche uni besh koreche.ovodro tumi.salinotar matro chario na.sob choto bachha ra mobile dekhe erokom osalin acharon thik …,1,0,1,0,0,1,0
BICH_3200,সাধারণ মানুষ ওনার পাশে আছে সোশ্যাল মিডিয়া টা তোদের নিজের সম্প্তি না মনে রাখিস তোরা চরম ফালতু,1,0,1,0,0,1,0
BICH_3203,চোর বাটপার সন্ত্রাসী দিয়ে দেশটা ভরে গেছে,1,0,1,0,0,1,0
BICH_3205,"ওর মতো চাঁদাবাজ এত বছর জেল খেটে এখন রেঞ্জ রোভার গাড়ি কিভাবে ব্যবহার করে ,,, নারায়ণগঞ্জে গার্মেন্টস শিল্প কারখানা আছে ,,, নি…",1,0,1,0,0,1,0
BICH_3206,ওরা নোংরা কথা বলবে কেন? আর আপনি মেয়ে হয়ে সরকারি বয়েজ কলেজে কেমনে ভর্তি হলেন?,1,0,1,0,0,1,0
BICH_3207,প্রথমে ভাবছিলাম গুলিস্তান এর নতুন কোন পাগলা বেটি… কাপড়ের অভাব এ হায়…আল্লাহ…Totally Not interested,1,0,1,0,0,1,0
BICH_3208,আল্লাহর কাছে যখন প্রশ্ন করবে আল্লাহ কি বলবে? আল্লাহকে আমিও সম্মান করি কিন্তু তার মুসলিমরা আজকে এই ঘটনা ঘটেছে,0,0,0,0,0,0,0
BICH_3209,Alim Munshi এই শালারাতে ইহুদী ওদেরকে তো কবরও নেওয়া যাবে না ওদেরকে পুড়িয়ে মারা উচিত,1,0,1,0,0,1,0
BICH_3210,রাস্তার চারিপাশে মানুষ আর মানুষ।আমরা নেশা করছি বলে দেখতে পাইনা।মানুষ নেশাবিহীন নেতা জাকির খান ঠিকই দেখতেছে।,1,0,1,0,0,1,0
BICH_3212,"রাজুদা sandy কে দুটো andy, মানে দুটো সাদা আন্ডা দাও । কারন নাইজেরিয়ার কালো আন্ডা খেয়ে কেলিয়ে গেছে ।",1,0,1,0,0,1,0
BICH_3213,কয়লা কখনো সাদা হয় না। জানোয়ার লীগ কখনো মানুষ হবে না।,1,0,1,0,0,1,0
BICH_3214,তোমার ভাষাটা ঠিক কর । তুমি দাদা না দিদি না কি আমরা কিছু বুঝতে পারি না। কিন্তু একটা কথা বলছি তুমি যথেষ্ট বড় আমার থেকে কিন্তু ম…,0,0,0,0,0,0,0
BICH_3217,হালায় পাগল হয়ে গেছে সামনে কোন মানুষ নাই হাত নাড়তে আছে,1,0,1,0,0,1,0
BICH_3218,"Zunaid Ahammad বাংলাদেশ তো হিন্দুদেরই, বাইরে থেকে ডাকাত দল এসে বাংলাদেশ দখল করেছে।",1,0,1,0,0,1,0
BICH_3219,এসব দোপেয়ে জানোয়ারগুলোর পায়ে ভেড়ি পরানো নেই কেন? ছুটে গেলেতো আবার হিংস্র হায়েনার মতো হবে,1,0,1,0,0,1,0
BICH_3220,বেশ করেছে।খুব ভালো করেছে। নাইটি পরা দোষের না।তবে আপনাদের মতো নোংরা ভিডিও করা দোষের। আপনাদের জন্য অন্য সব মহিলাদের বদনাম। ছি: আবার লাইভ করছেন।,1,0,0,1,0,1,0
BICH_3221,MD Tanjil Howlader গরু নাকি। তোর লাগলে বল তোকেও একটা এনে দিব।আর PVSA ওয়েবসাইটে গিয়ে দেখ। ওখানে তোর বাপ আফ্রিদির নাম নাই কেন?,1,0,0,0,0,1,0
BICH_3222,"না, তোর মারটা পড়ছে",1,0,1,0,0,1,0
BICH_3224,আমরা জঙ্গল পরিস্কার করার দায়িত্ব দিয়েছি কারণ আমাদের ছেলে মেয়েদের সামনে ফোন খুলতে পাচ্ছি না,0,0,0,0,0,0,0
BICH_3225,এর থেকে সিদ্দিক চোর অনেক ভালো।কোনো লেডিস লেডিস ভাব নাই।।,1,0,1,0,0,1,0
BICH_3227,সালা বাংলাদেশে জন্ম না নিলে এসব চোদনাদের বিনোদন মিস করতাম রে,1,0,1,0,0,1,0
BICH_3229,এই কুকুরের বাচ্চাদের হাতে কেন একটারও হাতকড়া নাই।,1,0,1,0,0,1,0
BICH_3230,Mahmud Hasan Billal সাজানো গোছানো চোরের বাগান টা ছাত্র জনতা শেষ করে দিলো। এই আফসোসে লীগ শেষ হয়ে যাচ্ছে!,1,0,1,0,0,1,0
BICH_3231,"Award কি ডেলিভারির মাধ্যমে দেওয়া হয়েছে, নাকি কোন না কোন ফাংশনের মাধ্যমে? যদি ফাংশনের মাধ্যমে award পেয়ে থাকেন, তাহলে আমাদের মধ্যে ফাংশনের ছবিটি শেয়ার করেন। আমরা দেখতে চাই কে তোমার হাতে Award টি তুলে দিল।",0,0,0,0,0,0,0
BICH_3233,"তুই একটা অমানুষ,পারিবারিক শিক্ষা দিয়ে তোকে বড় করেনি।নোংরা পরিবারের ছেলে",1,0,1,0,0,1,0
BICH_3234,আমি আরো বলি জমজ বাচ্চা হওয়ার সময় ও তো পেট দুইভাগ হয়না তার এইটা কোন স্টাইল এর প্রেগন্যান্সিওম্মা চেহারার দিকে তাকাই দেখলাম উনিতো সানাই ম্যাডাম,1,1,1,1,0,1,0
BICH_3235,আমরা স্বচক্ষে দেখতে পাচ্ছি কি হচ্ছে,0,0,0,0,0,0,0
BICH_3237,"আমরা দায়িত্ব দিয়েছি , ম্যাম কে জঞ্জাল সাফ করার",1,0,1,0,0,1,0
BICH_3243,"এ দালাল রে কি দালালির এওয়ার্ড দিলো,,,নির্লজ্জ টা আবার সোসাল মিডিয়ায় আসছে কোন লজ্জায়,,,,",1,0,1,0,0,1,0
BICH_3244,একদম পাগল লেভেলের নোংরা ছাপরি লোকজন। ভাগগগগ তোর ভাসাই আসি সা........,1,0,1,0,0,1,0
BICH_3246,"Pagol, saitan ekta tui, pagol hatao, desh bachao thik korechen Advocate sangita",1,0,1,0,0,1,0
BICH_3247,"Sayeed Hasan ki, regular viewer nakivaloi react deya hoe dekhi new gen super creative bd natok e.",1,0,1,0,0,1,0
BICH_3250,হেতে কি পাগল নাকি এখানে মানুষ কই হাত লারাই,0,0,0,0,0,0,0
BICH_3252,"এইসব বদমাইশদের হাতে হাতকড়া কই, আইন কি তোদের বাপের যেমন ইচ্ছা তেমন করবি,সময় হলে বুঝবি তোরা, অপেক্ষায় আছি, আইন কিভাবে তৈরি করতে …",1,0,1,0,0,1,0
BICH_3253,ওদের কোমরে শিকল বাধে নাই কেন??,0,0,0,0,0,0,0
BICH_3255,বিশ্ব বেহায়া একজনই ডাইনি হাসিনা!,1,0,1,0,0,1,0
BICH_3256,Puro mental patient ..ranchi ta admit korao eke age,1,0,1,0,0,1,0
BICH_3260,এই খ**** চ*** বাংলাদেশের রাজাকারের বাচ্চা সব শালা একদিন শোধ নেব,1,0,1,0,0,1,0
BICH_3261,আপা আপনি চলে যাওয়ার পর থেকে দেশের নারীরা নিরাপত্তাহীনতায় ভুগছে,0,0,0,0,0,0,0
BICH_3262,এর হাটা দেখে মনে হচ্ছে পুষ্টিহীনতায় ভুগছে,0,0,0,0,0,0,0
BICH_3263,টু পোন্ড মারা গে ম্যাগী ম্যাগী না মর্দা নানা মাঝা মাঝি,1,0,1,0,0,1,0
BICH_3266,তোর মত লম্পটকে যে সোজা পথে নিয়ে আসার চেষ্টা করেছে সেটা বুঝতে পারছিস না,1,0,1,0,0,1,0
BICH_3267,শালারপুতেরা শ্বশুর দেখে বসতে দিছোস আর মুরুব্বি দেখে দিছিলি না কেনো?,1,0,0,0,0,1,0
BICH_3268,তোমার পাগলামি করা বন্ধ কর তোমার মত পাগলের ভিডিও কেউ শেয়ার করবে। অসভ্য কোথাকার,1,0,0,0,0,1,0
BICH_3269,ওয় জঘন্য রকমের মানসিক প্রতিবন্ধী ওরে আবার কোন মামলা মাইরা ভিতরে- ই রাখার অনুরোধ করছি এই সরকার কে,0,0,0,0,0,0,0
BICH_3270,তুই আগে ওর জায়গায় পৌঁছে দেখা তারপর বড় বড় ডায়লগ বাজি মারবি। তোর মতন এই সমস্ত অসভ্য নোংরা পাবলিকগুলোর জন্য আজকে দেশের এই অব…,0,0,0,0,0,0,0
BICH_3271,আমি শিউর সে সাইকো,1,0,1,0,0,1,0
BICH_3273,Puro mental patient. Er jail a na mental hospital a thaka uchit,1,0,0,0,0,1,0
BICH_3274,Tho valovabe poro na tumi tho nari der sorman biya faltu kaj koro,1,0,1,0,0,1,0
BICH_3276,"ঠিক করেছে, আপনার এই নোংরামো গুলোকে হেসে উড়িয়ে দিয়েই বাকিরা এত সাহস পেয়েছে। আপনিও দিনে দিনে আরো বেড়েছেন। আপনি মহিলা সাজুন,…",0,0,0,0,0,0,0
BICH_3278,মানুষের রুচি এত নিকৃষ্ট হয় কিভাবে এই নষ্ট নাকি বর্তমানে সুদর্শন পুরুষ,1,0,0,0,0,1,0
BICH_3280,MD Zakir Hossain পাগলীটারে কতদিন ধরে দেখি না,0,0,0,0,0,0,0
BICH_3282,Dhon copter banaice sala abal,1,0,1,0,0,1,0
BICH_3285,তোর নাইটি পরা নিয়ে কেস করেনি। তোর ইতর পোনার জন্য কেস করেছে। ঠিক করেছে। নিজের ভিডিও গুলো পরে আবার দেখবি। এখন লাইভ এসে কি করলি সেটাও দেখিস জানোয়ার।,1,0,0,0,0,1,0
BICH_3286,"তুই বেটা নাইটি পড়া বাদ দেশালা জঞ্জাল তো তোরা,তোদের ভুদা দেখার জন্য কি এমবি ভরি রে",1,0,1,0,0,1,0
BICH_3287,Hafez Shahjahan হাফেজ ইয়াজিদ তুই বেধর্মীদের ফেসবুকে ক্যান রে আবুজাহেল নমরুদ কাফের?,1,0,0,0,0,1,0
BICH_3290,"মানে কি, এত বিশ্রি, আগেই ভালো ছিলো",1,0,0,0,0,1,0
BICH_3291,উগ্রতার কারনেই জীবন যৌবন ভবিষ্যত শেষ আর কেউ এ-ই মহিলাকে বিয়ে করবে না পরিবার সহ আত্মীয় সজনের কাছে ও মূল্যহীন থাকবে আজীবন?,1,0,0,0,0,1,0
BICH_3292,"Aponi ja Indian,Amarican sajssan satai mona asy jata Bangladeshi dar satha jai na jai hok Aponar motto নিকৃষ্ট লোকগুলোকে আল্লা…",1,0,1,0,0,1,0
BICH_3293,সমাজ নষ্ট করছে আর বড়ো কথা,1,0,0,0,0,1,0
BICH_3294,এটা মানুষ নাকি শয়তান,1,1,0,0,0,1,0
BICH_3297,এগুলো সব সালা চোর,1,0,1,0,0,1,0
BICH_3298,পিপীলিকার ডানা গজায় মরিবার তরে সেই অবস্থা হয়েছে এর,0,0,0,0,0,0,0
BICH_3299,নাইটি সবাই পরে কিন্তু তোমাদের মতো নোংরামো করে না,1,0,1,0,0,1,0
BICH_3300,আপনি কিসের লোভে একজন পুরুষ হয়ে নাইটি পড়ে ভিডিও বানান।,1,0,1,1,0,1,0
BICH_3302,তোদের মতো কটা কুলাঙ্গার আছে বলে সমাজ টা এতো নোংরা হচ্ছে। নোংরা গুলো।,1,0,1,0,0,1,0
BICH_3303,tor ma re cdi khanki magi,1,0,1,0,0,1,0
BICH_3304,Ara akta pagol cho.....,1,0,1,0,0,1,0
BICH_3305,ও শালা তো গাড়ি উপরে উঠে দাঁড়াবে,1,0,1,0,0,1,0
BICH_3307,এদের কে পাবনা না পাঠালে আমরাই পাবনা চলে যাব।,1,0,0,0,0,1,0
BICH_3309,"কাউকে তো খুঁড়ে হাটতে দেখলাম না, হাতকড়া কই, কোমড়ে রশি কই, পায়ে ডান্ডা বেড়ি কই রিমান্ড নিচ্ছে নাকি জামাই আদর করতেছে। একেক জ…",1,0,0,0,0,1,0
BICH_3310,পাগল হয়ে গেলে মানুষ এরকমই করে।,0,0,0,0,0,0,0
BICH_3311,Tai to uni Protibad korle apnader nongrami gulo bondho hoye jbe apna rai to des ta ke besi nosto korchen,0,0,0,0,0,0,0
BICH_3314,ওদের হাতকড়া পায়ে বেরি কোমরে রশি মাথায় হেলমেট এগুলো কোথায় দেখা যাচ্ছে না কেন জাতি জানতে চায়,1,0,1,0,0,1,0
BICH_3316,না না তুমি কেন কাউকে ভয় পাবে? নোংরা ছেলে একটা ছেলে হয়ে মেয়ে সাজতে লজ্জা লাগে না ফালতু লোক একটা লোক বলতে ও কেমন গা ঘিন ঘিন করে,0,0,0,0,0,0,0
BICH_3317,"এদেরকে ডান্ডাবেডি পরাতে কি সরকারের কষ্ট হয়??এই মানুষরুপি জানোয়ারগুলো কত নিরীহ মানুষকে কষ্ট দিয়ে খুন,গুম করেছে।তাদের অত্যাচারে…",1,0,1,0,0,1,0
BICH_3318,"এই বাটপার মহিলা ধোকা দিয়ে অসহায় মানুষ তেকে হাজার হাজার টাকা হাতিয়ে নিচ্ছে,",1,0,1,0,0,1,0
BICH_3319,আর কত রকম পাগল দেখবো ভাই,0,0,0,0,0,0,0
BICH_3321,Wake Up Anik ফিটনেস বিহীন সব!,0,0,0,0,0,0,0
BICH_3322,Hasina Magi tor hedai khamota thakle Deshe ai,1,0,0,0,0,1,0
BICH_3324,বেচারি নিচ তলা ভাড়া দিয়ে দুতলা করেছিল কিন্তু ফাউন্ডেশন ভালো করে না দেওয়ায় এখন....,1,0,1,0,0,1,0
BICH_3326,আমরা সবাই সাপোর্ট করি সঙ্গীতা মেডাম কে,0,0,0,0,0,0,0
BICH_3328,এখন বাস/ট্রাক আকাশে উড়তে দেখবো কারণ আমরা বাঙ্গালি গর্বিত জাতি,0,0,0,0,0,0,0
BICH_3329,শালা বাংলাদেশ মুসলমান তোদের মুক্তি কাছে আসছি,0,0,0,0,0,0,0
BICH_3330,"Munafik Nomrud ferahun. Motherchud stop this nonsense with Hindus I am telling now, We will Drink all halal blood from tho…",1,0,1,0,0,1,0
BICH_3333,এই পাগলও বুঝি বিএনপির মাঝে থাকে,1,0,1,0,0,1,0
BICH_3334,"Reazul Zannath Reaz baler army furniture banai, foolish kore churi",0,0,0,0,0,0,0
BICH_3335,MD Amin চোদ্দগুষ্টি শিল্পপতি ছিল,0,0,0,0,0,0,0
BICH_3336,দেশের অর্থ কে লুটপাট করে বাংলাদেশ ধ্বংস করে দিয়েছে এই কুলাঙ্গারের বাচ্চারা,1,0,1,0,0,1,0
BICH_3337,Mamunur Rahman আরে পাগলা এটা পেট না এই গুলা তো তার বড় বড় দুইটা মন,1,0,0,1,0,1,0
BICH_3338,শয়তানি এক ধরনের তবে মেধার প্রতিফল ঘটেছে,0,0,0,0,0,0,0
BICH_3339,Amader problem hoe toder jonne.phone khulte pari na.,1,0,1,0,0,1,0
BICH_3341,Bes kore6e je kota bje video kore nongra video kore tdr erokom hok..,1,0,1,0,0,1,0
BICH_3342,সে আর কোনদিন মা হতে পারবেন না মনে হয় কারণ উপরের চাপে নিচের বাচ্চা মরে যাওয়ার সম্ভাবনা থাকবে,1,0,1,0,0,1,0
BICH_3344,পাগলে আর কই উঠতে চায়? অলটাইম পিনিকে থাকলে যা হয় আরকি!,0,0,0,0,0,0,0
BICH_3345,চোরদের গরুর মতো রশি দিয়ে কমরে বেধে নেওয়া উচিৎ!,1,0,1,0,0,1,0
BICH_3347,পাগলা হয়েগেছে একে রাঁচিতে যাওয়া উচিৎ,0,0,0,0,0,0,0
BICH_3349,এগুলোর জন্য বিএনপি'র ইমেজ নষ্ট হচ্ছে,0,0,0,0,0,0,0
BICH_3351,তোর মারের দরকার আছে। পাবলিকের মার দরকার।,1,0,0,0,0,1,0
BICH_3352,সমাজ নষ্ট করার অধিকার তোকে কে দিয়েছে?,0,0,0,0,0,0,0
BICH_3353,আমি বুঝতে পারতেছি না ওনার উপরের গুলা কই গেল আর নিচেই এগুলা কি পেট নাকি অন্য কিছু নাকি,1,0,1,1,0,1,0
BICH_3354,Tui akta pagla choda,1,0,1,0,0,1,0
BICH_3355,নিজের মুখটা আগে আয়নায় দেখে বোকাচোদা বলবো না বোকাচুদি বলবো বুঝতে পারছি না আসলে তুই কি সেটাই আমরা জানি না বাল হাফ লেডিস,1,0,1,0,0,1,0
BICH_3356,"এইটা দেখার পর আমি মুগ্ধ, শিহরিত, আহত, ব্যাহত, গর্বিত , অনুপ্রাণিত, ব্যাথিত, মর্মাহত, শোকাহত , বিমোহিত , আনন্দিত , রাগান্বিত , …",0,0,0,0,0,0,0
BICH_3358,আমরা খুব অসহায়। ওদের জোড় করে নামাতে হবে,0,0,0,0,0,0,0
BICH_3359,Toi pagol hoye geche,0,0,0,0,0,0,0
BICH_3360,হাতকড়া কোমরে রশি বুলেট প্রুপ জ্যাকেট হেলমেট লাগানো হচ্ছে না কেন।,1,0,1,0,0,1,0
BICH_3362,"পাগলের সুখ মনে মনে, এর অবস্থাও তাই।",0,0,0,0,0,0,0
BICH_3363,কোন এংগেলে উনাকে নেতা মনে হয় আমাকে কেউ একটু বলবেন। জাস্ট রাবিশ হিন্দী ছবির ভিলেন,0,0,0,0,0,0,0
BICH_3364,তুই কি পাগল হয়ে গেছিচ,0,0,0,0,0,0,0
BICH_3365,তুই তো ঘাটের মরা নির্লজ্জ টা লাইভে এসেছে আবার,1,0,0,0,0,1,0
BICH_3366,মাথামোটা উড়বেই না তো হেলিকপ্টার হলো কিভাবে?,1,0,1,0,0,1,0
BICH_3367,এই জঘন্য মহিলা কি চায়,1,0,0,0,0,1,0
BICH_3368,এদেশের হাজারো আলেমকে বিনা কারণে হ্যান্ডকাপ লাগিয়ে কুকুরের মত টেনে হিজড়ে নিয়ে যাওয়া হয়েছে অথচ দেশের হাজার কোটি টাকা যারা আ…,1,0,1,0,0,1,0
BICH_3369,"পাগলের হাতে যাবে আগামির বাংলাদেশ,",0,0,0,0,0,0,0
BICH_3370,Sali Toke theek kare to Fir theek korechi sala Sandy Sandy sandy Sala,1,0,1,0,0,1,0
BICH_3371,Apni somoj nosto korchen,0,0,0,0,0,0,0
BICH_3374,মূর্খ জঙ্গল পাগল এ রকমই রাজনীতি নেতা হয় বিএনপি'র,1,0,0,0,0,1,0
BICH_3376,এই ছককা এক চড়ে তোর গাল ফাটিয়ে দেব ঠিক করেছে ফালতু,1,0,1,0,0,1,0
BICH_3377,Chup kor nogra chod** toke ki bolbo meye na chale bujhte parchi na,1,0,1,0,0,1,0
BICH_3379,Sandi toke dekhlei amar 3 din khete iccha kore na sala ekta baje manush tui,1,0,1,0,0,1,0
BICH_3381,ভাই এই লোকটা কি পাগল?,0,0,0,0,0,0,0
BICH_3382,"Jeta korche valo korche ...nijer behaviour ta dekho puro pagol lagche...of course jonjal saf korche korte de...,",0,0,0,0,0,0,0
BICH_3384,Pagol sere dile ja kore,0,0,0,0,0,0,0
BICH_3385,Tumi ki jano tumi osustho...tomra nighty porcho ki porcho na Ata to porer byapar tomra somaje khola ghurcho Ata ki samanno khoti somajer jonno??,1,0,1,0,0,1,0
BICH_3386,"আপা আমাদের ক্ষমা করবেন ,আপনি দেশের জন্য , আওয়ামী লীগের জন্য এতো কিছু করলেন ,কিন্তু আমরা জাতির পিতার বাড়ি রক্ষা করতে পারলাম ন…",0,0,0,0,0,0,0
BICH_3388,এই চোদনারে কেউ ডিম দে,1,0,1,0,0,1,0
BICH_3392,এখানে দেখি সব কুত্তার বাচ্চা লীগ,1,1,1,0,0,1,0
BICH_3394,"Anuwar Hussain বোকা**** এখন খাইতেছো না,দাম কতো???২০০১-২০০৬ বোমা খাইছিলে না",1,0,0,0,0,1,0
BICH_3395,বাংলাদেশকে ভারতে রঙ্গরাজ্য করো বাঙালিরা চুপ করে থাকবে না,1,0,1,0,0,1,0
BICH_3397,এই রকম একটা সুন্দর সহজসরল পাগল একটা বিএনপির নেতা হবে,0,0,0,0,0,0,0
BICH_3399,Thik boleche uni tui ak no faltu,1,0,1,0,0,1,0
BICH_3400,Eto mota Keno babu Pete naki,1,0,1,1,0,1,0
BICH_3401,এমনও জীবন করিও ঘটন মরিবে তুমি কাদিবে ভবন।,0,0,0,0,0,0,0
BICH_3402,ভাই শালায় তো পাগল,1,0,1,0,0,1,0
BICH_3405,পাগল একটা নাইটি পড়ে পাগলামি করিস আবার বড় বড় কথা,1,0,1,0,0,1,0
BICH_3406,আমরা সবাই একে অপরকে ফলো দিয়ে পাশে থাকি! তাহলে আমাদের @ফলোয়ার অটোমিটিকলি বেড়ে যাবে !তাহলে দেরি কিসের আসুন ফলো করুন আর ফলো ব…,0,0,0,0,0,0,0
BICH_3408,এদের হাতকড়া লাগানো হোক কারণ আলেমদের কোমরে দড়ি বাধা হয়েছে এদের গলায় জুতার মালা পরিয়ে তোলা হোক ওরা দেশের ক্ষতি করেছে দ্রুত …,1,0,1,0,0,1,0
BICH_3410,"Dor loja ache,bokachoda,je tor name kes koreche thak koreche",1,0,0,0,0,1,0
BICH_3412,কুত্তার বাচ্চারা ফুটফুটে সুন্দর,1,0,0,0,0,1,0
BICH_3413,অনেকে হাসতেছে ব্রেইনলেসের মতো অথচ সে শিক্ষিত না হলেও নিজের মেধা খাটিয়ে এটা বানিয়েছে যা আমরা কখনোই পারবো না। আমরা নিজেরা কিছু ক…,1,1,0,0,0,1,0
BICH_3414,Besh korechhe…..nongra vasha….sikhha dikhha nei…..case korechhe thik korechhe….nije jonjal bolei gaye lagchhe…..,1,0,0,0,0,1,0
BICH_3415,"আহারে কত সতি সাদি মহিলা,,, আমরা নিজেরা নিজেরাই ভোট দিয়ে ক্ষমতায় ছিলাম।",1,0,0,0,0,1,0
BICH_3417,Sheikh Soh El বাংলা নিয়ে পড়ে ইমজানোয়ার হলি কবে,0,0,0,0,0,0,0
BICH_3418,Chi mukher vasha thik kor janoar ekta... Keno nighty pore nach korish samaj take to nongra korchis abar beshi kotha bolchis,0,0,0,0,0,0,0
BICH_3420,তোর মতো জঞ্জাল শুধু মাত্র দুর্গন্ধ ছড়ায় সমাজের তুই একটা বোঝা। একটা বিকৃত রুচির বিকৃত মস্তিষ্কের রানী। মাঝে মধ্যে তোর মনে হয়…,1,0,1,0,0,1,0
BICH_3421,ঘর চোর যখন নেতা বনে যায়,0,0,0,0,0,0,0
BICH_3422,আবার ডাকাত কে দলে নিতে চায়,0,0,0,0,0,0,0
BICH_3423,ও তো অনেকদিন আগে তোদেরকে ঝাঁটা ঝাঁটা করে মারা বার করানো দরকার ছিল তোর তো বাচ্চাকাচ্চা অনেক সংসারও নাই তোরা তো এরকম ফালতু ভিডিও…,1,0,0,0,0,1,0
BICH_3424,এত দিন নোংরামো করতি তাও ঠিক ছিল..যখন রাশিয়ান বৌদি র সাপোর্ট করছিস তখন তোদের মানসিকতা বোঝা যাচ্ছে...,1,0,0,0,0,1,0
BICH_3427,চুপ কর খাঙ - কি,1,0,1,0,0,1,0
BICH_3428,Tui 1ta pagla choda,1,0,1,0,0,1,0
BICH_3429,"ইতিহাস কাউকে কখনো ছেড়ে দেয় না তারপরেও আমাদের শিক্ষা হয় না। ইতিহাস থেকে আমরা শিক্ষা নেই না, এত ক্ষমতা পাওয়ার এখন কোথায় কিন…",0,0,0,0,0,0,0
BICH_3431,তাহলে বাংলাদেশ থেকে চোরের মতো পালাইয়েলন কেনো নানি,0,0,0,0,0,0,0
BICH_3432,যে গুলি করেছে সেতো আপনার শিবিরের। লুঙ্গির নিচে এতো ছিল,0,0,0,0,0,0,0
BICH_3434,"Mone hay e pagol hoye geche,eke aro ektu kichu kes Dio didi",0,0,0,0,0,0,0
BICH_3435,এমন জীবন তুমি করিও গঠন মরিবে তুমি কাঁদিবে সারা ভবন আর এইখানে যেই সতের জন আদালতে তোলা হচ্ছে ওরা মরলে ওদের লাশের উপরে মানুষ থুতু ছিটাবে,1,0,0,0,0,1,0
BICH_3436,আমরা জাতি হিসেবে লজ্জিত,0,0,0,0,0,0,0
BICH_3438,পুরো সমাজ টাকে নষ্ট করেছেন লজ্জা লাগে না।আবার লাইভ এ এসে ছি কী মুখের ভাষা পারিবারিক শিক্ষার অভাব,0,0,0,0,0,0,0
BICH_3441,এদের হাতে এবং কোমরে দান্ডা বেরি লাগায়নি কেনো????,0,0,0,0,0,0,0
BICH_3442,পাগলে আর কই উঠতে চায়? অলটাইম পিনিকে থাকলে যা হয় আরকি!,0,0,0,0,0,0,0
BICH_3443,Mental somosha ache dada tomar akta kaj koro aktu psychiatrist dekhao Mara tumi chodon chatni lok jokun vlo korche tomar ki p…,1,0,0,0,0,1,0
BICH_3444,Kota block korbo eta bolo,0,0,0,0,0,0,0
BICH_3445,তোর কথাবার্তা গুলো শুনেই মনে হচ্ছে যে তুই একজন মানসিক ভারসাম্যহীন উন্মাদ পাগল।,0,0,0,0,0,0,0
BICH_3446,লাভের টাকা পেটল কিনে সেস হবে বোকা চোদা আর আর বিষেস কথা হলো অপরো জনে জালানি তেল নষ্ট করা বেয়াইনি ১৩০ টাকা তেল এর কেজি এটা মাথায় রাখা দরকার,0,0,0,0,0,0,0
BICH_3447,এম স্বপন মিয়া তোরা আসলেই বোকাচোদা,1,0,1,0,0,1,0
BICH_3448,এক পাগলের দেশ ছাড়ছে আরেক পাগলে ওই জায়গা থেকেই আমদানি হইছে।,0,0,0,0,0,0,0
BICH_3449,মানুষ মানুষই কিন্তু বাংলাদেশী মানুষ দুভাগে বিভক্ত প্রতিনিয়ত তার প্রমাণ সোশ্যাল মিডিয়ায় দেখা যায় এইতো কয়েক মাসের ব্যবধানে …,0,0,0,0,0,0,0
BICH_3450,Bangladeshi jato gula ache shob gulai madarchod,1,0,1,0,0,1,0
BICH_3451,aie tumi chup koro to....matha kheo na...nighty charo baje lage kubb...uni ja korchen thik korchen akdom....,1,0,1,0,0,1,0
BICH_3453,Puro pagol hoye ge6e gorom to aro barbe tor ..dara,0,0,0,0,0,0,0
BICH_3454,Tui to chelerder নামে কলঙ্ক ছেলে সমাজ টাকে নষ্ট করে দিয়েছিস,1,0,1,0,0,1,0
BICH_3456,আমরা কতটা মূর্খ জাতি হইলে এর মতো নেতা এটা আমাদের দেশ নেতৃত্ব দে,1,0,1,0,0,1,0
BICH_3458,Ere hasina ses kore dice pagol banai pelce,0,0,0,0,0,0,0
BICH_3459,"Dhyar bokachoda, atleast keu ekjon eseche toder moto suyor er pod er moto baal er content creators der safai korte.",1,0,1,0,0,1,0
BICH_3461,Md Monir আর দেশের সাংবাদিক গুলো তো পাগল হয়ে গেছে,0,0,0,0,0,0,0
BICH_3462,বাংলাদেশে এর কুত্তার বাচ্চারা একবার যদি সুযোগ পাই তোদের ও ঘরে ঢুকে ....,1,0,1,0,0,1,0
BICH_3463,##কোথায় এখন বোকাচোদা সকল সেকুলাররা##,1,0,1,0,0,1,0
BICH_3464,ওদের হাতে হাতকরা কোথায়। শুধু আলেমদের বেলায় মজা নিতা। সেই সময় কি মনে নেই। এদের কে কোমরে দড়ি বেঁধে নিয়ে যাওয়ার দরকার ছিল,1,0,1,0,0,1,0
BICH_3466,খেলা শুরু হয়লো দেখা তুমরা,0,0,0,0,0,0,0
BICH_3467,ভয়ংকর পাগল ভয়ংকর সন্ত্রাস,0,0,0,0,0,0,0
BICH_3468,তোমরা আঘাত করো নাই?,0,0,0,0,0,0,0
BICH_3469,তোর মানসিক সমস্যা আছে,1,0,0,0,0,1,0
BICH_3470,পাগলা সমাজ নোংরা করছো,1,0,1,0,0,1,0
BICH_3471,খেলা শুরু হয়লো দেখা তুমরা,0,0,0,0,0,0,0
BICH_3473,তুই একটা ছোটো লোক বেহায়া লজা নেই,1,0,0,0,0,1,0
BICH_3474,Tui akta faltu lok besh koreche ja koreche......tui sob theke beshi jonjal samajer.....,1,1,0,0,0,1,0
BICH_3475,"Pagol, saitan ekta tui, pagol hatao, desh bachao thik korechen Advocate sangita",0,0,0,0,0,0,0
BICH_3476,ভাগ্যিস বাংলাদেশে জন্মেছি নয়তো অনেক বিনোদন মিস করতাম!,0,0,0,0,0,0,0
BICH_3477,Chotolok sala..support sangita ma'am,0,0,0,0,0,0,0
BICH_3479,Faltu chele bolbo na meye bolbo ki bolbo onek hoache,0,0,0,0,0,0,0
BICH_3481,"এদের কে কোমরে দড়ি দিয়ে টানার দরকার ছিল,কারণ আইন সবার জন্য সমান, যেটি বিগত আলেম ওলামাকে বাঙালি দেখেছে।",1,0,1,0,0,1,0
BICH_3485,নাইটি সবাই পরে কিন্তু তোমাদের মতো নোংরামো করে না,0,0,0,0,0,0,0
BICH_3489,Tui faltu ata mene ne,1,0,1,0,0,1,0
BICH_3490,এটা শুধু ইউনুস এর আমলে হয়নাই আওয়ামিলিগ এর আমলে শত শত নারী ধর্ষিত হয়েছে যেগুলো করেছে আওয়ামীলীগের প্রভাবশালী নেতারা নেতার সন…,1,0,1,0,0,1,0
BICH_3491,Pagol mental hospital eke vorti karo Didi tomar pase achi,0,0,0,0,0,0,0
BICH_3492,ওনি ভালো কাজ করছে যদি সত্যি তোদের মতো নোংরা আবর্জনা দূর হয় তাহলে সবার জন্য ভালো,0,0,0,0,0,0,0
BICH_3493,হাইরে বড় আফসোস হারামি কাজ করলে এমন হয় আর কি,1,0,1,0,0,1,0
BICH_3495,ভণ্ড দেওয়ানবাগী বেঁচে থাকলে......ভণ্ড দেওয়ানবাগীর …,0,0,0,0,0,0,0
BICH_3497,সৃজনশীলতা ভালো।ধন্যবাদ তাকে।লেকিন সুদে কারবার করা মানে শয়তানের অনুসরণে চলা।,1,0,1,0,0,1,0
BICH_3499,"চোরদের হাতে হ্যান্ডকাফ কই হ্যান্ডকাফ পড়ে না কেন। তাদের দেখে তো বোঝা যায় না তারা কি আসামি, নাকি জামাই।যেভাবে হাত ধরে নিতেছে …",1,0,1,0,0,1,0
BICH_3501,সব চোর এক সাথে হয়েছে,1,0,0,0,0,1,0
BICH_3502,তোর মতো জঙ্গলের পশুকে খোঁচা দিয়ে ভালো করেছে। তোর ভিডিও বা পোস্ট দেখে বমি পায় সয়তান। তুই যে প্যাডের জামা বানিয়ে পরে পোষ্ট ক…,1,0,0,0,0,1,0
BICH_3505,খন্দকার ওমর সানি রেজভী,0,0,0,0,0,0,0
BICH_3506,"এইটা যেটা ভাবতেছে সেটা নারে পাগলা, এই দুটা হইলো বড় টিউমার,",0,0,0,0,0,0,0
BICH_3508,Level.... Ami haste haste pagol honestly speaking....ami depression e chilam.....kichu baker lokjon der niye....ekhon …,0,0,0,0,0,0,0
BICH_3510,আমরা বৃটিশ দের কাছ থেকে মুক্তি পাইনি বরং বৃটিশ রা আমাদের কাছ থেকে মুক্তি পেয়েছে,0,0,0,0,0,0,0
BICH_3511,আওয়ামীগের টপ টু বটম পযন্ত সব চোর আর খুনি।,1,0,0,0,0,1,0
BICH_3513,Ki nongra vasa chi,0,0,0,0,0,0,0
BICH_3514,শেখ হাসিনা এগিয়ে চলো আমরা আছি তোমার সাথে,0,0,0,0,0,0,0
BICH_3515,মহাজনের বাংলাদেশ বর্বরতার অধিক্ষেত্র,0,0,0,0,0,0,0
BICH_3516,"কমেন্টস দেখে যা বুঝলাম,,,, আমরা সবাই প্রতিহিংসা পরায়ণ হয়ে গেছি। কে কার থেকে বেশি গালি দিতে পারি। এ যেন গালির প্রতিযোগিতা চলছে। সাব্বাস বাঙালি",0,0,0,0,0,0,0
BICH_3517,ওদের কে কেন ডান্ডাবেরি লাগানো হয়নি?অনেক বয়স্ক নিরীহ আলেমদেরকে বিনা অপরাধে কোমরে রশি এবং ডান্ডাবেরি পরিয়ে উঠানো হত।…,0,0,0,0,0,0,0
BICH_3518,নারায়ণগঞ্জবাসীর মায়রে আমি চ*** খানকির পোলার একটা ছাগলেরে নাচাইতে আছে,1,0,1,0,0,1,0
BICH_3520,"যারা একে সাপোর্ট করছে, ফলো করছে, তারাও নির্লজ্জ, বেহায়া, অসভ্য",0,0,0,0,0,0,0
BICH_3522,তোর মা বাবা নেই হিরা নাচ নেচে বেরাস তোদের দেখলে সত্যিই লজ্জা লাগে তুই তোর মা বাবা সামনে সবকিছু খুলে খুরে বেরা নিললজো,1,0,1,0,0,1,0
BICH_3523,জানোয়ারদের কি কোনো অনুশোচনা থাকে?,0,0,0,0,0,0,0
BICH_3524,Sandy Saha সমাজকে নষ্ট করছে এরকম মহিলার করা শাস্তি হওয়া উচিত তাহলেই সবাই শিক্ষা পেয়ে যাবে,1,0,1,0,0,1,0
BICH_3525,"এমন এক আচোদা দেশে জন্ম দিয়েছো আল্লাহ, একটু মন খারাপ করে থাকবো সেটারও উপায় নাই।",1,0,1,0,0,1,0
BICH_3526,"Tor moto pagol chagol talent facebook er moto social media site ta nongra kore jacche din din, tor dom thakle nighty chara ge…",0,0,0,0,0,0,0
BICH_3528,প্রাণপ্রিয় নেত্রী আপনি আবারো আপনার বাবার মত একাত্তরের মত যুদ্ধ ঘোষণা করেন আমরা মরতে প্রস্তুত আছি,0,0,0,0,0,0,0
BICH_3529,নিজেরা নিজেরাই শোঅফ মারায়,0,0,0,0,0,0,0
BICH_3531,আরে চোর চোর কি যে চুরি করে নিয়ে যাচ্ছে ভইরা সার্চ করো,0,0,0,0,0,0,0
BICH_3534,"পাগল নাকি, একটু হলে তো গাড়ির উপর উঠে গিয়েছিল।আমি বুঝলাম না লোকটাকে যেখানে দেখি Surrender পজিশনে দাঁড়িয়ে থাকে কেন?",0,0,0,0,0,0,0
BICH_3538,Thik koreche. Ekjon educated person hoe ki kore esob koren?,0,0,0,0,0,0,0
BICH_3539,যেই ব্যাক্তি আল্লাহ্'র সৌন্দর্যকে নিজের হাতে নষ্ট করে তাকে নিয়ে আর কিছুই বলার নেই ।,0,0,0,0,0,0,0
BICH_3540,"বেশীরভাগই ডেইট এক্সপায়ার,ওলরেডী আল্লাহর আজাব আর গজবে শারীরিকভাবে জর্জরীত।",0,0,0,0,0,0,0
BICH_3541,পেট এর ভিতর কি রে ভাই এত মোটা,0,0,0,0,0,0,0
BICH_3542,আমরা adv didi ke support korchi,0,0,0,0,0,0,0
BICH_3543,Tor galee chor marte ichha korche..osovbo ekjon hijra tui......,1,0,1,0,0,1,0
BICH_3545,Motherchod toke jodi konodin samnasamni jodi pai seidin tor khobor ache somaj take ai khankir chelera nongra kore dilo,1,0,0,0,0,1,0
BICH_3546,মানুষ আকৃষ্ট করতে পারবে এবং মোটামুটি ভালো ব্যবসা হবে,0,0,0,0,0,0,0
BICH_3547,উপর তলা তো নিচ তলায় চলে এসেছে,0,0,0,0,0,0,0
BICH_3548,অসভ্য লোক তুই একটা অভদ্র,1,0,1,0,0,1,0
BICH_3549,"পাগলের সুখ মনে মনে, এর অবস্থাও তাই।",0,0,0,0,0,0,0
BICH_3550,ভাগগগ কি যগোণ্য ভাষা,0,0,0,0,0,0,0
BICH_3552,খুব ভয় পেয়েছিস....মনে হচ্ছে তাই এইরকম পাগল হয়ে গেছিস,0,0,0,0,0,0,0
BICH_3553,পাগলের সুখ মনে মনে,0,0,0,0,0,0,0
BICH_3556,নারায়ণগঞ্জে কি বিএনপির ভালো মানুষ নেই? এই নেশাখোর পাগল কথা বলতেও জানেনা ।,0,0,0,0,0,0,0
BICH_3557,আরে হোমো চ*** তোদের মত জঞ্জাল কে সাফ করছে রে,1,0,0,0,0,1,0
BICH_3558,"তুই কে হে হাড্ডি সাহা, সমাজ তো নষ্ট করে ফেলেছিস, ওনি তোর মতো পাতাল, তারকাঁটা, অসভ্য, বর্বর,দের সুস্থ করার জন্য এসেছে। ম্যাডাম পাশে আমরা সবাই আছি।।",1,0,1,0,0,1,0
BICH_3562,এই গুলি পরিকল্পিত ভাবে অবৈধ সরকারের পশ্রয়ে হচ্ছে । তীব্র নিন্দা ও ধিক্কার জানাচ্ছি । জানি এতে এই লজ্জ্বাহীন সরকারের কিছুই যায় আসে না।,0,0,0,0,0,0,0
BICH_3563,"গণহত্যাকারীদের হাতে হাতকড়া নাই অথচ, আলেমদের হাতে হাতকরা কোমরেও রশি থাকে।…",1,0,1,0,0,1,0
BICH_3564,এই সমস্ত কিছু ফালতু মেয়ের জন্যই পুরো ইডেনের বদনাম হয়। ওরে ইডেন থেকে ঘাড় ধাক্কা দিয়ে বের করে দেওয়া হোক।,1,0,1,0,0,1,0
BICH_3565,এই খুনি জানোয়ারদের ঠান্ডা বেড়িসহ হাত করা নেই কেন ??????????জাতি জানতে চায়।,1,0,1,0,0,1,0
BICH_3568,টাকা থাকলে পাগলেও রাজনীতি করে,0,0,0,0,0,0,0
BICH_3569,তোমার মতো নোংরা ও মানুষ পৃথিবীতে নেই তুমি একটা এডভোকেট কে উল্টাপাল্টা বলতে পারো না।,1,0,1,0,0,1,0
BICH_3570,টাকা থাকলে রাস্তার পাগলও নেতা।,0,0,0,0,0,0,0
BICH_3572,এগুলা কি মাথাটা নষ্ট এ আবার বিচার চাইতে আসছে এত শরম লজ্জা বলতে কিছুই নাই এদের মনে একটা ব্যবসা আর মানুষের এত বড় কিভাবে সম্ভব,1,0,0,0,0,1,0
BICH_3574,"আল্লাহ্ ভালো জানেন আমাদেরকে কাকে কতটুকুতে সুন্দর লাগবে,কিন্তু আমরা সৃষ্টিকর্তার দানকৃত সে সৌন্দর্যকে উপেক্ষা করে নিজেকে সুপারহ…",0,0,0,0,0,0,0
BICH_3576,এই ডাকাতের বাচ্চাকে রাস্তায় ছাড়ে কে,1,0,1,0,0,1,0
BICH_3577,Ikbal Hussain Tipu কিতা করার বাদ দেও বন্ধু। সবটি এক গোয়াল এর গরু।,0,0,0,0,0,0,0
BICH_3578,Masum Parvez তোর বান্ধবীর মুখ বন্ধ কর না হলে আমার মুখ খুলবে,0,0,0,0,0,0,0
BICH_3580,যেটা প্রশাসনের করা উচিত সঙ্গীতা ম্যাম সেটাই করেছে। আর হ্যাঁ সুস্থ সমাজ আমরা সবাই চাই বন্ধ হোক নোংরামি সোশ্যাল মিডিয়াই জয় বাং…,0,0,0,0,0,0,0
BICH_3581,"তুই সবথেকে বড়ো জঞ্জাল,, অসভ্য কোথাকার,,, থাপড়ে দাঁত ফেলতে হয় তোর মতো নোংরা নরকের কীট গুলোর,,",1,0,1,0,0,1,0
BICH_3582,এডভোকেটের নোখের যোগ্য না তুই জঙ্গল করে অশিক্ষিত সমাজটাকে পুরো নোংরা জঙ্গল করে তুলল,1,0,1,0,0,1,0
BICH_3583,বঙ্গ বল্টু মরে নাই,1,0,1,0,0,1,0
BICH_3584,ছিনতাই কারা করে তুমি বুঝনা পাগল,1,0,1,0,0,1,0
BICH_3585,Ai page ta nosto korar ki keu nai,0,0,0,0,0,0,0
BICH_3586,আপু আপনি নিশ্চিত থাকেন আপনার বয়ফ্রেন্ড আপনাকে চেটেপুটে রেখে চলে যাবে হুম যে মর চে.........,1,0,1,0,0,1,0
BICH_3588,এই জাতির দুর্ভাগ্য,0,0,0,0,0,0,0
BICH_3589,এগুলো তোমাদের মাস্টারমাইন্ড সেটা আমরা বুঝেই,0,0,0,0,0,0,0
BICH_3590,Keya Das thik didi vi ara ki murkho naki nijeder baje sovab gulo charte pare na.aro golabaji kore kotha bolche,0,0,0,0,0,0,0
BICH_3591,তোকে পাগল খানায় পাঠানো দরকার,1,0,1,0,0,1,0
BICH_3593,ঠিক কোরেছে আপনি খুব অসভ্য,1,0,1,0,0,1,0
BICH_3594,Tui akta pagol chagol,1,0,1,0,0,1,0
BICH_3596,Sono tomra jara boro criyetor acho tara dakho kichu manus acha jara puro faltu vedio kore.tomar hoito valo lage but oneker valo nau lagte pare,0,0,0,0,0,0,0
BICH_3598,India r uchit akhnn a akta air strick kora...... Sala sontharsh i desh,1,0,1,0,0,1,0
BICH_3600,দেশে যত গুলো খুনি ডাকাত আছে এরাই এখন বিএনপির শেষ বরশা,1,0,0,0,0,1,0
BICH_3603,ক্ষেপী বলবো নাকি খ্যাপা উনার কিছুই না বাট তুই এই কথা গুলো বলে নিজেকে অনেক নিচে নামাচ্ছিস। তো…,0,0,0,0,0,0,0
BICH_3604,Ira Moni বরিশালের সব পাগল,0,0,0,0,0,0,0
BICH_3605,Pagol naki pura hijra ta,1,0,1,0,0,1,0
BICH_3606,আমি হতভম্ব হলাম আলেমরা হক বলার কারণে হাতকড়া আর বেড়ি পড়ানো হয় আর এরা দেশ বেচার পরেও পরানো হয়না এটা মানতে পারলাম না,1,0,0,0,0,1,0
BICH_3607,তোমার মুখে এগুলো মোটেও মানায় না। তুমি একটা নামকরা কনটেন্ট লেটার তুমি যদি এরকম অসভ্যের মত ভাষা ইউজ করো যা তোমার চরিত্র আচরণবির…,1,0,0,0,0,1,0
BICH_3608,Tumi erokom mental der moto kor6o keno?,0,0,0,0,0,0,0
BICH_3609,যেসব মুর্খরা এখানে এসে জাকির খানকে নিয়ে নোংরা মন্তব্য করতেছে তারা কেউই উনার পরিবার সম্পর্কে কিচ্ছু জানেনা। উনি সেই Zakir Khan …,0,0,0,0,0,0,0
BICH_3610,"শেখ হাসিনায় আস্থা, নেএি আমরা আপনার অপেক্ষায়।",0,0,0,0,0,0,0
BICH_3611,"নুনুস তোরে যে পাইলে কি করবো, খানকির পোলা ইনুস",1,0,1,0,0,1,0
BICH_3612,উনি যেটা করছে আমিও সহমত কারণ আমাদের সমাজটা অনেক নোংরা দিকে চলে যাচ্ছে। ছোট ছোট বাচ্চারা তারা এই খারাপ ভিডিও গুলো দেখতে পাচ্ছে।…,0,0,0,0,0,0,0
BICH_3613,Tor maa poiite jeto,1,0,1,0,0,1,0
BICH_3615,এই দেশ আমরা লজ্জিত বোন।,0,0,0,0,0,0,0
BICH_3616,লোকটা পাগল মনে হয়,0,0,0,0,0,0,0
BICH_3617,"Sagor Jomaddar সব জেলা,উপোজেলার আওয়ামী চোরগো খুইজা বের করা হোক",0,0,0,0,0,0,0
BICH_3618,"আপনার কথাবার্তা শুনে মনে হচ্ছে যে আপনি একজন মানসিক ভারসাম্যহীন, মানুষ",1,0,0,0,0,1,0
BICH_3619,Tui akta faltu lok besh koreche ja koreche......tui sob theke beshi jonjal samajer.....,1,0,0,0,0,1,0
BICH_3621,আমরা চাই সামান্য একদের তালিকা বের করা হোক,0,0,0,0,0,0,0
BICH_3622,রাস্তা কি এক পাশে নিচু নাকি,0,0,0,0,0,0,0
BICH_3624,"এটাই তো ইউনুস হারামীর উন্নয়ন।ঐ হারামী দেশে আসার পর রেপ, চুরি ডাকাতির প্রস্রয়।",1,0,1,0,0,1,0
BICH_3625,Obosasa bagerhat a o pagla enjeneyar daka mello,1,0,0,0,0,1,0
BICH_3626,Tui ki daru khaichis ki pagol choda naki hijra kuttar baccha ke arrest kora hok,1,0,0,0,0,1,0
BICH_3628,আপনারাও ভিউ ব্যাবসায়ী। এসব ফালতু জিনিস নিউজ করেন অথছ জুলহাস ভাই কত সুন্দর প্লেন তৈরির নিউজ করেন না।,1,0,0,0,0,1,0
BICH_3630,"পাবনার পাগল,, নেশায় আসক্ত ১০০%",1,0,0,0,0,1,0
BICH_3632,Chup kor bal tor mukh ta aynai dekh …. Maga sala . Toke hijra bollew oder apoman kora hobe … odero somman ache respect ache but tor to nai ….,1,0,0,0,0,1,0
BICH_3633,Tor ki matha a problem ache naki. Gorom a pagol hoyegachis monehoi. Tor paglamo gulo bondho kore. Mukher bhasa dekhe tor Mone …,1,0,0,0,0,1,0
BICH_3634,তুমি অতন্ত খারাপ মানুষ । নোংরামির একটা লিমিট থাকে । ভদ্রভাবেও কনটেন্ট বানানো যায় । তুমি যে ভাবে বানাও তাতে কাদের অ্যাট্রাক্ট …,1,0,1,0,0,1,0
BICH_3636,Maar sala k maar....dhore udom kela ei Sandy Saha r tar gosthi gulo k,1,0,0,0,0,1,0
BICH_3638,সমাজ টাকে নষ্ট করছে কয়েক জন!,0,0,0,0,0,0,0
BICH_3639,Tor maa toka manos korta paraini,1,0,0,0,0,1,0
BICH_3640,পাঞ্জাবি পায়জামা পড়ে নেতা হওয়া যায় না নেতা হতে গেলে ব্যক্তিগত কিছু গরু লাগে,0,0,0,0,0,0,0
BICH_3641,তোমাদের তৈরি করা ফাঁদে তোমরাই আটকে গেছো বন্ধুরা।,0,0,0,0,0,0,0
BICH_3642,Sala ja khusi kor but social media te kno korbi,0,0,0,0,0,0,0
BICH_3643,আমরা বুজি কি হচ্ছে জননেত্রীকে দুর্বল করার একটা অপচেষ্টা মাত্র দ্বিগুণ শক্তি নিয়ে আসবেন এটা আমার কথা নয় এটা ২১ কুটি মানুষ মনে…,0,0,0,0,0,0,0
BICH_3644,Ata ke dhore jel a vore deoya uchit somaj take nosto kore dicce,1,0,0,0,0,1,0
BICH_3645,ইউনুস হটাও দেশ বাচাও। সংখ্যা লঘুরা চরম নিরাপত্তা হীনতায়।,1,0,0,0,0,1,0
BICH_3646,কোন বিবেকসম্পন্ন মানুষ কুত্তালীগেরর সাপোর্টার হতে পারে না!,1,0,0,0,0,1,0
BICH_3649,নোংরা লোক নোংরা নোংরা লোক কোথাকার ফালতু,1,0,0,0,0,1,0
BICH_3650,"আমার একটা প্রশ্ন আছে মনে,উনার পায়ে যদি কিছু কামড়ায় তাহলে ত উনি নিচু হয়ে দেখতে পারবেন না।কি যা তা অবস্থা।",0,0,0,0,0,0,0
BICH_3651,"এগুলা প্রচার না করলে হয় না দেশের ভাবগতি নষ্ট হয় ,,,",0,0,0,0,0,0,0
BICH_3654,Abnormal maal puro ekta....pagol thanay dewa uchit Eder.....,0,0,0,0,0,0,0
BICH_3655,ভিডিওতে আমরা লাইক কমেন্ট যদি না করতাম নাইটি কিনার পয়সা কোথায় পাইতিস তোর থোবরা কেউ দেখতো না ঠিক আছে,1,0,0,0,0,1,0
BICH_3656,আপা বাংলাদেশের কেউ ভালো নেই। আমরা আপনার আশায় বুকে কষ্ট নিয়ে বেঁচে আছি।,0,0,0,0,0,0,0
BICH_3657,ওনি কি কেমরার সামনে আসতে ভয় পায়,0,0,0,0,0,0,0
BICH_3659,আপনি একটা একদম বাজে লোক আপনাকে আমরা একদম ভয় পায় না আমরা যা করার তাই করবো,0,0,0,0,0,0,0
BICH_3660,এখানে কোনো ভাই ভাই নেই সব গুলো চুদির ভাইসনাতনী হলেই তার উপর অত্যাচার হয়,1,0,0,0,0,1,0
BICH_3663,হাসিনা না পালাইলে এই জোকারদের দেখার সৌভাগ্য হতো নাহ!,0,0,0,0,0,0,0
BICH_3664,MD Amin চোদ্দগুষ্টি শিল্পপতি ছিল,0,0,0,0,0,0,0
BICH_3665,জেল থেকে পাগল হয়ে গেছে ওরে কেয় থামা অনেক পাপ করছে তার এই ফল,0,0,0,0,0,0,0
BICH_3667,টাকা থাকলে পাগলেও রাজনীতি করে,0,0,0,0,0,0,0
BICH_3668,তোমার ভাষাটা ঠিক কর । তুমি দাদা না দিদি না কি আমরা কিছু বুঝতে পারি না। কিন্তু একটা কথা বলছি তুমি যথেষ্ট বড় আমার থেকে কিন্তু ম…,0,0,0,0,0,0,0
BICH_3669,শালাদের ধনে ইট বেঁধে ফাঁসি দিয়ে মারা দরকার,1,0,0,0,0,1,0
BICH_3670,তুই ও জানোয়ার দেখছি,1,0,0,0,0,1,0
BICH_3672,ভাই শালায় তো পাগল,0,0,0,0,0,0,0
BICH_3673,একটা চোদার থেকে ১০০ টার চোদা বেশি হই যায় মনে হয় নাটক চোদায়,1,0,0,0,0,1,0
BICH_3676,ইউনুসের শাসন যেন গ্রামীন ব্যাংকের জুলুমের মতো করে সবাইকে নির্যাতন জোর জুলুম দখলবাজী ধর্ষণ খুন বর্বরতার মাত্রাতিরিক্ত করছে । যা…,1,0,0,0,0,1,0
BICH_3677,যে সঙ্গীতা মেমে করেছে আর এমনিতেই মাথার তার কেটে গেছে। আমার তো খুব আনন্দ হচ্ছে যে সোশ্যাল মিডিয়ার থেকে আবর্জনা কর এক ভাবে সাফ …,0,0,0,0,0,0,0
BICH_3678,আমরা তোফাজ্জলের কথা বলি নাই,0,0,0,0,0,0,0
BICH_3681,"একটা জিনিস চিন্তা করেছেন কেউ, আল্লাহর দানিয় জিনিস টাকা দিয়ে নষ্ট করে মানুষ কেমন বিকৃত হয়।",0,0,0,0,0,0,0
BICH_3682,টাকা থাকলে পাগলও রাজনীতি করতে পারে।,0,0,0,0,0,0,0
BICH_3683,Insan Ali তোর মায়ের হে ডা,1,0,0,0,0,1,0
BICH_3684,গত তিনটি নির্বাচন একতরফা ভোটারবিহীন নির্বাচনের মাধ্যমে ক্ষমতায় আসার পর তারা কোন ভুল করেনি। হাজার হাজার মানুষ হত্যা করছে গুম ক…,1,0,0,0,0,1,0
BICH_3685,Mental manush der sustho poribesh e anar jonnoi amn korche... Ja koreche.thiki koreche... Nije vlo vdo banao na ...koi keu toh…,1,0,0,0,0,1,0
BICH_3686,"সোশ্যাল মিডিয়া হেগে মরছিস কেন, আমরা সবাই রিচার্জ করে টাকা দিয়ে তোর বাপের টাকা দিয়ে করি না। নাইটি পরে তোর করা ভিডিও চলে আসে…",1,0,0,0,0,1,0
BICH_3691,আফা আপনে আসেন আফাআপনার জন্য গরুর মুত,1,0,0,0,0,1,0
BICH_3693,ভিডিওতে আমরা লাইক কমেন্ট যদি না করতাম নাইটি কিনার পয়সা কোথায় পাইতিস তোর থোবরা কেউ দেখতো না ঠিক আছে,1,0,0,0,0,1,0
BICH_3696,ইনশা আল্লাহ আমরা আবার জয়যুক্ত হব।,0,0,0,0,0,0,0
BICH_3698,প্লিজ একে কেউ রাঁচিতে পাঠান ওনার জন্য আমরা দুদিন পর মানষিক ভারসাম্য হারাবো,0,0,0,0,0,0,0
BICH_3699,"আপা আসলে শাসন হবে, প্রতিশোধ কিংবা শোষণ নয় নিশ্চয়ই আমরা রাগী, কিন্তু মানবিকনিশ্চয়ই আমরা শক্তিশালী,কিন্তু কুকুর নইভায় নাই,ভায়",0,0,0,0,0,0,0
BICH_3700,12 second bake to bake আমরা হিংসা না করে সবাই সবার সাথে যুক্ত হয়ে অ্যাক্টিভ ফলোয়ার বাড়িয়ে নেই!,0,0,0,0,0,0,0
BICH_3701,পাগল আছে নাকি দেশে,0,0,0,0,0,0,0
BICH_3702,"পিএম এর কাছে যাওয়ার এটাই সুযোগ, শালা বাইন্চোদ।",1,0,0,0,0,1,0
BICH_3704,জাকির খান এরকম মানসিক ভারসাম্যহীন কেমন হয়ে গেল ইনার মত লোককে যদি বিএনপি দল পদে রাখে তাহলে দলের ভরাডুবি নিশ্চিত,1,0,0,0,0,1,0
BICH_3705,"নাভির নিচে দুধ,, এও বাঙ্গুদের দ্বারাই সম্ভব",1,0,0,1,0,1,1
BICH_3706,Rachi te jaaa bhai tui...puro pagol...,1,0,1,0,0,0,0
BICH_3710,মূর্খরা হাসবে।কিন্তু বাস্তবে এটাই মার্কেটিং।…,0,0,0,0,0,0,0
BICH_3711,"জায়েদ খান এক পাগল,তার ভক্ত এক পাগল।",1,0,0,0,0,1,0
BICH_3713,তোমাদের এই ধরনের মানুষদের জন্য পরিবেশ নষ্ট হতে পারে না,0,0,0,0,0,0,0
BICH_3714,এতদিন পরে একটা ভালো মানুষ এসেছে যে নোংরা পরিষ্কার করার জন্য। আমরা উনাকে সাপোর্ট করি যে নোংরা মোটা বন্ধ হোক এবারে।,0,0,0,0,0,0,0
BICH_3715,ফিগার কি মানুষের এতো নিচে থাকে ছি ছেলেদের কি রুচি,1,0,0,0,0,1,0
BICH_3717,একদম ঠিক করেছে তুই কেন পৃথিবীতে থেকে অক্সিজেন নষ্ট করছিস বল।,0,0,0,0,0,0,0
BICH_3718,নেত্রী আপনি ভয় পাবেন না আমরা আছি আপনার সাথে ইনশাআল্লাহ,1,0,0,0,0,1,0
BICH_3721,Ai jigra চুপ কর,1,0,0,0,0,1,0
BICH_3723,একটা বিষয় জানার আগ্রহ ছিলো -- প্রায় ভিডিও তে দেখলাম উনি বারবার এভাবে হাত ওঠায়ে আত্মসমর্পণ করে৷ এখানে তো চারিদিকে ঘাস লতাপাত…,0,0,0,0,0,0,0
BICH_3724,একদম ঠিক করেছে তুই কেন পৃথিবীতে থেকে অক্সিজেন নষ্ট করছিস বল।,0,0,0,0,0,0,0
BICH_3726,আমরা অনেক কষ্টে আছি সবাই আমাদের জন্য দোয়া করবেন,0,0,0,0,0,0,0
BICH_3727,"খুবই মর্মান্তিক ঘটনা, এ ঘটনার তীব্র নিন্দা ও প্রতিবাদ জানাই, এবং ধর্ষণকারীদের সঠিক বিচার চাই,,,",0,0,0,0,0,0,0
BICH_3728,শুনলাম তোর নয় তোর মায়ের ভাতার,1,0,0,0,0,1,0
BICH_3730,তোর মুখটা দেখলেই জুতোপেটা করতে মন চায় অসভ্য জানোয়ার একটা দুর হো,1,0,1,0,0,1,0
BICH_3731,এটা টেম্পুকাপ্টার এটাকে হেলিকপ্টার বলে হেলিকপ্টারের ইজ্জত নষ্ট করবেন না।,1,0,0,0,0,1,0
BICH_3732,"মিথ্যা আওয়ামী লীগের হাতিয়ার, যা শয়তানের প্রতিচ্ছবি",1,0,0,0,0,1,0
BICH_3734,ভাই আপনি সঠিক কথাই বলেছেন সঙ্গে আছি আমরা ভাইয়া আপনি চালিয়ে যান।,0,0,0,0,0,0,0
BICH_3735,এই বালের গাড়ি দিয়ে আমরা প্রবাসে কামলা দিতে যাই,1,0,0,0,0,1,0
BICH_3737,কোন এক সময় এদের গর্জনে ছোটখাটো পুলিশ ও সামনে ভিটতে পারত না। আর এখন ছোট পুলিশি তাদেরকে আনা নেওয়ার মধ্যেই ব্যস্ত থাকে। যাইহোক …,0,0,0,0,0,0,0
BICH_3738,কথা বর্তা পাগলীর মত।,1,0,0,0,0,1,0
BICH_3739,Jodi paro tar licence cancel korao tumra faltu lok sob mile,0,0,0,0,0,0,0
BICH_3741,তোর মতো ছ্যাদার ধোন ছারা হোমো আচোদনা ব্যাটা ছেলে সমাজের বুকে না থাকাই ভালো। পারলে নিজেকে ভালো ভাবে প্রতিস্ঠিত করতে পারতিস.... …,1,0,0,0,0,1,0
BICH_3742,তেলাপোকার উপদ্রব বেড়ে গেছে কি বাসায়? এক …,0,0,0,0,0,0,0
BICH_3745,ঠিক আছে ব্যাক্তিগত কিন্তু সোস্যাল মিডিয়ায় কেন নোংরামো করার জায়গা পাসনি,1,0,0,0,0,1,0
BICH_3748,চোর থেকে মুক্তি দেন,0,0,0,0,0,0,0
BICH_3749,উনি এমন একজন মানুষ যিনি আমরাদের সফলতা আনার জন্য প্রত্যেক ভিডিওতে উনি আমাদের জন্য অনেক কিছু বলেন সবাই উনার পাশে থাকবেন এগিয়ে যান পাশে আছি পাশে থাকব সবসময়ই ইনশাল্লাহ আপনার ভিডিও থেকে ভাই অনেক কিছুই শিখলাম,0,0,0,0,0,0,0
BICH_3751,টাকা আসে কই থেকে??? চোরের দল,1,0,0,0,0,1,0
BICH_3752,"Arnab Onu Khan তোদের আরও নাই,অসভ্য জানোয়ারের দল দেশটা ধ্বংস করে দিচ্ছে",1,0,1,0,0,1,0
BICH_3754,এমন একটা জিনিস সারা দুনিয়ায় মধ্যেও একটা পাবেন না দুনিয়ায় মধ্যে একটা মেয়েই নাবির নিচে দুধ,1,1,0,1,0,1,0
BICH_3755,"দেশের টাকা যারা পাচার করেছে এই সমস্ত ডাকাতদের সম্মানের সাথে নিয়ে যাওয়া হল কেন,, নির্দোষ আলেমদের বেড়ি পরিয়ে নিয়ে যাওয়া হয়েছে",1,0,0,0,0,1,0
BICH_3756,হেলিকপ্টার সাংবাদিকরা এই সমস্ত আচোদা নিউজ,1,0,0,0,0,1,0
BICH_3757,বাবা তুমার দরবারে সব পাগলের মেলা,0,0,0,0,0,0,0
BICH_3758,Khankir pola maderchod tor maa er satha ei rokom korla ki korti suyar er baccha,1,0,0,0,0,1,0
BICH_3759,আপা আমরা ভালো নেই আপনাকে ছাড়া বাংলাদেশ অন্ধ,1,0,1,0,0,1,0
BICH_3763,Susmita Sanju সোনাগাছি যা সমাজ নষ্ট না করে,1,0,1,0,0,1,0
BICH_3767,টাকা থাকলে রাস্তার পাগলও নেতা।,0,0,0,0,0,0,0
BICH_3768,Syed Khairul Alam দালাল তোর মায়েরে চ,1,0,0,0,0,1,0
BICH_3770,এদের হাতকড়া ও কোমরে রশি নাই কেন?বর্তমানে যারা ক্ষমতায় আছেন এবং ভবিষ্যৎ যারা ক্ষমতায় যাবেন তারা এদের থেকে শিক্ষা নিন।,0,0,0,0,0,0,0
BICH_3774,তর কি বক্তব্য যে তোরা নোংরা মো করবি আর সমাজের লোক কিছু বলবে না সারের মতো না চেঁচিয়ে কমেন্ট গুলো পর তর থতা মুখ ভোটা হয়ে যাবে না…,0,0,0,0,0,0,0
BICH_3775,Motherchod bangal tore paile gulli koria mallam ne Pura india salar sala chutmarani Youngs sorkar Hindu dekle torar heta chukka ne senal ar puth,1,0,1,0,0,1,0
BICH_3776,খান্কিরছেলে তোদের মরণ তাড়াতাড়ি হবে দিন আসছে একসাথে সব মায়ের ভোগে যাবি,1,0,0,0,0,1,0
BICH_3777,Trisha MallickTrisha Mallick ky best pura bakwas he madam,0,0,0,0,0,0,0
BICH_3778,#রাসেলভাই বিশ্বাস করেন সানাইরে দেখতে পুরা বিদেশি গরুর মত লাগতাছে…,1,0,1,1,0,1,1
BICH_3780,ছিঃ ছিঃ কি অসভ্যতা ..,0,0,0,0,0,0,0
BICH_3781,serial korte gechhili sekhan theke to pichhone lathi mere tariachhe abar boro boro kotha. nongra faltu asovvo akta.,1,0,0,0,0,1,0
BICH_3784,এতো পুরাই মানসিক রোগী,1,0,0,0,0,1,0
BICH_3785,Pagol naki pura hijra ta,1,0,0,0,0,1,0
BICH_3786,Aare vai eke keo pagla garod e diye aso.... current er shock dite hobe...,1,0,1,0,0,1,0
BICH_3787,একজন ফুচকা ব্যবসায়ী যদি এরকম একটা হেলিকপ্টার বানাতে পারে না উড়ুক। বড় বড় শিক্ষিত চোর গুলো কি করেছে লেখাপড়া করে এতদিন থেকে …,1,0,0,0,0,1,0
BICH_3788,চোরে মায়ের বড় গলা,0,0,0,0,0,0,0
BICH_3789,ওদেরকে হাত করা পড়ানো হয় না কেন ওরা তো চিহ্নিত ডাকাত,1,0,0,0,0,1,0
BICH_3790,Village life with sharif এতে আমাদের বা*ল ছেড়া গেল সালা। উলঙ্গ মেয়ে দেখলেই লোভ সামলাতে পারস না তাই না?...,1,0,0,0,0,1,0
BICH_3791,এর চেয়ে আমার ভাগিনা Sopon Islam ই বেশী ভালো নাচতে পারে।,0,0,0,0,0,0,0
BICH_3792,সম্পুর্ন দেখতে নিচের লিংকে ক্লিক করুন …,0,0,0,0,0,0,0
BICH_3793,"Neowaj Sarif আপনি একটু আইসেন আপু ,আমরা আপনার বেলা হাদিহ এর মত লাগবে না, ঐশ্বরিয়া এর মত হেঁটে দেখলে হবে।ঠিক আছে",0,0,0,0,0,0,0
BICH_3794,তুই নাইটি পরবি না নেংটো থাকবি সেটা তোর ব্যাপার।যত সব ফালতু লোক । সমাজের কীট।…,1,0,0,0,0,1,0
BICH_3797,বিএনপি'র জন্য এরকম দুই চাইরডা নেতা থাকলেই হবে।দলে যতসব আবর্জনা,0,0,0,0,0,0,0
BICH_3798,এদেরকে কেন হাত করা পড়াচ্ছে না কোমরে দড়ি লাগাইতেছে না,0,0,0,0,0,0,0
BICH_3799,রাস্তা কি এক পাশে নিচু নাকি,0,0,0,0,0,0,0
BICH_3800,"এই ভিডিওতে প্রমাণিত হয়েছে যে ""কুকুর কামড় দিয়েছে পায়,তাই বলে কি কামড় দিবো সেথায়।"" এদেশের আলেম সমাজ কে কি অপরাধ ছিল বাংলার…",0,0,0,0,0,0,0
BICH_3801,আমলীগ কে আমরা আবার দেখতে চাই,0,0,0,0,0,0,0
BICH_3802,১০০ টাকা চুরি করলে চোরকে হ্যা*ন্ডকাপ লাগানো হয় এরা হাজার কোটি টাকা চুরি করেছে হ্যান্ডকাপ নেই কেন!,1,0,1,0,0,1,0
BICH_3803,কতো টাকা খরচ হলো ভাই আমার কারণ তোমরা সবি পার মাসুদ ভালো হয়ে যাও,0,0,0,0,0,0,0
BICH_3804,প্রবাস থেকে আমরা আছি আপু,0,0,0,0,0,0,0
BICH_3806,এটা সুন্দর হয়েছিল কিন্তু একটু সিম্পল হয়ে গেছে। তবে বাংলাদেশের মানুষ তো মূর্খ অহংকারী ওদের তো ওদেরটাই সুন্দর লাগে বেশি ওদের ট…,1,0,1,0,0,1,0
BICH_3807,খিয়াল্লি আফ্রিকার কালো ওটা এবার পিছনে নিয়া বাড়ি যা,0,0,0,0,0,0,0
BICH_3808,জ্বলন হবেই না বা কেনো যত সব আবর্জনা পরিষ্কার করছে তো ওই জন্য যে কটা আবর্জনা আছে তাদেরই ফাটছে সত্যি সব এক একটা জঞ্জাল,1,0,0,0,0,1,0
BICH_3810,এইসব বা*ল ছা*ল নিয়ে খুব মাতামাতি অথচ জুলহাস এর মত সত্যিকারের ট্যালেন্ট নিয়ে কোন কথা নাই। বেহে*ঞ্চোদ।,1,0,1,0,0,1,0
BICH_3811,tomara akhon pagol hoya gahco khuub valo korcha oi madam tomadar jono fi book dhaka ji naa ar akta kotha bole tomak akhon a…,0,0,0,0,0,0,0
BICH_3814,Tui to chelerder নামে কলঙ্ক ছেলে সমাজ টাকে নষ্ট করে দিয়েছিস,1,0,0,0,0,1,0
BICH_3815,Sandy saha পাগল খানা,1,0,1,0,0,1,0
BICH_3816,"Khub e nongra lagchhe, kono creativity nei",0,0,0,0,0,0,0
BICH_3818,Ader jonno aj social media ta nongra hye jacce,0,0,0,0,0,0,0
BICH_3819,বেহায়া মেয়ে কেমন ঘরে তার জন্ম।,1,0,0,0,0,1,0
BICH_3820,নিচের তলা ভাড়া দিয়ে উপর তলার কাজ করালেন,1,0,1,0,0,1,0
BICH_3821,Sajeeb Mahmud তোর বাপে বেচে,0,0,0,0,0,0,0
BICH_3822,"Ashik Bin Majibur দেশ কি রাজাকারের বাচ্চাদের জন্য সাধীন করেছে ১৯৭১ সালে,, আমরা সাধারণ মানুষ ছেড়ে দিবোনা কোনো রাজাকার জামাতীদের ইংসা আল্লাহ",1,0,1,0,0,1,0
BICH_3823,তোর মা রে এডভোকেট তাই তোর কান ধরে তোকে শুধরে ছে,1,0,1,0,0,1,0
BICH_3825,"যারা ক্ষমা চাইছে তাদের মাথায় বুদ্ধি আছে, তাই ক্ষমা চেয়ে নিচ্ছে। তোমার মতন মাথায় গু ভরা নেই যে তুমি ওই জন্য লাইভ খুলে বসে আছো।",1,0,1,0,0,1,0
BICH_3827,দ্বিতীয় দেওয়ানবাগি নিচতলা ভাড়া দিয়ে উপরের তলা আসর বসিয়েছে... কেউ ধাক্কাধাক্কি করবা না,1,0,1,0,0,1,0
BICH_3828,এ সমস্ত পাগল আমারও কাছ থেকে অস্থির করে তুলবে আমাদের বিএনপির বদনাম করবে আগে থেকে এদেরকে সতর্ক করা দরকার।,1,0,0,0,0,1,0
BICH_3830,গরুর রসি দিয়ে বেঁধে নিলে আরো সুন্দর দেখাতো,0,0,0,0,0,0,0
BICH_3831,মাতাল রাজা শালা,0,0,0,0,0,0,0
BICH_3832,Mamoni Bakshiলোক নাএ একটা বাবাতো* হিজড়া,1,0,0,0,0,1,0
BICH_3833,"কিছু কিছু নটি ছিনালের পুতাইত আছে বাজে কমেন্ট করতাছে তাদেরকে পরামর্শ রইল। তরা ডি,এনে টেস্ট কর দেখ তদের বাবার সাথে মিলে কি না।আমি শিউর মিলবেনা।",1,0,0,1,0,1,0
BICH_3834,"Jannat Sara Kabbo আপনি কি ভলেন্টিয়ার? চাইলে আপনিও বিভিন্ন প্রাইজে তৌহিদ আফ্রিদির মত করে কাস্টমাইজ করে পুরষ্কার প্রেসিডেন্ট থেকে কুরিয়ারে কিনে নিতে পারেন। নিচে বিভিন্ন ক্যাটাগরি দেওয়া হলো-Bronze, Silver and Gold Packages include:Customized certificateChoice of pin, coin, or medallionCongratulatory letter from the presidentPackage Pricing:Certificate Only - 6.25Certificate Pin - 10.00Certificate Coin - 11.75Certificate Medallion - 12.25 বিস্তারিত দেখতে লিংকে ক্লিক করুন - https://presidentialserviceawards.gov/award-packages",0,0,0,0,0,0,0
BICH_3835,এতোদিন জানতাম নাইকারা সার্জারি করে টাকা খরচ করে নিজেকে আরো সুন্দর দেখানোর জন্য আল্লাহ আর এটা কি নিজেকে চিড়িয়াখানার পশুদের মতো …,1,0,1,1,0,1,0
BICH_3837,tomar jano sasti opor wala den oi mohila na parleo tomader moto nongra loker ai nogra chinalgiri bondho hok ami vogobaner kach…,1,0,0,0,0,1,0
BICH_3838,Tor maa bap er tik nai,1,0,0,0,0,1,0
BICH_3839,কিন্তু ভাই তোমরা যতই হাসাহাসি কর উনি যে আবেগের ঠেলায় এটা ভুল করছে উনি এটা প্রতি সেকেন্ডে সেকেন্ডে পস্তাইতেছে,0,0,0,0,0,0,0
BICH_3841,Tumi নাইটি পড়ে যে বিকৃত অঙ্গী ভঙ্গি গুলো কর তা কি নারী সমাজকে ছোট করা হয় না .. তুমি যে ভিডিওগুলো কনটেন্ট বলে দেখাও সেগুলো দ…,1,0,0,0,0,1,0
BICH_3842,দেশের পুলিশের কাছে কি হাত কড়ার অভাব পড়েছে? পুলিশের হাত ধরে চোরদের চলতে হয় কেন? কাপড় চোপড় দেখলে মনে হয় শ্বশুর বাড়িতে বেড়াতে এসেছে,1,0,0,0,0,1,0
BICH_3844,দেশটা পাগলে ভরে গেছে,1,0,0,0,0,1,0
BICH_3845,এই শালা তো পুরাই পাগল,1,0,0,0,0,1,0
BICH_3846,"Tor ghorer ac bandha hoe jabe ,ami chai",0,0,0,0,0,0,0
BICH_3847,Tui akta faltu tor mukh ta kmon nije k khub sundor mone korish,1,0,0,0,0,1,0
BICH_3848,Tui akan thake ja pagol,1,0,0,0,0,1,0
BICH_3849,BNP ভবিষ্যৎ নেতা ও এমপি হলে জনগণ ওর কাছ থেকে কি পাবে কেউ বলতে পারবেন ?? আমরা আগে কোথায় ছিলাম আর এখন আমরা কোথায় যাচ্ছি।,1,0,1,0,0,1,0
BICH_3850,আহাম্মক করে কি,1,0,0,0,0,1,0
BICH_3851,তুই জঙ্গলে গেলে পশু গুলো আত্মহত্যা করবে... ...,1,0,0,0,0,1,0
BICH_3852,পাগল হলে মানুষ যা করে আরও কিছু দেখতে চাই এগিয়ে যাও,0,0,0,0,0,0,0
BICH_3853,এই শালার ব্যাটা লোক ভালো না দেখতে লাগে গাঞ্জাখোর আর যদি বিএনপি তাকে নিয়ে রাজনীতি করে বিএনপির অধঃপতন হবে,1,0,0,0,0,1,0
BICH_3855,"এদের জব্দ করতে হলে,,, unsubscribe করে Block করে দিন,,,, না খেয়ে মরবে।",1,0,1,0,0,1,0
BICH_3856,"তাকে দেকতে পাগলের মত লাগে,সে কি ভাবে বি এন পির নেতা হয়,বুজে আসে নারে লায়লা",1,0,0,0,0,1,0
BICH_3857,কত বড় নির্লজ্জ বেহায়া মহিলা,1,0,0,0,0,1,0
BICH_3859,শয়তানের আখড়াদের পায়ে বেরি পড়াতে হবে।,1,0,0,0,0,1,0
BICH_3860,একদম ঠিক করেছে। আমরা সবাই Songita দির পাশে আছি ওই রকম বাজে ভিডিও বানায় বাচ্চাদের হাতে ফোন দেওয়া যায় না । আর আপনার কোথায় লাগছে,0,0,0,0,0,0,0
BICH_3862,"এদের একবার যদি পেতাম, হয়ত মরতাম নয়ত মারতাম।",1,0,0,0,0,1,0
BICH_3863,Tora ja kor ghore kor.. somaj ke nongra korar daitto ke diyeche ...khub foska korche ... Kno korbe Amra sobai sathe achi ..,1,0,1,0,0,1,0
BICH_3864,ভাই ছাগল নাকি নিউজ চ্যানেল গুলো।এগুলাও নিউজ করতে হয়?,0,0,0,0,0,0,0
BICH_3865,Sala faltu lok .... Aigulo ke chokhe dekhao paap,0,0,0,0,0,0,0
BICH_3866,দূর হিজরা চুপ কর,1,0,0,0,0,1,0
BICH_3867,ভাই এই লোকটা কি পাগল?,1,0,0,0,0,1,0
BICH_3868,তোকে পাগলা গারদে পাঠানো উচিত সমাজের নোংরা আবর্জনা তোরা যদি পারিস তাহলে সমাজে ভালো কিছু তুলে ধর তোদের মতন নোংরা মানুষদের জন্য স…,1,0,0,0,0,1,0
BICH_3870,আরে ছাগল নীলক্ষেতে এর থেকে ভালো বানায়।,0,0,0,0,0,0,0
BICH_3871,উগ্রতার কারনেই জীবন যৌবন ভবিষ্যত শেষ আর কেউ এ-ই মহিলাকে বিয়ে করবে না পরিবার সহ আত্মীয় সজনের কাছে ও মূল্যহীন থাকবে আজীবন।,0,0,0,0,0,0,0
BICH_3872,Tmi amar bal da paiso shala fake banaye fapor chodash,1,0,0,0,0,1,0
BICH_3873,শালার পুতের আবার হাসে লজ্জা শরম ধুয়ে খাইছে।,1,0,0,0,0,1,0
BICH_3874,অভিভাবক বিহীন বাংলাদেশের মানুষ এখন বসবাস করছেন।,1,0,0,0,0,1,0
BICH_3875,ক্ষমতা থাকলে একবার গালাগাল দিয়ে দেখা,1,0,0,0,0,1,0
BICH_3876,ভাগগগ কি যগোণ্য ভাষা,0,0,0,0,0,0,0
BICH_3877,"সব কইটা চোর,একসাথে।আগে এই কথাটাই বলতে পারতাম না",1,0,1,0,0,1,0
BICH_3878,জঘন্য মহিলা/পুরুষ কোনটা বলবো আপনাকে বুঝতে পারছি না তাই দুটোই দিলাম,1,0,0,0,0,1,0
BICH_3880,সন্ত্রাসীদের দল ডাকাতের দল চাঁদাবাজ দল ও চাঁদাবাজ ছাত্র দল দুই ভাই,1,0,0,0,0,1,0
BICH_3881,"মাঝে মাঝে মনে হয় আমরা ব্রিটিশ দের হাত থেকে নয়!"" বরং ব্রিটিশ-রাই আমাদের হাত থেকে রক্ষা পেয়েছে।",1,0,0,0,0,1,0
BICH_3882,আপনার লাইভ চালানো দেখে মনে হচ্ছে আপনি পুরো পাগল হয়ে গেছেন।,1,0,1,0,0,1,0
BICH_3884,১৪ বছরের শিশুর হাতে হ্যান্ডকাফ ও কোমরে রশি দিয়ে বাধা হয়েছিল আর এই বুইড়া ডাকাত গুলার হাতে হ্যান্ডকাফ নেই কেনো?? স্বজনপ্রীতি করা হচ্ছে??,1,0,1,0,0,1,0
BICH_3885,এম স্বপন মিয়া শালা -- রাজাকারের বাচ্চা,1,0,0,0,0,1,0
BICH_3886,কুকুর এর গলা খালি কেন??সব দিল্লির কুকুর।,1,0,0,0,0,1,0
BICH_3887,Ai video ta pore dekhis.... nijer body language dakh... puro mental lagche toke dekte.. actually toder moto lok der moto talen…,1,0,0,0,0,1,0
BICH_3890,এসব পাগল ছাগল বাইরে কেন পাগলাগারোদে রাখা উচিৎ,1,0,0,0,0,1,0
BICH_3892,দেওয়ানবাগী পীর একটা মরছে আরেকটা রাইখা গেছে।,1,0,0,0,0,1,0
BICH_3894,Kon level er pagol hole manush erokom behavior korte pare.... Asto pagol jotosob,1,0,0,0,0,1,0
BICH_3899,এটাই সোনার জুলাইয়ের বাংলাদেশ স্বাধীন বাংলাদেশ কুত্তার বাচ্চারা এখন কোথায় গেল তোদের আইন কোথায় গেল তোদের স্বাধীন দেশ কোথায়,1,0,0,0,0,1,0
BICH_3901,আল্লাহ সর্বশক্তিমান আল্লাহর উপর ভরসা রাখুন। গজব অতি শীঘ্রই পরবে এই কুলাঙ্গারদের উপর,1,0,0,0,0,1,0
BICH_3902,ইউনূস একটা খাতটির বাচ্চা ঐ খানকির পোলা দেশ চালাইতে পারে না তার পরও ক্ষমতায় বলে আছে,1,0,0,0,0,1,0
BICH_3903,Pagol hijra somajer kolonko.tor thobra ta dakh. Uni advokate onar right ache toder moto janjalder clean korar. Reeee murkho …,1,0,1,0,0,1,0
BICH_3905,Pagol na ki,1,0,0,0,0,1,0
BICH_3906,মাথাটা কি পিছন থেকে ঘুরে গেছে না কি কোমর টা ঘুরে সামনে এসেছে,1,0,0,0,0,1,0
BICH_3908,তুই তো পাগল হয়ে গেছিস রে... ছাগল,1,0,0,0,0,1,0
BICH_3909,তোমরা তো গরিবের টাকা মেরে বিদেশ চলে যাও।,1,0,1,0,0,1,0
BICH_3911,তোদের মত ছ্যাঁচড়া কিছু লোকদের জন্য ছেলেরা পেয়ে বসেছে। সোশ্যাল মিডিয়াটা নোংরায় ভরে গেছে।বাচ্চাদের সামনে ফোন খোলা যায়না।ঠিক…,1,0,0,0,0,1,0
BICH_3912,এক দিকে মিজান আর এক দিকে এইটা নতুন করে শুরু হইলো.. ফালতু জঘন্য টপিক এখন চলবে কিছুদিন.. এরে তো মংগল গ্রহে পাঠানো দরকার। এটা তো…,1,0,0,0,0,1,0
BICH_3913,তুকে পাগল মনে হচ্ছে।তুই পুরুষ না মহিলা এটাই তো বুঝতে পারছি না।,1,0,1,0,0,1,0
BICH_3914,নির্লজ্জ বেহায়া আওয়ামী লীগের নেতাকর্মীরা,1,0,1,0,0,1,0
BICH_3916,তুই তো ঘাটের মরা নির্লজ্জ টা লাইভে এসেছে আবার,1,0,1,0,0,1,0
BICH_3917,"তুই এত নোংরা চ***, তোর মা-বাবা আর কত নোংরা",1,0,0,0,0,1,0
BICH_3918,"বাংলাদেশের কুলাঙ্গার সাংবাদিকদের কে আগে শিক্ষা দেওয়া উচিত, যেসব সাংবাদিক এবং ইউটিউবারদের জন্মের ঠিক নাই তারা এরকম আলতু ফালতু র…",1,0,0,0,0,1,0
BICH_3922,"Awamileague knows no lamentation.They are nameless, fameless & shameless. This political party should be banned for operating …",1,0,0,0,0,1,0
BICH_3923,"শালা এমন করে কা একটু জন্য উপরে ওঠে যেত,,,এর কি কোন আত্মীয় স্বজন তারা তারি পাবনায় পাঠিয়ে দাও,,,আসলে কি বিএনপির রুচি এই রকম,,,",0,0,0,0,0,0,0
BICH_3924,Chup kor bal tor mukh ta aynai dekh …. Maga sala . Toke hijra bollew oder apoman kora hobe … odero somman ache respect ache but tor to nai ….,1,0,0,0,0,1,0
BICH_3925,এইটা মাগি না কি বুঝতে পারছিনা,1,0,0,0,0,1,0
BICH_3926,শালা লুচ্চা সাংবাদিক এটা আবার ভিডিও করা লাগে,1,0,0,0,0,1,0
BICH_3929,"সমাজের জঞ্জাল ভাগ তুই,, তোদের মত মেন্টাল গুলো সমাজের জঙ্গল",1,0,0,0,0,1,0
BICH_3930,এই ডাকাতের বাচ্চাকে রাস্তায় ছাড়ে কে,1,0,0,0,0,1,0
BICH_3933,সঙ্গীতা দাস ভদ্রমহিলা। আর তোদের মতন ছ্যাঁচড়া নয় তোরা তো ছোটলোক।,1,0,0,0,0,1,0
BICH_3934,"Sob dekhi khorai khorai hate..... .. Bodmaish.. Desh ta khora kore dise, ebar tora khorai hat...",1,0,0,0,0,1,0
BICH_3935,Fake adv ekjon ekta mohila social media thke income kore loker kathi kre songsar chalay,1,0,0,0,0,1,0
BICH_3937,তুই কি পাগল হয়ে গেছিস,1,0,1,0,0,1,1
BICH_3938,এজাতি আদৌ এদের থেকে মুক্তি পাবে কি??,0,0,0,0,0,0,0
BICH_3940,Dhurrrr...apod...ghater moraaaa...mor mor ...naity porei tui drain e pore more jaaa,1,0,0,0,0,1,0
BICH_3941,উপরের জিনিস নিচে নামলো কেমনে,1,0,0,0,0,1,0
BICH_3942,Tui tor baba ke diye podmara,1,0,0,1,0,1,1
BICH_3944,যে ভাবে গাড়ির উপরে উঠতে চাইছিল।আমি ভাবছিলাম নিচে লাফ দিবে।,0,0,0,0,0,0,0
BICH_3946,রাস্তার চারিপাশে মানুষ আর মানুষ।আমরা নেশা করছি বলে দেখতে পাইনা।মানুষ নেশাবিহীন নেতা জাকির খান ঠিকই দেখতেছে।,1,0,0,0,0,1,0
BICH_3947,তোগো মরণ হবে জয় বাংলা দিয়ে,1,0,0,0,0,1,0
BICH_3949,অতি ভক্তি চোরের লক্ষণ,0,0,0,0,0,0,0
BICH_3951,এই পশুদের প্রশ্রয় দেয় কারা?,0,0,0,0,0,0,0
BICH_3956,মূর্খ একজন ব্যক্তি যে ক লিখতে কলম ভাঙ্গে । সারা জীবন সন্ত্রাসী করে বেড়াইছে। এমনকি বর্তমানে নেশাখোর। তাদেরকে দিয়ে দেশ চালানো…,1,0,0,0,0,1,0
BICH_3958,ঠিক করেছে... তুই যে অসভ্যতামি করিস... ছোটোলোক... তোকে পুলিশে দাওয়া উচিত.... স তুই,1,0,0,0,0,1,0
BICH_3959,আমার মনে হচ্ছে আপনার মাথা খারাপ হয়ে গেছে কাকু তাই ফালতু কথা বলছো,1,0,0,0,0,1,0
BICH_3960,এগুলোর জন্য বিএনপি'র ইমেজ নষ্ট হচ্ছে,1,0,0,0,0,1,0
BICH_3962,"এদের কোমরের রশি, এবং পায়ে ডান্ডা বেডি কোথায়!? জাতি জানতে চায়?",1,0,0,0,0,1,0
BICH_3963,এই ধরনের নেতাকে যদি বিএনপি সমর্থন ও মনোনয়ন দেই তাহলে বিএনপি ও আওয়ামী লীগের মত শেষ হবে।,1,0,0,0,0,1,0
BICH_3967,আমরা সবাই সাপোর্ট করি সঙ্গীতা মেডাম কে,1,0,0,0,0,1,0
BICH_3968,বদনা দিয়ে চোদনা বানানো যাবেকি?,1,0,0,0,0,1,0
BICH_3969,একটা লোক এত বছর জেল খেটে এসে এখন সে রেঞ্জ রোভার গাড়ি নিয়ে শো ডাউন দিচ্ছে আর আমরা তাকে বাহবা দিচ্ছি আমরা অন্দ র্জাতি আমাদের আ…,1,0,0,0,0,1,0
BICH_3972,Bangladesher sonka gonisto sobai mille asrow neya nen joddo Korte hoybe ai jongle gosti sate mor te to hoybe ak din kinto ai …,1,0,0,0,0,1,0
BICH_3975,আপা ভয় নাই আমরা আছি জয় বাংলা,0,0,0,0,0,0,0
BICH_3976,৫০০ টাকার জিনিস ভাব নিচ্ছে ৫০০০ টাকার,1,0,0,0,0,1,0
BICH_3978,কেস খেয়ে পাগল হয়ে গেছে।,1,0,0,0,0,1,0
BICH_3980,"যেটা হয়েছে, ঠিক হয়েছে—বরং অনেক আগেই হওয়া উচিত ছিল। কিছু বৌদি টাইপ মানুষ নিজেদের প্রচারের নেশায় এমন অশালীন ভিডিও বানায় যে,…",1,0,0,0,0,1,0
BICH_3981,সম্পূর্ণ নাটকটি দেখতে নিচের লিংকে ক্লিক করুনh…,0,0,0,0,0,0,0
BICH_3983,"কত বড় পাগল, পা গাড়ির উপরে তুলতে চাইছিলো।…",1,0,0,0,0,1,0
BICH_3985,How shameless you are!fie!fie!,0,0,0,0,0,0,0
BICH_3986,তোদের মত এই বালছাল গুলোই সমাজটাকে নষ্ট করছিস আবার বড় বড় কথা বলছিস ভালো কাজ করছিস তোরা আবাল গুলো,1,0,0,0,0,1,0
BICH_3987,টুকাই বলে কিহ? যাদের ছাড়া নিজের পেট চলে নাহ সেখানে ই যায় টুকাইগিরি করতে আর তাদের নিয়ে ছড়া বানায় তোর মা এর নিয়ে বানা লোক শুনবে,1,0,0,0,0,1,0
BICH_3988,Bhai comment e tora shobai ekjon arek jon re galagali kortesos ken Shunte mon chaile shun naile dure giya mor,0,0,0,0,0,0,0
BICH_3989,তোমার মুখে এগুলো মোটেও মানায় না। তুমি একটা নামকরা কনটেন্ট লেটার তুমি যদি এরকম অসভ্যের মত ভাষা ইউজ করো যা তোমার চরিত্র আচরণবির…,1,0,0,0,0,1,0
BICH_3990,ভালো করেছে যা করেছে তোদের এই নোংরার জন্যই পরিবেশটা নষ্ট হয়ে যাচ্ছে।,1,0,0,0,0,1,0
BICH_3991,হারামি বাংলাদেশের লোক যেখানে পাব সেখানেই তার ব্যবস্থা নেয়া হবে। আমি একজন ভারতীয় হয়ে বলছি,1,0,0,0,0,1,0
BICH_3992,"Chi মানুষ এর রুচি। বডি পার্ট বড় করছে, দিন দিন বুড়ি হচ্ছে সাথে সাথে সেই সৌন্দর্য তো ফিকে হয়ে গেছে,, এখন শেষ বয়সে এটা নিয়ে মরবে।",1,0,0,0,0,1,0
BICH_3993,হিন্দু ভাই বোনেরা তোমরা সবাই ভারতে চলে এসো এদেশে তোমাদের জন্য খোলা সব সময়,1,0,0,0,0,1,0
BICH_3994,দেওয়ান ভাগী ফিমেল ভার্সন,1,0,0,0,0,1,0
BICH_3997,Ore daini re khanki,1,0,0,0,0,1,0
BICH_3998,দেখলেই মনে হয় মালের উপর বসবাস,1,0,0,0,0,1,0
BICH_3999,Bubu Soni emaaaa dekhe bujhte parchen na mental to chiloi aroi hoegeche,0,0,0,0,0,0,0
BICH_4000,Ki osojjokor lage tomake...somaj take nosto korte kub valo lagche bolo... jamakapor khule ghoro... tomar kotha sune tai mone h…,1,0,0,0,0,1,0
BICH_4001,তর অনেক বেরেইন রেহ চুদির পুত্র....,1,0,1,0,0,1,0
BICH_4002,Md Ismaill Hossain Samim যাকে আহাম্মক বলেছেন তার লাইকের সংখ্যা অনেক বেশি তাহলে আহাম্মক কে উনি না আপনি?,1,0,0,0,0,1,0
BICH_4003,ভাই রে ভাই Nothing to say,0,0,0,0,0,0,0
BICH_4004,তুই তো একটা পাগল মনে হচ্ছে,1,0,0,0,0,1,0
BICH_4005,ঘর চোর যখন নেতা বনে যায়,1,0,0,0,0,1,0
BICH_4006,আপনি সমাজ নষ্ট করবে আর আমরা চুপ করে বসে থাকবো। দরকার হলে আমি আপনার নামে cash করবো,1,0,0,0,0,1,0
BICH_4007,শয়তান স্বৈরাচার মালাউনদের হাতে কেন ডান্ডাবেরী পড়ানো হলো না? জাতি জানতে চান।,1,0,0,0,0,1,0
BICH_4008,নেত্রী আপনি যুদ্ধের ঘোষণা দেন আমরা প্রস্তুত,1,0,0,0,0,1,0
BICH_4009,এদের মতো ছাগল গুলি যেন ছাপ হয়ে যাক ছেলে নামে কলঙ্ক,1,0,0,0,0,1,0
BICH_4010,ছাগলটার মাথা খারাপ হয়ে গেছে,1,0,0,0,0,1,0
BICH_4011,Abm Nurul Alam Siddique ফুটফুটে কুৎসিত,1,0,0,0,0,1,0
BICH_4012,আমরা আছি থাকবো হাজার বছর লড়বো গেশে যাব দিয়ে প্রাণ …,0,0,0,0,0,0,0
BICH_4013,ইডেনের সব মেয়েরা হঠাৎ পাগল হওয়ার কারণ কী,0,0,0,0,0,0,0
BICH_4014,একদম জঘন্য ছেলে ফালতু,1,0,0,0,0,1,0
BICH_4015,ডান্ডা বাড়ি কই???না থাকলে আমার গোয়ালে গরুর দড়ি আছে,1,0,0,0,0,1,0
BICH_4021,A abar kon pagla beriyeche,1,0,0,0,0,1,0
BICH_4022,"ফালতু ছেলে তুই একটা তোর মুখের দিকে তাকা, তুই কেমন ঘেন্না পায় দেখলে তোকে তোদের সাথে এরকম করাটা উচিত",1,0,0,0,0,1,0
BICH_4023,বাল বানাইছে খানকির পোলা,1,0,0,0,0,1,0
BICH_4024,"উচিৎ কথা বললে এরকম হয় ,, তোমরা উল্টো পাল্টা ভিডিও বানাবে আর আমরা বললে দোষ ,,",1,0,0,0,0,1,0
BICH_4025,FoodAppi ফালতু মহিলা একটা ...,1,0,0,1,0,1,0
BICH_4026,ওনাকে বুয়েট নামের ( কুলাঙ্গার তৈরির কারখানার ) সামনে ফুচকা বিক্রি করতে পাঠানো দরকার।,1,0,0,0,0,1,0
BICH_4027,বঙ্গবন্ধু তোমার বাংলাদেশ ভালো নাইতুমি বিহীন বাংলাদেশে ঐক্যের হাহাকার!!!,1,0,0,0,0,1,0
BICH_4028,আফসোস কোনো আবাল চোদাও এরে চু*বো,1,0,0,0,0,1,0
BICH_4034,এমন একটা আধা পাগল যদি নেতা হয়ে দেশের গুয়া মারা শেষ,1,0,0,0,0,1,0
BICH_4035,Magi akon buj ki obosta,1,0,1,0,0,1,0
BICH_4036,Mad তোর অবস্থা কি হবে তুই জানিস না,1,0,0,0,0,1,0
BICH_4037,Sangita das ekjon greet advocate: tor moto paglachoda na: tui ki chala na mayea bokachoda:,1,0,0,0,0,1,0
BICH_4038,Pagla choda pagla chudi..,1,0,0,0,0,1,0
BICH_4039,তোদের লজ্জা করে না রে তোদের বাবা মা কেমন একদম ফালতু ছেলে,1,0,0,0,0,1,0
BICH_4040,দৈনিক দৈনিক মানুষ পাগলামি খাইনা,1,0,0,0,0,1,0
BICH_4041,"আওয়ামীলীগের সবাই এক হয়ে মাঠে নামো, গুলের মতো পিটাইতে থাকো। মাগির পোলারা রাজাকারের বংশধর। হঠাও জঙ্গি ইউনুস গং বাঁচাও দেশ মুক্ত…",1,0,0,0,0,1,0
BICH_4042,Uni ja korechen akdm thik korechen..osovvo akta....puru mental....,1,0,0,0,0,1,0
BICH_4043,Pagla garod ghure asun age tarpor ektu counselling o darker.. Ekdom matha ta geche,1,0,0,0,0,1,0
BICH_4044,আমি ভিডিও দেখে বেকুব আছি,0,0,0,0,0,0,0
BICH_4045,প্রথমে ভেবেছিলাম দেওয়ানবাগী পরে বুঝলাম হালায় তো মরেছে।,1,0,0,0,0,1,0
BICH_4046,Ai Bar Suru Hobe Muslim Madarchod Bangladeshi Khankir Bachcha Ra Kono Dino Jodi Amar Samne Poris Khankir Bachcha Molla…,1,0,0,1,0,1,1
BICH_4047,Mental manush der sustho poribesh e anar jonnoi amn korche... Ja koreche.thiki koreche... Nije vlo vdo banao na ...koi keu toh…,1,0,0,0,0,1,0
BICH_4048,"Md Hiron Miah কারন বাংলাদেশ এ ন্যায় বিচার করা মানুষ কোনদিন জন্ম নিবে না,,,,আলেমওলামাদের ঠিক ই অপদস্ত করবে,,,,কিন্তু মানুষ নামের অমানুষ দের ছাড় দেয়",0,0,0,0,0,0,0
BICH_4050,উপরতলা ভাইংগা নিচ তলায় চলে আসছে,1,0,0,1,0,1,1
BICH_4051,মানি সিন্ডিকেট চোর কাবরেরার,1,0,0,0,0,1,0
BICH_4053,হাতে কোমরে ডান্ডা বেড়ি বাঁধে না কেন???,0,0,0,0,0,0,0
BICH_4054,"পাগল নাকি, একটু হলে তো গাড়ির উপর উঠে গিয়েছিল।আমি বুঝলাম না লোকটাকে যেখানে দেখি Surrender পজিশনে দাঁড়িয়ে থাকে কেন?",0,0,0,0,0,0,0
BICH_4055,bhagawan kono dino ai omanush ar bacca ke char deba na ....ai didi ke sakti dao bhagwan,1,0,0,0,0,1,0
BICH_4057,পাগল সালায়ে পাগল চেদা,1,0,0,0,0,1,0
BICH_4058,আমরা দিয়েছি তাকে দায়িত্ব।,0,0,0,0,0,0,0
BICH_4059,আমি তো India কউ আমরা তো মুসলিমদের এই রকম করি না,0,0,0,0,0,0,0
BICH_4060,স্বৈরাচার হাসিনার দোসর কুকুরের চেয়েও জগণ্য এই আফ্রিদি,1,0,0,0,0,1,0
BICH_4061,"Tui akta nonsense seta sadharon public jane tui o jnis , kintu tui nirlojjo tai esob patta dis na ,,, Tora nirlojjo oder kutta der union bana",1,0,0,0,0,1,0
BICH_4062,মাদারচোদ দেশে বাস করি ভাই কিছু কইতেও পারি না সইতেও পারি না,1,0,0,0,0,1,0
BICH_4063,"সাংবাদিক শালাদের আর কোনো কাজ নাই,,,",1,0,0,0,0,1,0
BICH_4065,"Mohin Sha কি লাভ রাজনীতি করে, যদি শেষ বয়সে এসে কোমরে রশি বাঁধা লাগে।",1,0,0,0,0,1,0
BICH_4066,আল্লাহর দেয়া সৌন্দর্যকে বিকৃত করার কারণে দুনিয়াতে শাস্তি পেতে পাইতেছে,0,0,0,0,0,0,0
BICH_4067,"দেখতে মানুষের মত মনে হলেও, এরা প্রত্যেকেই এক একটা অমানুষ।",1,0,0,0,0,1,0
BICH_4068,সমস্যা নাই এইটা নিয়ে আমরা তৃতীয় বিশ্ব যুদ্ধে অংশ গ্রহণ করব,0,0,0,0,0,0,0
BICH_4069,মুজিব আমার স্মরণে ভয় করিনা মরণ,0,0,0,0,0,0,0
BICH_4070,Ei maaltake mental hospital niye jao keu,1,0,0,0,0,1,0
BICH_4071,আমরা সবাই দায়িত্ব দিয়েছিরে.,0,0,0,0,0,0,0
BICH_4073,ভয়ে পাগল হয়ে গেছে,0,0,0,0,0,0,0
BICH_4079,কি বড় দুধ রে এই দুধ নিয়া কেমনে মিডিয়াকে সামলায় এত বড় বড় দুধ কয়জনে বানাইছে দুধ বড় শরম ছাড়া মহিলা গলায় দড়ি দিয়ে মর এ…,1,0,0,1,0,1,1
BICH_4080,"India r baire giye ja khushi reels kore India r image ta nosto kore dichhe....He/she whatever creature Sandy is, spoiling the …",1,0,0,0,0,1,0
BICH_4081,Puro mental patient. Er jail a na mental hospital a thaka uchit,1,0,0,0,0,1,0
BICH_4085,ফালতু চ*** তুই তো ভালো পরিবারের ছেলেও না মেয়েও না তুই তো একটা হিজড়া হিজড়া করাটাও ভুল। ওদেরও একটা সম্মান আছে। তোর সেটা নেই ও…,1,0,0,0,0,1,0
BICH_4086,"ফালতু, কিছু বুঝিস, তুই চুপ",1,0,0,0,0,1,0
BICH_4087,ওপরে আর জায়গা নেই রে পাগল,1,0,0,0,0,1,0
BICH_4088,আমি ভাবছি প্রেগনেন্ট হায় আল্লাহর দেওয়া সৌন্দর্য মানুষ কি ভাবে নষ্ট করে ছিছিছি,1,0,0,0,0,1,0
BICH_4091,আটার বস্তা বানায় টাকা দিয়ে এখন স্বামীর নামে মামলা করে কৌটে গুরে নষ্ট,1,0,0,0,0,1,0
BICH_4093,"মুন্ডি জাতে গরুর মতো হয়ে গেছে,,,,",1,0,0,0,0,1,0
BICH_4094,"Tor ghorer ac bandha hoe jabe ,ami chai",0,0,0,0,0,0,0
BICH_4096,Khanki magi manush marsos koyta? Oita bol2009 e ki korsos oita bol,1,0,0,0,0,1,0
BICH_4098,Onar na hoy...... moto mukh tor ki ??? Tui toh sotti jonjal toke toh age mental hospital a rakha uchit toder moto manush sorry…,1,0,0,0,0,1,0
BICH_4100,পাগলের মেলা বাংলা দেশে,1,0,0,0,0,1,0
BICH_4101,Keshab Mukherjee pagol bole pagol,1,0,0,0,0,1,0
BICH_4104,পাগলা তো গাড়ির উপরে উঠে গেল,1,0,0,0,0,1,0
BICH_4107,তুমি যে কথাগুলো বলছো সেগুলোর সম্পন্ন ভুল বলছে। তার একটাই কারণ আজকালকার দিনের বাচ্চারা কি শিখছে এসব দেখে? বাচ্চাদের সামনে আমরা …,0,0,0,0,0,0,0
BICH_4108,খুনিরা হাসে কত সুন্দর সিস্টেম আর আলেমদের কোমরে দরী থাকে এখানেও তো বৈষম্য আছে,1,0,0,0,0,1,0
BICH_4110,এদের কনো যোগ্যতায় নাই হাতের কনি কালো পা কালো হাস্যকর এরা হবে ওয়ার্ল্ড চ্যাম্পিয়ন,1,0,0,0,0,1,0
BICH_4114,মাথায় এতো পোকা নিয়ে রাতে ঘুমাও ক্যামনে,1,0,0,0,0,1,0
BICH_4115,"তুই যেই লেভেলের মিথ্যুক, পরে শুনবো যে নিজে নিজে বানায়ছস",0,0,0,0,0,0,0
BICH_4116,সমাজটাকে নষ্ট করছে অসভ্য লোক একটা।,1,0,0,0,0,1,0
BICH_4117,"Chup kor paglachoda ,,,thik koreche uni ,,,,",1,0,0,0,0,1,0
BICH_4119,জাতির শ্রেষ্ঠ সন্তান আলেমদের হাতে থাকে হাত কড়া পায়ে থাকে ডান্ডা বেড়ি আর চোর ডাকাত দুর্নীতিবাজ তাদেরকে নেওয়া হয় জামাই আদরে,1,0,0,0,0,1,0
BICH_4120,"বেশ করেছে ঠিক কাজ করেছে, ফেইসবুক টাকে নোংরামি করছে।",1,0,0,0,0,1,0
BICH_4122,Mone hoy toke thathiye chor mere diy,1,0,1,0,0,1,0
BICH_4123,এই চোরদেরকে এত জামাই আদরে কেনো জাতী জানতে চাই।,1,0,0,0,0,1,0
BICH_4124,মুখের ভাষা ঠিক করুন। অসভ্য মানুষ আপনি।।। সঙ্গীতা ম্যাডাম কে?? মা দূর্গা তোর বোধ করবে।,1,0,0,0,0,1,0
BICH_4125,Publicly anner baba tule katha bolar right eke k diyeche?? Abhodro itor bhasa sunle bojha jachhe kar baba kotay jeto,1,0,1,0,0,1,0
BICH_4126,"পৃথিবীর মধ্যে আমরাই নিকৃষ্ট জাতি,কারন আমাদের এমন নেতা আছে।",1,0,0,0,0,1,0
BICH_4127,পুরাই চোরের মত দেখা যায়,1,0,0,0,0,1,0
BICH_4129,Nogrami ta tor ma baba der kacha korbi fb kano korta asis .. nogrami,1,0,0,0,0,1,0
BICH_4130,জামাই আদরের ১৬ মন্ত্রী উপদেষ্টারা এদের হাতকড়া কোথায়? কোমরের রশি কোথায়,1,0,0,0,0,1,0
BICH_4131,"ইস্ কাদের নেতৃত্বে আমরা চলেছি যাদের সামান্য পরিমাণ অনুশোচনা নেই,,,,",0,0,0,0,0,0,0
BICH_4132,এই গর্ভবতী মহিলাকে আদালতে আনলো শালায়,1,0,0,0,0,1,0
BICH_4134,হ্যাঁ বলে নেতা। মানুষের রুচি হালার সারা জীবন খাইছে গাঞ্জা।,1,0,1,0,0,1,0
BICH_4135,গানটা আজকে পরিপূর্ণতা পেল । তিন পাগলে করছে মেলা,1,0,0,0,0,1,0
BICH_4137,বিএনপিকে ধংশ করার জন্যে এই অপদার্থ গুলোই যথেষ্ট.......!!!,1,0,0,0,0,1,0
BICH_4138,Na dekhte chaileo ei faltu video gulo cholei ase...creator ra boost kore rakhe...,1,0,0,0,0,1,0
BICH_4139,তোমার স্বামীর এত টাকা লাগে শয়তান বেডা তোমার কাছে টাকা চাই কেন সে তো মিল্ক বিক্রি করে কোটি কোটি টাকার মালিক হতে পারতো,1,0,0,0,0,1,0
BICH_4140,Ei pagol ta Abar k,1,0,0,0,0,1,0
BICH_4141,হেতে কি পাগল নাকি এখানে মানুষ কই হাত লারাই,1,0,0,0,0,1,0
BICH_4147,সমাজ টা তোরাই নষ্ট করছিস। নিজে তো কোনো ভালো কাজ করবি না আর অন্য কেউ করতে দিবি না। তোর ও টাইম হয়ে এসছে প্রস্তুত থাক। সোশ্যাল মি…,1,0,0,0,0,1,0
BICH_4150,"ওর পেটে বাচ্চা মনে হয়,বাট ওটা বাচ্চা না,ওটা নিচের তলা ভাড়া দেওয়ার ফল",1,0,0,0,0,1,0
BICH_4153,চোর বাটপার সন্ত্রাসী দিয়ে দেশটা ভরে গেছে,1,0,0,0,0,1,0
BICH_4154,"ঠিক করেছে, সঙ্গীতা ম্যাডামের সাথে পুরো পাবলিক আছে। ঠিক করেছে। তোদের মতন এই নোংরা জানোয়ারদের আগে বের করা দরকার।।।",1,0,0,0,0,1,0
BICH_4155,আল্লাহ মানুষ কে অনেক সৌন্দর্য দিয়ে পৃথিবীতে পাঠিয়েছে।সেই সৌন্দর্যের বিকৃতি করে এখন ভয়ংকর করেছে।,0,0,0,0,0,0,0
BICH_4156,হাসুনা চুদির দালাল তুই,1,0,0,0,0,1,0
BICH_4157,Sob faltu gulo ar jonno fb ta duseto hochhe,1,0,0,0,0,1,0
BICH_4158,"গলায় দড়ি দিয়ে টেনে নেয় না কেন,,,,,জানোয়ারগুলো রে,,,,",1,0,0,0,0,1,0
BICH_4159,এটায় আবার জেলে জাইবো,0,0,0,0,0,0,0
BICH_4160,"হ্যাঁ নিজের বাবার জায়গায় অন্য কেউ থাকলে তো বলতেন না এই কথা, বুঝি এডি আমরা",0,0,0,0,0,0,0
BICH_4161,এই সমস্ত নোংরা নারীদের আইনজীবি হয়ে যারা বিচার দাবি জানায়।তারা কোন ধরনের আইন জীবি,1,0,0,0,0,1,0
BICH_4162,পাঞ্জাবি পায়জামা পড়ে নেতা হওয়া যায় না নেতা হতে গেলে ব্যক্তিগত কিছু গরু লাগে,0,0,0,0,0,0,0
BICH_4163,শালার দালাল এতদিন কই ছিলে,1,0,0,0,0,1,0
BICH_4164,Hala akta pagol,1,0,0,0,0,1,0
BICH_4165,বিদেশিরা মিসাইল বানায়।যুদ্ধবিমান বানায়।আর আমরা এসব পালতো জিনিস নিয়ে পড়ে আছি।তাও দেশের জাতীয় গনমাধ্যমে তা নিউজ হয়।,0,0,0,0,0,0,0
BICH_4167,কুত্তার বাচ্চা ফুট ফুটে সুন্দর,1,0,0,0,0,1,0
BICH_4168,তুই একটা ছোটো লোক বেহায়া লজা নেই,1,0,0,0,0,1,0
BICH_4169,"এ কোন সাধারণ নেতা নয়লা, হাত নারচে রাস্তায় ত কুত্তা ও নাই",1,0,0,0,0,1,0
BICH_4171,মোঃ আলাউদ্দিন ভূঁইয়া চোর,1,0,0,0,0,1,0
BICH_4173,এই মাগি টা খুব ছেলায়,1,0,0,0,0,1,0
BICH_4174,সাহস নেই বলেই আপনার নামটি বিকৃত করে বলছে।,1,0,0,0,0,1,0
BICH_4175,"তুই তো ছক্কা। তোর আবার লজ্জা কিসের ভয় কিসের ,অসভ্য",1,0,0,0,0,1,0
BICH_4176,সঙ্গীতা ম্যাম যা করছে একদম ঠিক কাজ করছে। সমাজ টা সত্যি নষ্ট হয়ে যাচ্ছে,0,0,0,0,0,0,0
BICH_4179,টাকা থাকলে পাগলও রাজনীতি করতে পারে।,1,0,0,0,0,1,0
BICH_4180,"সবার পেট একটা, উনার দেখি দুইটা",1,0,0,1,0,1,1
BICH_4181,আমরা সবাই দিদিভাই এর পাশে আছি যা করার করে নেও।,0,0,0,0,0,0,0
BICH_4184,হতবাক কতটা মানুষ হিংস্র জানোয়ার অমানুষ হয় বলার ভাষা নাই,1,0,0,0,0,1,0
BICH_4185,Tik koreche re khanki magi,1,0,0,1,0,1,0
BICH_4186,এই সব পাগলের হাত থেকে হেফাজত করুন আমিন,1,0,0,0,0,1,0
BICH_4189,পৃথিবীর সবচেয়ে উন্নত জাতি আমরা চটপটিতে চরে হেলিকপ্টার বেঁচি,1,0,0,0,0,1,0
BICH_4191,"স্যান্ডি, সত্যি সবসময়ই ভয়ানক। যেটা তোর সঙ্গে হয়েছে, আর তোর মুখটা ঠিক এডভোকেট সংগীতার গু এর পোকার মত। তুই ওর গু এর পোকা হবার…",1,0,0,0,0,1,0
BICH_4192,একদম ঠিক করেছে। আমরা সবাই Songita দির পাশে আছি ওই রকম বাজে ভিডিও বানায় বাচ্চাদের হাতে ফোন দেওয়া যায় না । আর আপনার কোথায় লাগছে,1,0,0,0,0,1,0
BICH_4193,এই পাগলের পিছনে কে থাকে,1,0,0,0,0,1,0
BICH_4194,"উনি যে কাজটি করছে গোটা ভারত সাপোর্ট করবে, বুঝলে পাগল।",1,0,0,0,0,1,0
BICH_4196,তোমাদের মতো নোংরা কে এভাবেই সাফ করা দরকার এটা তোমার কর্মফল ভোগ তো করতেই হবে একদম ঠিক করেছে,1,0,0,0,0,1,0
BICH_4197,পিনিক যখন হাটুর নিচে নেমে যায়,0,0,0,0,0,0,0
BICH_4198,বিচার চাই আমরা আর কত,0,0,0,0,0,0,0
BICH_4199,"এখানে যারা হাহা দিচ্ছে তারা হচ্ছে বোকা চোদা,,ব্যবসা করতো হলে নানা রহম কৌশল লাগে",1,0,0,0,0,1,0
BICH_4201,ম্যাডাম প্রথমে এই আইডিটা ব্লক করা উচিত। আমাদের দেশের সংস্কৃতি নষ্ট কর করছে। আজকে বাচ্চারা সুস্থ চিন্তা করতে পারছে না এইসব নোংর…,0,0,0,0,0,0,0
BICH_4203,"Choto lok meye chele tui, tui gu kha madam er tor mukh ta pathi chagoler moto, tor baper kache tor ghore nengta nach kor, murk…",1,0,0,0,0,1,0
BICH_4204,"ফালতুর মুখে জুতার মার মারুন ,সকল বন্ধুরা",1,0,0,0,0,1,0
BICH_4205,Shahidul Islam ধান্দাবাজ,1,0,0,0,0,1,0
BICH_4206,কাকে হাত দেখাচ্ছে আশেপাশে তো কাউকেই দেখছি না পাগল নাকি,1,0,0,0,0,1,0
BICH_4208,এই কুত্তার বাচ্চার পদ ত্যাগ চাই,1,0,0,0,0,1,0
BICH_4209,আমরা ধিক্কার জানাই এই সরকারকে,1,0,0,0,0,1,0
BICH_4210,"মনে হচ্ছে দুলা যাচ্ছে,, হাতকড়া কোমরের রশি বান্দা নাই কেন,, পুলিশের প্রোডাক্টকোট নাই কেন!!?? না এগুলা শুধু হুজুরদের হেনস্থা কর…",1,0,0,0,0,1,0
BICH_4211,বাকি পাবলিক বিশ্ববিদ্যালয়ে ভর্তি পরীক্ষা দিছিলো কেনো এই মেয়ে? ফালতু৷,1,0,0,0,0,1,0
BICH_4212,হ্যান্ডকাফ ডান্ডাভেরী পরানো হয়নি কেন? এসব আগাছাদের এত জামাই দরকার কেন? এটা হলো জাতির কুলাঙ্গার,1,0,0,0,0,1,0
BICH_4213,তাকে রাজনীতি করার বুদ্ধিটা যে দিছে আসলে শালায় বুঝে শুনে জায়গামত কোপ দিছে,0,0,0,0,0,0,0
BICH_4215,মাদাচুদ ইউনুস সরকারের মাকে চুদি,1,0,0,0,0,1,0
BICH_4216,শিক্ষা ব্যবস্থাকে ধ্বংস করে দিয়েছিলে তুমি সেজন্য আছে এই অবস্থা অন্তত দুই চার পাঁচ বছর চুপ করে থাকুন না ১৬ টা বছর শাসন করছেন আ…,1,0,0,0,0,1,0
BICH_4217,আপনজন হারানোর বেদনা আমরা বুঝি,1,0,0,0,0,1,0
BICH_4218,বুকে কি লিফট লাগানো আছে? ডাব গুলো দেখি লিফটে চড়ে নিচতলায় আসতে যাচ্ছে,0,0,0,0,0,0,0
BICH_4220,বাটপারি বন্ধ দে শালার পুত,1,0,0,0,0,1,0
BICH_4222,বাংলাদেশের মূর্খ মুসলমান গুলো আজ গেল কোথায়। এই অত্যাচার কিন্তু আমার মনে হয় দিনের পর দিন বেড়েই চলেছে তা আমরা সোশ্যাল মিডিয়া…,1,0,0,0,0,1,0
BICH_4223,আমরা উনাকে আগামীতে প্রধানমন্ত্রী হিসেবে দেখতে চাই রাষ্ট্রনায় দেখতে চাই,0,0,0,0,0,0,0
BICH_4224,এই পাগল নাকি অভিভাবক আর পাগলে ও পিছে ছগল নিয়ে ঘুরে,1,0,0,0,0,1,0
BICH_4225,উপরতলা আস্তে আস্তে নিচতলায় নেমে যাচ্ছে।,1,0,0,0,0,1,0
BICH_4226,অ্যাডভোকেট দিদির ভয়ে এই জঞ্জালটা তো পাগল হয়ে গেছে! ভালো হয়েছে। অ্যাডভোকেট সঙ্গীতাদিকে স্যালুট।,0,0,0,0,0,0,0
BICH_4228,চোরদের হাতে হাতকড়া কই,1,0,0,0,0,1,0
BICH_4230,কুত্তার আবার অনুশোচনা। কুত্তার লেজ কখনো সোজা হয় না।,1,0,0,0,0,1,0
BICH_4231,Tui akan thake ja pagol,1,0,0,0,0,1,0
BICH_4232,Naim Hasib ভাই হ্যান্ডক্যাপ থাকবে মুরগী চোরের হাতে এদের হাতে না,1,0,0,0,0,1,0
BICH_4233,"এদের ডান্ডা বেড়ী কই?? এরা তো ডাকাতের চেয়েও ভয়ংকর।। দেশটা লুট করছে।। আলেমদের কোমরে রশি ছিলো,, এরা দেখি জামাইর মতো আছে।।",1,0,0,0,0,1,0
BICH_4234,২৭বছর জেল বন্ধী থাকার পর মাথা ঠিক হয়নি.... এই পাগলের এবার পাবনার চিন্তা করেন ভাই।,1,0,0,0,0,1,0
BICH_4236,"সবতো চোরা দরবেশ। কলংক, ধিক তোদের চোরের ঘরের চোর।",1,0,0,0,0,1,0
BICH_4237,তোদের জন্য পুরো দেশটা নোংরায় পরীনত হোচ্ছে তোদের মতো মানুষ দের জেল হওয়া দরকা,1,0,0,0,0,1,0
BICH_4238,তোমার মত মানুষদের জন্য পশ্চিমবঙ্গের অন্যান্য মানুষদের জোকার ভাবে সবাই,1,0,0,0,0,1,0
BICH_4239,আরে শালার পথমে দেখে তো পেটে বাচ্চা মনে করছিলাম,1,0,0,0,0,1,0
BICH_4240,আছি ভালো সাদা কালো,0,0,0,0,0,0,0
BICH_4241,"তুই একটা অমানুষ,পারিবারিক শিক্ষা দিয়ে তোকে বড় করেনি।নোংরা পরিবারের ছেলে",1,0,0,0,0,1,0
BICH_4242,Tui gu mukho esb bleo kichu fol pabina sarajibon nighty sari porei katate hbe faltu hizre ekta,1,0,0,0,0,1,0
BICH_4244,মনে হয় কি মহৎ কাজ করে আসছে! হাসি খুশি চোরগুলো। দেশের টাকা চুরি করে আবার নির্লজ্জের মতো হাসে!,1,0,0,0,0,1,0
BICH_4245,শালাদের কুত্তার মত মরতে হবে আজ হোক কাল,1,0,0,0,0,1,0
BICH_4246,Tor abar hobe bebotha faltu Sandy,1,0,0,0,0,1,0
BICH_4248,এই কুত্তার বাচ্চাদের হাতে হাতকড়া নেই কেন?,1,0,0,0,0,1,0
BICH_4251,উনি একজন উকিল উনি এমনিতেই ভাইরাল ওনার নোংরামির কোন প্রয়োজনই পড়ে না।,1,0,0,0,0,1,0
BICH_4252,কুত্তার বাচ্চা ইউনুস তোকে কোন পায় থাহলে তোর খীমা বানিয়ে সালা সোওর কে খাবাবো,1,0,0,0,0,1,0
BICH_4253,এই নির্লজ্জ ও নিষ্ঠুর মানুষ গুলোর কথা শুনলেই এখনো রক্তে আগুন লাগার মত জ্বলে ওঠে। তারা / আওয়ামীলীগ দেশের এতগুলো প্রাণ নিয়ে এত …,1,0,0,0,0,1,0
BICH_4256,দুবাই তে আমরা এই গাড়ি দিয়া বাজার করি,0,0,0,0,0,0,0
BICH_4258,জিবন থেকে ৬ মিনিট ৩৩ সেকেন্ড নষ্ট হয়ে গেল,0,0,0,0,0,0,0
BICH_4260,তর কি বক্তব্য যে তোরা নোংরা মো করবি আর সমাজের লোক কিছু বলবে না সারের মতো না চেঁচিয়ে কমেন্ট গুলো পর তর থতা মুখ ভোটা হয়ে যাবে না…,1,0,0,0,0,1,0
BICH_4262,বলছি তোমার মুখটা কেরকম বলতো একটু নিজে কোনদিন আয়নার সামনে দেখো কাউকে বলার আগে একবার নিজের দিকে তাকিয়ে নিও। আমরা ছোট মানুষ আর কি বলবো তোমাকে,0,0,0,0,0,0,0
BICH_4264,Oi bal ei tumi janooooo. Pagla bita,1,0,0,0,0,1,0
BICH_4266,"উনি এমনে নির্লজ্জ,নির্লজ্জ না হলে এক কথা বারবার বলে। কথার শুরুতে শুধু ১৫ আগস্ট",1,0,0,0,0,1,0
BICH_4267,প্লিজ নোংরামি বন্ধ করুন আপনাদের জন্য সমাজ নষ্ট হচ্ছে,0,0,0,0,0,0,0
BICH_4268,"ফালতু ছেলে তুই একটা তোর মুখের দিকে তাকা, তুই কেমন ঘেন্না পায় দেখলে তোকে তোদের সাথে এরকম করাটা উচিত",1,0,1,0,0,1,0
BICH_4270,"হাইরে আফসোস, মানুষ কেমনে নিজের সৌন্দর্য নষ্ট করে",0,0,0,0,0,0,0
BICH_4272,এই নষ্টা মেয়ের কি কোন লজ্জা নেই।,1,0,0,0,0,1,0
BICH_4273,এই নোংরামি বাংলার জনগণ আর কতদিন দেখবে।,0,0,0,0,0,0,0
BICH_4275,একটু জন্য গাড়ির উপরে উঠতে পারে নি পাগলে,0,0,0,0,0,0,0
BICH_4277,কি অবস্থা ফালতু কোন জায়গায়,1,0,0,0,0,1,0
BICH_4279,মূর্খ জঙ্গল পাগল এ রকমই রাজনীতি নেতা হয় বিএনপি'র,1,0,0,0,0,1,0
BICH_4280,রাষ্ট্রীয় চোর গুলা,1,0,0,0,0,1,0
BICH_4282,"আমরা দায়িত্ব দিয়েছি , ম্যাম কে জঞ্জাল সাফ করার",0,0,0,0,0,0,0
BICH_4283,ও হাত নারায় কেন ওই খানে তো কোন জনগন নাই।পুরাই পাগল,1,0,0,0,0,1,0
BICH_4285,সমাজটাকে নোংরা করছে করছিস রে কুত্তা,1,0,0,0,0,1,0
BICH_4287,এদের হাতকড়া কোমরের রশি শেখ হাসিনার ভারতে নিয়ে গেছে,1,0,0,0,0,1,0
BICH_4290,একদম ঠিক করেছে দিদিভাই তোমাদের শয়তানের জন্য,1,0,0,0,0,1,0
BICH_4291,তারেক রহমানের প্রতি আহবান পাবনার পাগলা গারদ এলাকার আসন থেকে এই sir কে মনোনয়ন দেওয়া হোক।,0,0,0,0,0,0,0
BICH_4292,তার পাগলের মারে চুদি,1,0,0,0,0,1,0
BICH_4293,পাগলামি ছাড়া আর কিছু নয় ৷ মানুষ দুনিয়ার পিছে ঘুরে কিন্তু দুনিয়ার কুল খুজতে খুজতে একদিন নিজের কুল শেষ ৷ সুদের উপরে লোন নিয়ে দ…,1,0,0,0,0,1,0
BICH_4296,চুপ কর শালা ছেলে ধরা মাসি,1,0,0,0,0,1,0
BICH_4297,এই পাগল ছালন যেনো কোন নেতা না হয়,1,0,0,0,0,1,0
BICH_4298,Sono tomra jara boro criyetor acho tara dakho kichu manus acha jara puro faltu vedio kore.tomar hoito valo lage but oneker valo nau lagte pare,0,0,0,0,0,0,0
BICH_4299,চুরি ডাকাতি তো করছে নাখুবই ভালো উদ্যোগ,1,0,0,0,0,1,0
BICH_4301,তুই ওই ম্যাডামের পা ধুয়ে জল খা অসভ্য একটা,1,0,0,0,0,1,0
BICH_4302,পাগল করছে টা কি রে ভাই একে আমাদের বাংলাদেশ পাবনাই রেখে দিয়ে যাও ইন্ডিয়া থেকে,1,0,0,0,0,1,0
BICH_4303,Toder moto faltu manus guloke rastai namiye marte hoi faltu kothakar nigera nogramo koris fb te ese abar keo potibad korle g…,1,0,0,0,0,1,0
BICH_4304,পাগল মারার কি লাইন,1,0,0,0,0,1,0
BICH_4305,আমরা সবাই আপনার সাথে আছি থাকব ইনশাআল্লাহ,0,0,0,0,0,0,0
BICH_4306,দেশটা পাগলে ভরে গেছে,0,0,0,0,0,0,0
BICH_4307,দেশে পাগল ছাগল বেড়েই চলেছে এই পাগলদের থামাতে না পারলে ভবিষ্যতে দেশটা পাগলে ভরপুর হয়ে উঠবে।,0,0,0,0,0,0,0
BICH_4309,হাতে হ্যান্ডকাপ কই মাথায় হেলমেট কই গায়ে পোশাক কই মাদারচোদের চোরের এত সম্মান কেন..? দেখে তো মনে হচ্ছে আসামি না দাদাকে নিয়ে যাচ্ছে নাতিরা,1,0,0,0,0,1,0
BICH_4311,Pagol akta .. valo kichu vdo korte paro toh esob vul val vdo koro tar opor abar emon mukh er vasa chiii .. vul tomra korcho ta…,1,0,0,0,0,1,0
BICH_4312,*আমরা যে কাজ করে থাকি এবং এই কাজ গুলো করে লাইফ ডেলপ করতে পারেন ।* *১. কোর…,0,0,0,0,0,0,0
BICH_4313,Tui vul.....faltu.....tui.....bachader hate mobail akhon....... Mam thik,1,0,0,0,0,1,0
BICH_4314,"এটাই আমার সোনার বাংলা — যেখানে সব কিছুই সম্ভব। কুখ্যাতরা জেল থেকে ফিরেও বিখ্যাত হয়ে যায়। কিছু করার নেই, এদের হাতেই যেন জনগণের ভাগ্য।",1,0,0,0,0,1,0
BICH_4315,Tui ekta faltu lok sala,1,0,0,0,0,1,0
BICH_4317,"এরা লুটেরা, এরা জনগণের ভোট ডাকাত বাহিনী, এরা নির্মম গণহত্যাকারী, এরা নির্লজ্জ মিথ্যাবাজ ও চাপাবাজ। এদের অনুসূচনা করার কোনো প্র…",1,0,0,0,0,1,0
BICH_4319,এই ধরনের লোকদেরকে দিয়ে দেশের ভালো কিছু আশা করা যায় না,0,0,0,0,0,0,0
BICH_4321,Pagol konhankar..manusher achievement e jole..,1,0,0,0,0,1,0
BICH_4323,গান্জা বেবসা করে শালা,1,0,0,0,0,1,0
BICH_4324,"রাঘব বোয়ালদের বের করে দিয়ে চুনোপুটি নিয়ে নাটক করছে! আবার যার যে বিষয়ে গুরুতর অপরাধ তাকে সে বিষয়ে অভিযুক্ত করেনি, ফালতু নজির!",1,0,0,0,0,1,0
BICH_4325,"খুব গরম লাগছে,,তাই না,,AC তোমর পিছনে ভরে দিবে,,সঙ্গীতা মেডাম,,",1,0,0,1,0,1,0
BICH_4326,তুই বালটা যা ছক্কা। Bal। Mad মাল mad হাহাহাহা।,1,0,0,0,0,1,0
BICH_4327,তুই ছেলে না মেয়ে। একটা ফালতু অভদ্র।,1,0,0,0,0,1,0
BICH_4328,"হিন্দু তোমরা এক হও। ওরা যেটা করছে তার শিক্ষা দাও,, হাতে অস্ত্র নাও",1,0,0,0,0,1,0
BICH_4329,এই মহিলাকে চোদে কোন পুরুষ,1,0,0,0,0,1,0
BICH_4330,মেধা নিচে নেমে গেলো নাকি,0,0,0,0,0,0,0
BICH_4331,রাশিয়ান বৌদিকে সাপোর্ট করছে সব এক গোয়ালের গরু তাই সাপোর্ট করছে,1,0,0,0,0,1,0
BICH_4333,নির্লজ্জ দশ জন্মের পিপি,1,0,0,0,0,1,0
BICH_4334,এই রকম একটা সুন্দর সহজসরল পাগল একটা বিএনপির নেতা হবে,0,0,0,0,0,0,0
BICH_4335,"ওনাকে সাহস দিয়েছে,,, তোদের মত নোংরা পরিষ্কার করার,, আমরা সাধারণ নাগরিকরা,,, সমাজ সচেতন নাগরিকরা,,, চটির বাড়ি মেরে না মুখ ছেড…",0,0,0,0,0,0,0
BICH_4336,তোর তো শালা হিজরা,1,0,0,0,0,1,0
BICH_4338,Md Obaidullah Babu ডিম দিলে কি হবে বেগুন দেওয়া লাগবে!! জেলে গেলে গর্বিত হয়ে চোরের আরো বড় ডিগ্রি নিয়ে আসে। এটা আমাদের ইতিহাস।,0,0,0,0,0,0,0
BICH_4339,"তোর মতন একটা মেয়ে, তোদের জন্যই সমাজটা নোংরা হচ্ছে। এমনিতে হিজরা মানুষ তার উপরে একটা বড় দিদিকে এসব ধরনের কথা বলছে । আরে বদ্দা…",1,0,0,0,0,1,0
BICH_4341,কোনো ট্যালেন্ট নেই সারাদিন নোংরামি করছে। মেন্টাল পাবলিক,1,0,0,0,0,1,0
BICH_4342,দলের লোকজনই করছে আমরা সাধারণ জনগণ মনে করি ঠিক আছে তোমরা এই ষড়যন্ত্র করছ তোমরা জামাতরাই জড়িত তবুও লইয়াই চা খায়,1,0,0,0,0,1,0
BICH_4343,"আচ্ছা তোমরা কেউ বলবা,, কি দেখে এই বেডারে সুদর্শন পুরুষের খেতাব দিয়েছে,, মানুষের রুচি দুর্ভিক হয়েছে",1,0,0,0,0,1,0
BICH_4344,"তুই কে হে হাড্ডি সাহা, সমাজ তো নষ্ট করে ফেলেছিস, ওনি তোর মতো পাতাল, তারকাঁটা, অসভ্য, বর্বর,দের সুস্থ করার জন্য এসেছে। ম্যাডাম পাশে আমরা সবাই আছি।।",1,0,0,0,0,1,0
BICH_4345,এইডা শামীম উসমানের থেকেও বড় ডাকাত.,1,0,0,0,0,1,0
BICH_4348,লুঙ্গি বাহিনীর দেশে এর থেকে ভাল কি করতে পারে। চুরি ডাকাতি বদমাশী হারমাদি এদের বঙ্গশ পরম্পরা।,1,0,0,0,0,1,0
BICH_4349,এই মহিলার কাপড়ের নিচে মানিব্যাগ সাইট ব্যাগ রয়েছে তার জন্য,0,0,0,0,0,0,0
BICH_4350,Shali tar chira.. Bal dare dekhlei rag uthe,1,0,0,0,0,1,0
BICH_4352,Pagol hoyegeche sok e kau sandy k mental hospital e niye jao...,1,0,0,0,0,1,0
BICH_4353,তোর মতো জঙ্গলের পশুকে খোঁচা দিয়ে ভালো করেছে। তোর ভিডিও বা পোস্ট দেখে বমি পায় সয়তান। তুই যে প্যাডের জামা বানিয়ে পরে পোষ্ট ক…,1,0,0,0,0,1,0
BICH_4354,"এম স্বপন মিয়া সময় আসুক তোদের মত পাগলকে টুডে দিবনে,মীর জাফর তদাস",0,0,0,0,0,0,0
BICH_4356,"লাইফ তো এরাই কাটাচ্ছে। আমরা পৃথিবীতে এসেছি জন্মনিবন্ধন, পাসপোর্ট , সার্টিফিকেট, এনআইডি কার্ড ঠিক করাতে। আর এদের তামাশা দেখতে। …",0,0,0,0,0,0,0
BICH_4357,একদম ঠিক করেছে। আমরা সবাই Songita দির পাশে আছি ওই রকম বাজে ভিডিও বানায় বাচ্চাদের হাতে ফোন দেওয়া যায় না । আর আপনার কোথায় লাগছে,0,0,0,0,0,0,0
BICH_4359,"আমরা সাধারণ জনগন কত বোকা।নেতারা হাজার হাজার কোটি টাকা পাচার করে নিজেরা সেখানে রাজার জীবন যাপন করে, আর জনগনকে নির্দেশ দেয় সহিংস…",1,0,0,0,0,1,0
BICH_4360,টাকা থাকলে পাগলও রাজনীতি করতে পারে।,0,0,0,0,0,0,0
BICH_4361,"Nobody in there , but strangely the leader in front blowing his hands! Who is there to seeing his fanaticism !",0,0,0,0,0,0,0
BICH_4362,"মোঃ জুয়েল মুন্সী নাম মুন্সি কিন্তু, চিন্তা চেতনা শয়তানের।",1,0,0,0,0,1,0
BICH_4363,ফেসবুক টা তোর বাপের না যে এভাবে নোংরামি করে বেড়াবি,1,0,0,0,0,1,0
BICH_4365,ডায়াল কুর কোন শালায় নমিনেশন দেয়,1,0,0,0,0,1,0
BICH_4366,কামরুল্লা সালাম দে!!!,0,0,0,0,0,0,0
BICH_4367,ওদেরকে কমরে রশিদিয়ে বাদা হোক,0,0,0,0,0,0,0
BICH_4369,Chup kar pagol .jail e jabi tora sab kata,1,0,0,0,0,1,0
BICH_4372,ক্ষেপী বলবো নাকি খ্যাপা উনার কিছুই না বাট তুই এই কথা গুলো বলে নিজেকে অনেক নিচে নামাচ্ছিস। তো…,0,0,0,0,0,0,0
BICH_4373,Shahalam Talukdar সরম করে না কইতে আমরা শিবচর এর লোক বাংলাদেশের সব জায়গায় কম বেসি ভুমিকা দেখাইছে শিবচর বাদে,0,0,0,0,0,0,0
BICH_4374,সমাজ নষ্ট করছে আর বড়ো কথা,0,0,0,0,0,0,0
BICH_4375,Chup kor hijra..kapurush..meye seje income koris..thik koreche toke jutor mala poriye taklu kore ghorano uchit..madam ebar apn…,1,0,0,0,0,1,0
BICH_4377,ভারতের বাইরেও পাগল থাকে। এর থেকে বোঝা গেলো,0,0,0,0,0,0,0
BICH_4378,Sala hijra ekta...er baba jodi mayer sei rate thik thak jotno nito tobe eii nun** wala nighty didi r jonmo nito na,1,0,0,0,0,1,0
BICH_4380,আপনার মত মানুষ সমাজটাকে নোংরা করছে,1,0,0,0,0,1,0
BICH_4381,আরে ওরা তো পাকিস্তানি হায়েনার থেকে শুয়োরের বাচ্চা,1,0,0,0,0,1,0
BICH_4382,তুই তো ফালতু একটা,1,0,0,0,0,1,0
BICH_4383,একটা বিষয় জানার আগ্রহ ছিলো -- প্রায় ভিডিও তে দেখলাম উনি বারবার এভাবে হাত ওঠায়ে আত্মসমর্পণ করে৷ এখানে তো চারিদিকে ঘাস লতাপাত…,0,0,0,0,0,0,0
BICH_4384,শালারা দেশটারে পাগলা গারদ বানিয়ে ছাড়বো। যেখানে উন্নত বিশ্বে নতুন নতুন জিনিস আবিষ্কার করে সেখানে আমরা দিন দিন পাগলে পরিণত হচ্ছি,0,0,0,0,0,0,0
BICH_4386,"মেন্টাল সমাজ তৈরি করছে এরা মেন্টাল সমাজ আগে মানুষ পাগল গুলো এভাবে নাইটি পড়তে চারটি পড়তো ন্যাংটা হয়ে ঘুরতো তাই করছে এরা, আদিম যুগের পাগল",1,0,0,0,0,1,0
BICH_4387,ইউনুস এর বেটিরে ডাকেন। আমরা কনডম ছাড়া লাগাই।,1,0,0,1,0,1,1
BICH_4388,Ki sikhbe tomader moto nongra video dekhe,0,0,0,0,0,0,0
BICH_4389,ভণ্ডামি ও সীমা আছে,0,0,0,0,0,0,0
BICH_4390,তুই তো জাতে মাতাল তালে ঠিক। খালি পাগলামি ভন্ডামি করিস,1,0,0,0,0,1,0
BICH_4391,"Tumi to faltu 1ta ,mane chele ,naki meye jani na",1,0,0,0,0,1,0
BICH_4392,সব দোষ covid 19 ভ্যাকসিনের উল্টাপাল্টা মেয়াদ উত্তীর্ণ হওয়ার কারণে কিছু লোক এমন পাগল হয়ে গেছে,0,0,0,0,0,0,0
BICH_4394,"পুরো তার কেটে গেছে SANDY SAHA ,,, ADV SANGITA দিদি ভাই আপনি ঠিক করেছেন এমন ফালতু লোকের জন্য এই রকম করা উচিত",1,0,0,0,0,1,0
BICH_4396,এই সব লোকের পিচে নির্বোধ জ্ঞান পাপি কিছু লোক থাকে।,0,0,0,0,0,0,0
BICH_4397,"বাংলাদেশিরা অসভ্য, জাতি এরা বেজন্মা!! পৃথিবীর ক্যান্সার",1,0,0,0,0,1,0
BICH_4398,Tomra nongra vedio korbe ar kew protest korle dosh faltu,0,0,0,0,0,0,0
BICH_4399,Tinte pagla karbar deko,0,0,0,0,0,0,0
BICH_4400,তুমি তো একটা পাগল,1,0,0,0,0,1,0
BICH_4401,নোংরা ক্রিয়েটারদের রাস্তায় নোংরামি করতে দেখলে পাবলিকের জুতো মারা উচিত... জুতো চিনিস হারামজাদা...,1,0,0,0,0,1,0
BICH_4404,কত টাকা দিয়ে বানাইছেন আমরা এইগুলা আরও কমে বানিয়ে দিয়ে থাকি ধন্যবাদ,0,0,0,0,0,0,0
BICH_4405,Tor mukhe juta mara dorkar banor,1,0,0,0,0,1,0
BICH_4406,"কত ক্ষমতাবান লোকগুলো আজ জাতির সামনে অসহায় আত্মসমর্পণ, স্বৈরতন্ত্র নিপাত যাক গণতন্ত্র মুক্তি পাক হ্যাণ্ডকাপ লাগানো দরকার ছিল।",0,0,0,0,0,0,0
BICH_4408,পুরনো পাগল ভাত পাচ্ছে না নতুন পাগলের আমদানি,1,0,0,0,0,1,0
BICH_4412,"জাকির মনে হয় পাগল মানসিক রোগি,গাজা বাবা মদ নেশা বেশি খাই এই জন্য তার ভাবটা এমন, বিএনপির বদনাম এইসব বাবা খোর নেতার কারনে",1,0,0,0,0,1,0
BICH_4418,Fasi chai nirlojjo der,1,0,1,0,0,1,0
BICH_4419,Porai pagol. BNP pagoler factory,1,0,0,0,0,1,0
BICH_4421,তোদের অসভ্যতার জন্য সমাজটা দূষিত হচ্ছে,1,0,0,0,0,1,0
BICH_4423,"আওয়ামীলীগের লোকদের কথাবার্তা শুনলে বোঝা যায় তারা কতটা পারিবারিক শিক্ষা পেয়েছে! এরা তো একে মিথ্যুক, তার উপর এরা নির্লজ্জ, বেহায়া!",1,0,0,0,0,1,0
BICH_4424,"চোরের বাচ্চা গুলোর হাতকড়া ও কোমড়ের রশি কোথায়, দেখে মনে হচ্ছে এরা শশুর বাড়ির জামাই,আদর আপ্যায়নে আছে, আসামি বলে মনে হচ্ছে না, অথ…",1,0,0,0,0,1,0
BICH_4425,Chhi ki nongra.asole tomar hoyto bachha kachha hobe na.Ba bachha manus korte hobe na.…,1,0,0,0,0,1,0
BICH_4428,এদের হাত কড়া ও কোমরের রশি কোথায়,0,0,0,0,0,0,0
BICH_4429,Dipu Ahmed দালালী বাদ দেন তোমার শাশীম কি করছে।।। সবাই কামায় কম বেশী।,1,0,0,0,0,1,0
BICH_4430,এই পাগলকে যদি তার এলাকায় মেম্বার হিসেবে নির্বাচিত করে তাহলে বুঝতে হবে ওই এলাকার সবাই আধা পাগল।,1,0,0,0,0,1,0
BICH_4431,"আমরা সবার মতামত কে সম্মান করি। আপু, তবে আপনার বলা কথা গুলো, আপনি একটু সময় বের করে শোনবেন।",0,0,0,0,0,0,0
BICH_4433,পাগলের সুখ মনে মনে।,0,0,0,0,0,0,0
BICH_4434,তেলাপোকা মত উড়ে পরে যাবে,0,0,0,0,0,0,0
BICH_4435,Level.... Ami haste haste pagol honestly speaking....ami depression e chilam.....kichu baker lokjon der niye....ekhon …,0,0,0,0,0,0,0
BICH_4436,দেশে কেউ গৃহ হীন থাকবেনা মাননীয় প্রধানমন্ত্রী জননেত্রী দেশরত্ন শেখ হাসিনা সরকার উন্নয়নের সরকার শেখ হাসিনা সরকার বার বার দরকার,0,0,0,0,0,0,0
BICH_4437,"You didn't receive the award, at least officially. Your hired agencies gave you a replica and you are satisfied with it seems, haha. We can check the official website of this award and your name is not there. https://presidentiallifetimeachievementawards.com/2024-honoreesDo you think everybody is dumb?",0,0,0,0,0,0,0
BICH_4438,তুমি পাগলামি করে ফেলছ ব্রো,0,0,0,0,0,0,0
BICH_4439,ইতে ডাকাত,1,0,0,0,0,1,0
BICH_4442,অসভ্যের মত হাব ভাব,1,0,0,0,0,1,0
BICH_4443,আলেম-ওলামাদের কে ডান্ডা বাড়ি পড়ানো হয় কোন অপরাধ ছাড়াই আর অপরাধী যারা চোর লুটপাট তাদেরকে হাত ধরে ধরে আদালতে হাজির করা হচ্ছে…,1,0,0,0,0,1,0
BICH_4446,ও হাত নারায় কেন ওই খানে তো কোন জনগন নাই।পুরাই পাগল,0,0,0,0,0,0,0
BICH_4447,কার সাথে হাত নাড়ে রোড়ে দেখি কুত্তাও নাই,0,0,0,0,0,0,0
BICH_4448,"তাকে দেকতে পাগলের মত লাগে,সে কি ভাবে বি এন পির নেতা হয়,বুজে আসে নারে লায়লা",1,0,0,0,0,1,0
BICH_4451,সব গুলোর ভোট ডাকাতির বিচার চাই,0,0,0,0,0,0,0
BICH_4452,"Nongra videor jalai Facebook khulte parchi na , apnar video dekhi but kichu limit thake, onek lok fb take nongra moncho banacche,",0,0,0,0,0,0,0
BICH_4453,এদের বডি ল্যাঙ্গুয়েজ দেখে মনে হচ্ছে স্টেজে বক্তব্য দেওয়ার জন্য উঠতেছে। অথচ বিনা দোষে আলেমদেরকে কোমরে বেরি এবং শিকল পড়ানো হয…,0,0,0,0,0,0,0
BICH_4454,এইসব আঙ্গারি ভাঙ্গারি ফালতু নেশাখোর গুলা বিএনপির নেতা বিষয়টা হাস্যকর হলেও সত্যি,1,0,0,0,0,1,0
BICH_4455,"এদেশে নিরপরাধ আলেম উলামাদেরকে হেলমেট, বেড়ী দিয়ে কোর্টে তোলা হয়। অন্যদিকে চোর ডাকাত আর বাটপাররা হাত উঁচিয়ে হাসতে হাসতে কোর্টে য…",1,0,0,0,0,1,0
BICH_4456,এই শালা কোন পাগল নাকি,1,0,0,0,0,1,0
BICH_4457,একদিন যখন সংখ্যালঘুরা ধীরে ধীরে বাংলাদেশ থেকে সরে যাবে সেদিন এই মূর্খরা নিজেরাই নিজেদেরকে কুড়ে কুড়ে খাবে।,0,0,0,0,0,0,0
BICH_4458,আমরা তো এখন ও নিরাপদ নাই৷ বিশেষ করেই এই বর্তমান সরকারের সময়ই৷ এই বাংলাদেশের সংখ্যালুগু সনাতনী হিন্দুগণ ৷ আমি বিচার চাই৷,0,0,0,0,0,0,0
BICH_4461,স্বার্থ ছাড়া কেউ পাগলামি করেনা খোকা,0,0,0,0,0,0,0
BICH_4462,Apnake fat saf korbe kno janen nity pore muzra korchen,0,0,0,0,0,0,0
BICH_4463,মোহাম্মদ রাইয়ান আওয়ামী লীগ তারাই করে যাদের জন্মে ঠিক নাই। আমরা সাধারণ জনগণ আওয়ামী লীগ কে চাই না।,1,0,0,0,0,1,0
BICH_4466,আওয়ামীলীগের ভুলটা কোথায় কোন কারণে অনুশোচনা করবে আওয়ামিলীগ বরং অনুশোচনা সামনের দিনগুলো নিয়েই কখন প্রতারক চক্রকে বিচারের আওতায় …,0,0,0,0,0,0,0
BICH_4467,এই সব লোকের পিচে নির্বোধ জ্ঞান পাপি কিছু লোক থাকে।,0,0,0,0,0,0,0
BICH_4468,আলেমদের ক্ষেত্রে হাতে ধরি পায়ে শিকল আর রাষ্ট্রীয় চোরদের ক্ষেত্রে এত সম্মান কেন? প্রশাসন জবাব চাই,0,0,0,0,0,0,0
BICH_4470,তারেক রহমানের প্রতি আহবান পাবনার পাগলা গারদ এলাকার আসন থেকে এই sir কে মনোনয়ন দেওয়া হোক।,1,0,0,0,0,1,0
BICH_4472,খা........কি ছেলে হোমো চ*** গু....নি এইসব জঞ্জাল গুলোকে সাফ করা উচিত নইলে আমাদের প্রকৃতিটা নষ্ট হয়ে যাচ্ছে। হু আর ইউ তোর গা..... যতসব জঞ্জাল,1,0,0,0,0,1,0
BICH_4473,পাগলেে... পাগল... চিন ছে রে...,1,0,0,0,0,1,0
BICH_4474,কি পরিমান পাগল হলে মানুষ গাঞ্জাখোরকে নেতা মানে শালা পাগল,1,0,0,0,0,1,0
BICH_4478,A ke re pagol naki,1,0,0,0,0,1,0
BICH_4479,"Tor mukh ta guyer theke o kharap, abnormal maal, tui ja mental hospital e. Chagol.",1,0,0,0,0,1,0
BICH_4480,"মানুষের উপর জানোয়ার দের অত্যাচার সমানে চলছে, ওখানে জানোয়ার দের সারা দেশে ভোরে গেছে,",1,0,0,0,0,1,0
BICH_4482,ইনশাআল্লাহ আপনি কথা শুনে আমরা অনুপ্রাণিত হই জয় বাংলা জয় বঙ্গবন্ধু,0,0,0,0,0,0,0
BICH_4483,এতো নিচে নামিয়ে রাখছে কেন,0,0,0,0,0,0,0
BICH_4486,"এই মহিলা অমানুষের কাতারেও নেই, আল্লাহ যে এর কি শাস্তি দেবেন সেটা ভাবতেও ভয় লাগছে",1,0,0,0,0,1,0
BICH_4487,একটা অন্যায়কে লুকোতে আরো একশোটা অন্যায় করছে۔۔۔আমরা সাধারণ মানুষরা ওনাকে দায়িত্ব দিয়েছি এই নোংরামি গুলো বন্ধ করার۔۔۔,0,0,0,0,0,0,0
BICH_4489,"এ কি কাহিনী ভাই ? তস_লিমা Eরা , মাহবুব সানাই সব এক ই লেভেলের ....... কিছু বলে এর সময় নষ্ট না করাই ভালো",1,0,0,0,0,1,0
BICH_4491,বোকাচোদা তুই বাঁদরের মতো করছিস কেন তোর মতো বাঁদর কে দেখায় জন্য এই প্লাটফম টা নয় তুই সার্কাসে যা,1,0,0,0,0,1,0
BICH_4492,আমরা সবাই দিদির পাশে আছি,0,0,0,0,0,0,0
BICH_4493,"কয়জন কে ওরা মারবে আমি একা মরলে আমার তিন সন্তান দাড়াবে আওয়ামী লীগের হয়ে। এভাবে হাজারো মানুষ আসবে, কয়জন কে হত্যা করবে ওরা, …",0,0,0,0,0,0,0
BICH_4494,"সে ব্রেস্ট সার্জারী করছিলো, সেই সিলিকন সহ নিচে ঝুলে গেছে আরকি।",0,0,0,0,0,0,0
BICH_4495,ফারহানা জামান নূহীন eshob ki,0,0,0,0,0,0,0
BICH_4496,Chup kor hijra..kapurush..meye seje income koris..thik koreche toke jutor mala poriye taklu kore ghorano uchit..madam ebar apn…,1,0,0,0,0,1,0
BICH_4498,চোরদের হাতে হাত কড়া নাই কেন জাতি জানতে চাই??,0,0,0,0,0,0,0
BICH_4499,"দুলাভাই এর মতন ধরে নিয়ে আসছে,,কোমরের রশি বেধে আর শিকল বেরি দিয়ে এদেরকে বের করা উচিত ছিল,,,",0,0,0,0,0,0,0
BICH_4500,চাকরি মনে হয় শুধু মহিলাদের আন্ডারে করবে পুরুষ থাকবে না কোম্পানিতে। মাথামোটা বয়ফ্রেন্ড জায়েজ। অন্য পুরুষ মানুষের লগে তার পড়…,1,0,0,0,0,1,0
BICH_4502,কুকুরের মতন দুধভঙ্গি করছিস কেন ছাগল কোথাকারে,1,0,0,0,0,1,0
BICH_4503,Tui পুরো পাগল হয়ে গেছিস এটা পুরো বুঝা যাচ্ছে,1,0,0,0,0,1,0
BICH_4504,Tui jekhane kusi nach tate karor kichu ase jayna but fb ta tor baper na j tui segulo sekhane upload koris.,1,0,1,0,0,1,0
BICH_4505,শালা সাদে উঠতে চাইছিলো জীবনে প্রথম গাড়ি উঠলে যায় হয় আর কি,0,0,0,0,0,0,0
BICH_4506,"সমাজের এই নোংরা গুলো পরিষ্কার হওয়া খুব দরকার ,,,,",1,0,0,0,0,1,0
BICH_4507,"নির্লজ্জ, বেহায়া,ও খুনি একটা দল। এদের স্বভাব পরিবর্তন হবেনা। খুন করা এদের রাজনীত,দুঃখজনক এ দলটি আবার স্বাধীনতার নেতৃত্বের দাবি করে।",1,0,0,0,0,1,0
BICH_4508,এই ওর লগে প্রেম করে কোন বলদে। ভাই আপনার বয়ফ্রেন্ড কে একটু দেখাইয়েন বোকাচন্দ্রের মুখটা একটু দেখা খুব ইচ্ছে হচ্ছে আর বুঝলাম ন…,1,0,0,0,0,1,0
BICH_4509,Eisob Kris barir lok pagla garod e pathay na toke?,1,0,0,0,0,1,0
BICH_4510,সব পাগল কি বাগেরহাটে,0,0,0,0,0,0,0
BICH_4512,Eye area te kotota maida lagiye live krte bosechis pagol ekta,0,0,0,0,0,0,0
BICH_4513,কোনো ভালো কিছু শিক্ষা এই পাগল tar কাছে পাওয়া যাবে না।।।,1,0,0,0,0,1,0
BICH_4514,Seriously this guy is going to lead the country ???????!!!!. Crazy person,0,0,0,0,0,0,0
BICH_4520,বেশ করেছি নোংরামি করবে আর বাচ্চাদের মাথাটা নষ্ট করবে আর তোমাকে এমনি এমনি ছেড়ে দেবে,1,0,0,0,0,1,0
BICH_4524,বাংলাদেশে নমরুদ ফেরাউন এজিদের শাসন চলছে ! …,1,0,0,0,0,1,0
BICH_4528,Sob pagla choda bengaladesh thake vaiii,1,0,0,0,0,1,0
BICH_4530,তোমার মতো রেন্ডির ছেলে অসভ্য অভদ্র জঞ্জাল গুলোর জন্যই সমাজের এই অবস্থা....তুমি তোমার আর তোমার পরিবারের যে সোনাগাছির কালচার আছে…,1,0,0,0,0,1,0
BICH_4533,ও যেটা করেছে ভালো কাজ করেছে আর আমরা সবাই সাপোর্ট করবো,0,0,0,0,0,0,0
BICH_4534,Pagol take niea যান ranchi te,0,0,0,0,0,0,0
BICH_4535,আবার ডাকাত কে দলে নিতে চায়,0,0,0,0,0,0,0
BICH_4536,বাবা তোমার দরবারে সব পাগলের খেলা,0,0,0,0,0,0,0
BICH_4537,"উর্বর দুইটি পাহাড়, ভাগ্য তো তাহার যে করিবে আহার",1,1,0,1,0,1,0
BICH_4538,"শালা একটা জিনিস, তো দোয়া করি জীবন অনেক বড় হও উন্নতি করো",0,0,0,0,0,0,0
BICH_4540,"সব গুলো চোর, এদের সর্বোচ্চ শাস্তি হউক?",1,0,0,0,0,1,0
BICH_4541,মরার আগেই সামনে দুটো পাপ নিয়ে ঘুরছে সমাজে। আল্লাহ কি পারে দেখছো তোমরা?,0,0,0,0,0,0,0
BICH_4546,Shohag Shohag Hossain নষ্ট পথভ্রষ্ট ও মাদকাসক্ত। তোর পারিবারিক ও ধর্মীয় শিক্ষার অভাব রয়েছে।,1,0,0,0,0,1,0
BICH_4547,Hajaro manush khun koira ghumas kmne magi,1,0,0,0,0,1,0
BICH_4548,তুমি তো একটা পাগল,1,0,0,0,0,1,0
BICH_4549,"Tor moto pagol chagol talent facebook er moto social media site ta nongra kore jacche din din, tor dom thakle nighty chara ge…",1,0,0,0,0,1,0
BICH_4550,এদের যে সাপোর্ট করবি তারা আগে আমার সাথে দেখা করবি নয়লে,0,0,0,0,0,0,0
BICH_4551,পাগলের দেশে জন্ম গ্রহন করে আমি লজ্জিত,1,0,0,0,0,1,0
BICH_4553,ভাগ্য ভালো সাবমেরিন বানাই নাই...,0,0,0,0,0,0,0
BICH_4554,চোরের গুষ্টি চোর এদের লজ্জা নাই হাসি কি করে বের হয় মুখে।,1,0,0,0,0,1,0
BICH_4555,উনি একদম ঠিক করেছেন... তোদের মতো জানোয়ার গুলোর জন্যই সমাজের আজ এই অবস্থা,1,0,0,0,0,1,0
BICH_4557,ওরা পুরো জাতি তাই নিকৃষ্ট,1,0,0,0,0,1,0
BICH_4559,ওরে চাঁদ খানের সাথে কেউ বিয়া দে। পাগল ছাগল কোন জায়গা থেকেযে আসে। আরে পাগলের ভিডিও করে আপনাদের পেজ ভাইরাল করার কি দরকার।,0,0,0,0,0,0,0
BICH_4562,Abe ........ Vai tui ki meye nighti pore ghurbi sala bc,1,0,0,0,0,1,0
BICH_4563,Famous creator k somaj follow kore r tomader moto nongra message jara chorachho tader ebar thamano dorkar,0,0,0,0,0,0,0
BICH_4565,ওনার সামি এতদিন ধরে বেচে আছে এটাই তো বেশি জে জিনিস নিয়ে ঘুরে ওইয়ার নিচে পরে মরে নাই কপাল ভালো,0,0,0,0,0,0,0
BICH_4566,নোংরা করে করে ফেসবুকটাকে একবার নোংরামি করে দিয়েছেন আপনাদের মতন মানুষরা। ভেবে পাচ্ছেন আপনাদের মানুষ বলব কিনা,0,0,0,0,0,0,0
BICH_4568,অথর্ব মূর্খ লোকটিকে দিয়ে স্বার্থ হাসিল করার জন্য সবাই এর পিছনে তেল দিতেছে।,0,0,0,0,0,0,0
BICH_4569,সালা কুত্তা ব্রা প্যান্টি পড়া,1,0,0,0,0,1,0
BICH_4570,"হ্লারপুত ভন্ডামি বাদ দিয়ে ভালো হয়ে যা... তোর মতো পাতরা এগুলো করবে আমরা জানি..যারা লাভ রিয়েক্ট দিয়ে ভরিয়ে দিচ্ছেন, এখন বলেন আপনাদের কার কয়টা এওয়ার্ড লাগবে, ওদের ওয়েবসাইট দাম সহ দেওয়া আছে... বাটপার শ্লা।",1,0,1,0,0,1,0
BICH_4571,"Tor mukh ta gu moto, dhur pagol",1,0,1,0,0,1,0
BICH_4573,"মানুষের বাচ্চা না, কুকুরে বাচ্চা",1,0,0,0,0,1,0
BICH_4574,Ee chop Sala advocate madam to thik ee boleche who are you she is your vatar nang,0,0,0,0,0,0,0
BICH_4575,এখনো মনে হচ্ছে ইন্ডিয়ার দালালদের হাতে ক্ষমতা আলেমদেরকে হাতের রশি দিয়া বেঁধে কোমরে হাত দিয়ে নেয়া হয় এদেরকে কেন আদর করে ন…,1,0,0,0,0,1,0
BICH_4576,Toke langto kore mota tel makhano batam diye ulto kore rampat kelano uchit,1,0,0,0,0,1,0
BICH_4578,তোমার মতো পাগলরা পরে নাইটি,1,0,0,0,0,1,0
BICH_4579,বিএনপি সমর্থন করি কিন্তু এসব পাগল দেখার জন্য নয়,0,0,0,0,0,0,0
BICH_4580,Toder moto somaj er nongra gulor benche thakar adhikar nei just Facebook theke eder id gulo block korano uchit ei bela meta Fa…,1,0,0,0,0,1,0
BICH_4581,বিএনপি আসলেই একটা পাগলের দল। ঘুরেফিরে সব পাগল বিএনপিতে যোগ দেয়।,1,0,0,0,0,1,0
BICH_4584,সব দোষ covid 19 ভ্যাকসিনের উল্টাপাল্টা মেয়াদ উত্তীর্ণ হওয়ার কারণে কিছু লোক এমন পাগল হয়ে গেছে,1,0,0,0,0,1,0
BICH_4585,Chhi ki nongra.asole tomar hoyto bachha kachha hobe na.Ba bachha manus korte hobe na.…,1,0,0,0,0,1,0
BICH_4587,চোর হকল তর সহরম লজা নাই,1,0,0,0,0,1,0
BICH_4589,আসুন আমরা মিলেমিশে কাজ করি একে অপরকে সাপোর্ট করি…,0,0,0,0,0,0,0
BICH_4590,Pagol chara kicho koito na halar phu hala,1,0,0,0,0,1,0
BICH_4591,Golam Kibria এখন ডাকাতের হাতে আছি,1,0,0,0,0,1,0
BICH_4592,নির্বাচনের আগেই পাগলামি শুরু হইছে,0,0,0,0,0,0,0
BICH_4594,বাংলাদেশে বোকা**** দিয়া ভরে গেছে,1,0,0,0,0,1,0
BICH_4596,Toder jonnoi sob nosto hoche,0,0,0,0,0,0,0
BICH_4597,এই প্রতারকের ছবি আইডি কার্ড ভিজিটিং কার্ড দেখেন কত বড় চিটিং নারায়ণগঞ্জ চিটিং বাদ দিলে একজন ভালো মানুষের পাওয়া যাবে না ভবিষ…,1,0,0,0,0,1,0
BICH_4598,এই পাগল চ*** চুপ কর,1,0,0,0,0,1,0
BICH_4601,পাগল হয়ে গেছে পুরো,1,0,0,0,0,1,0
BICH_4602,তুই জঙ্গলে গেলে পশু গুলো আত্মহত্যা করবে... ...,1,0,0,0,0,1,0
BICH_4603,Tui ki pagla chodaa,1,0,0,0,0,1,0
BICH_4604,তোর মুখটা কিন্তু কুত্তার পু t kir মতো যাইহোক কেস খেয়ে পাগোল হয়ে গেছিস,1,0,0,0,0,1,0
BICH_4606,এই জুলাই আগষ্টেয় পরেও এই সব নোংরামি দেখা লাগে ছি,1,0,0,0,0,1,0
BICH_4607,Sandy pagol hoye geche mone hoy,1,0,0,0,0,1,0
BICH_4610,Sandy Saha সমাজকে নষ্ট করছে এরকম মহিলার করা শাস্তি হওয়া উচিত তাহলেই সবাই শিক্ষা পেয়ে যাবে,1,0,0,0,0,1,0
BICH_4612,ওরে বাবা....এটা কেটারে,0,0,0,0,0,0,0
BICH_4613,Ar mone hoi pagol hoye geche case khaye....thik koreche advocate mam...aro age korle valo hoto... somajer jonjal sob,0,0,0,0,0,0,0
BICH_4614,একটা অন্যায়কে লুকোতে আরো একশোটা অন্যায় করছে۔۔۔আমরা সাধারণ মানুষরা ওনাকে দায়িত্ব দিয়েছি এই নোংরামি গুলো বন্ধ করার۔۔۔,0,0,0,0,0,0,0
BICH_4615,এই পাগলকে যদি তার এলাকায় মেম্বার হিসেবে নির্বাচিত করে তাহলে বুঝতে হবে ওই এলাকার সবাই আধা পাগল।,1,0,0,0,0,1,0
BICH_4616,"এহন বর্তমানে ঝাড়া দেশে লুটপাট করতেছ, তোমরা ও মনে রায়হো, আল্লাহ চাইলে তোমাদের ও এমন হতে পাড়ে ইনশাআল্লাহ,, তাই সাবধান",0,0,0,0,0,0,0
BICH_4617,দেওয়ান ভাগি মনে করছিলাম প্রথম,0,0,0,0,0,0,0
BICH_4618,আমরা আছি ডিলার এর লগে।,0,0,0,0,0,0,0
BICH_4620,Pagol koi uthte chaichilo?,0,0,0,0,0,0,0
BICH_4621,"পাবনার পাগল,, নেশায় আসক্ত ১০০%",1,0,0,0,0,1,0
BICH_4622,Pagol chara Bangladesh chole na Sheikh Hasinar Digital Bangladesh,0,0,0,0,0,0,0
BICH_4623,"ভাই আমরা মজা নিলেও উনি কিন্তু ঠিকই ওনার মার্কেটিং করে নিচ্ছে, এবং সাড়া ও পাচ্ছে।",0,0,0,0,0,0,0
BICH_4625,এই পোষ্টে যারাই হাহা দিয়েছেন সবগুলাই বোকা!! ছেলেটা ফাটাফাটি টেকনিক কাজে লাগিয়েছে!! ব্যবসার মূল হচ্ছে কৌশল যেটা তার নগন্য ব্যব…,0,0,0,0,0,0,0
BICH_4626,একে দল থেকে বহিষ্কার করা হক এ-র কারনে বিএনপির ভোট নষ্ট হবে,0,0,0,0,0,0,0
BICH_4629,Besh korechhe…..nongra vasha….sikhha dikhha nei…..case korechhe thik korechhe….nije jonjal bolei gaye lagchhe…..,0,0,0,0,0,0,0
BICH_4630,চোদু বাঙালি আর বাঙালি চোদনা রিপোর্টার,1,0,1,0,0,1,0
BICH_4631,এমন একটা আধা পাগল যদি নেতা হয়ে দেশের গুয়া মারা শেষ,1,0,1,0,0,1,0
BICH_4633,Mental nki .. rag o pai hasi o pai,1,0,0,0,0,1,0
BICH_4634,West Bengal mane oshikkhto rajjo ekta ekhane nijer theke beshi loker pochone kathi kora beshi pochondo fake advocate,1,0,1,0,0,1,0
BICH_4635,"এম স্বপন মিয়া সবাইয়ে কারোনা কারোর কাছে মীরজাপর,বিএনপির কাছে আওয়ামীলীগ মীরজাপর, আর বর্তমানে তোমরা মীরজাফর,কেননা তোমরা কম করলে কোনানদি! তোমাদের দারায়তো মানুষের ক্ষতি হইছে। অতএব এই ওয়াজ করে লাভ নেই।",1,0,0,0,0,1,0
BICH_4637,Ei shala hijrar baccha?? …,1,0,0,0,0,1,0
BICH_4639,পরে বুঝতে পারলাম ক্যামরামেন খাটো ছিলো তাই ভিডিও এক জায়গায় দেখা যাচ্ছে,1,0,0,0,0,1,0
BICH_4640,একটা দামরা মত লাগে নেশাখোর,1,0,1,0,0,1,0
BICH_4641,আসলে আমরা য়া দেখি বাস্তব অন্য রকম হতে পারে।,0,0,0,0,0,0,0
BICH_4642,মাদারচোদ বাংলাদেশিদের বলছি সময় আছে এখোনো সুদেরে যাও না হলে অবস্থা খারাপ আছে,1,0,1,0,0,1,0
BICH_4643,Insan Ali সাজানো গোছানো চোরের বাগান টা ছাত্র জনতা শেষ করে দিলো। এই আফসোসে লীগ শেষ হয়ে যাচ্ছে!,1,0,0,0,0,1,0
BICH_4645,Tomar modhhe onk talent acha.. Seta kaje lagaoo.. Kno bekar kichu nogra content upor vorsa koro.. Tomar ai somaj ar upor obdan…,0,0,0,0,0,0,0
BICH_4646,তোর মাথা খারাপ হয়েগেছে,0,0,0,0,0,0,0
BICH_4647,এই ধরনের নেতাকে যদি বিএনপি সমর্থন ও মনোনয়ন দেই তাহলে বিএনপি ও আওয়ামী লীগের মত শেষ হবে।,0,0,0,0,0,0,0
BICH_4650,Pagol hoiya geche nesha korte korte,1,0,0,0,0,1,0
BICH_4652,"MD Abir সমন্বয়করা তো স্বীকার করতেছে এখন সব । মেট্রো রেল এ ভাঙচুর, পুলিশ হত্যা, সরকারি সম্পদ নষ্ট এবং সশস্ত্র বিপ্লব সব কিছু …",1,0,0,0,0,1,0
BICH_4653,এই শালারে তো সন্ত্রাস মনে হয়,1,0,0,0,0,1,0
BICH_4654,"চিন জাপানের চেয়ে আমরা কম কিসের,এগিয়ে যাও ভাই,",0,0,0,0,0,0,0
BICH_4655,Pagol chagol gulo jon face book dekhajabena kichu kaj kor kha naity sari pore khamabi kaj kore kha face book toder j…,1,0,0,0,0,1,0
BICH_4656,টাকা থাকলে পাগলের রাজনীতি করতে আসে,1,0,0,0,0,1,0
BICH_4657,ভাই তুই শোডাউন এ আসার আগে ও মাল খেয়ে আসিস কেন ভাই,0,0,0,0,0,0,0
BICH_4658,তুই ভয় পেয়েছিস বুঝতে পারছি আমরা,0,0,0,0,0,0,0
BICH_4659,"খুনি গুলোর হাতে হাত-কড়া কোথায়,,,এদের দেখে মনে হচ্ছে খুব আরাম আয়েশে দিন কাটাচ্ছে,, এদের কোমরে দড়ি বেঁধে নিয়ে যাওয়া উচিৎ,,, সৈরা…",1,0,0,0,0,1,0
BICH_4660,এই চুদির ভাইদের কে জেলে ভরে রেখে আমাদের দেশের অর্থনৈতিক অপচয় না করে ফাঁশি দিয়ে দেশকে চোর মুক্ত করার দাবি জানাই,1,0,0,0,0,1,0
BICH_4661,হাত করা আর কমরের দরি কই ঐ গুলি মনে হয় শুধু আলেম দের জন্য,0,0,0,0,0,0,0
BICH_4662,Joy banglaAi kutta bacha gula vitor akhon voy tai 32 vangche aro ottachar korbe karon tader somoy o ses hoiya astache som…,1,0,0,0,0,1,0
BICH_4665,Or Mone hoy kukur machi lageche,1,0,0,0,0,1,0
BICH_4667,আমরা আছি আপনার সাথে,0,0,0,0,0,0,0
BICH_4668,"ছরি ভাই,আমি এতো নিচে নামতে পারবো না",0,0,0,0,0,0,0
BICH_4669,এই প্রোডাক্ট তো প্রতিবন্ধী,1,0,0,0,0,1,0
BICH_4671,পাগলের মেলা বাংলা দেশে,0,0,0,0,0,0,0
BICH_4672,কুত্তার বাচ্চা ডান্ডা বেড়ি কেন দেয়না? সাথে কেন ডিম থেরাপি,1,0,0,0,0,1,0
BICH_4675,"জঘন্য একটা এরাও আবার ভাইরাল হয়, ছিঃ ছিঃ",1,0,0,0,0,1,0
BICH_4677,মনে হচ্ছে একটা ছাগলের অভিনয়,1,0,0,0,0,1,0
BICH_4680,অসাধারণ মামা ভাগিনার ডান্স।,0,0,0,0,0,0,0
BICH_4681,তুই কি খারাপ ছেলে,1,0,0,0,0,1,0
BICH_4682,"এদের দেখে শিক্ষা নিক সবাই, ক্ষমতার বাহাদুরি আর অর্থ স্বার্থের লোভের কারণে মরার বয়স হয়েছে এই বয়সে এসে তাদের কি পরিণতি হয়েছে ?",0,0,0,0,0,0,0
BICH_4684,শুনে পাগল হয়ে গেছে কেও গারোদে পাঠাও,1,0,1,0,0,1,0
BICH_4685,এম স্বপন মিয়া ব ল ধ চোদা পোলাপান তুই পাগর হবি -- বেশি দিন বাকি নাই। BC,1,0,0,0,0,1,0
BICH_4687,"আমরা দেশের মানুষ দিয়ে কি করব,, আমরা তো কয়দিন পর চলে যাব , কানাডা, লন্ডন, আমেরিকা,,,, পরে কি হবে সেটা চিন্তা কি আমরা করব,,",0,0,0,0,0,0,0
BICH_4690,তর মুখ টা তো কুকুরের পোদের মতো,1,0,0,0,0,1,0
BICH_4691,Bubu Soni emaaaa dekhe bujhte parchen na mental to chiloi aroi hoegeche,0,0,0,0,0,0,0
BICH_4692,কত পাগল নেতা যে এই বাংলায় দেখতে হবে,0,0,0,0,0,0,0
BICH_4693,একে দল থেকে বহিষ্কার করা হক এ-র কারনে বিএনপির ভোট নষ্ট হবে,0,0,0,0,0,0,0
BICH_4694,"তূই যমের ও অরুচি মরিস না কেন রে,,, হিজরা বেজন্মা একটা",1,0,0,0,0,1,0
BICH_4695,আপাকে ওয়েলকাম জানানোর জন্য আমরা সবাই অপেক্ষা করতেছি...,0,0,0,0,0,0,0
BICH_4696,অবাক হলাম ওদের কোমরে কেন দড়ি বাধা নাই?এটা কেমন বৈষম্য?,0,0,0,0,0,0,0
BICH_4699,পাগল দেখি এখন গাড়িতেও গাড়ির উপর উঠি যায়,0,0,0,0,0,0,0
BICH_4700,"নিচ তলায় ভাড়ায় খাটানো যাবে,,তবে মাথার ঘোমটা খোলা যাবে না।",1,0,0,0,0,1,0
BICH_4701,আমি কোমায় যাবো নাকি ডিপ্রেশনে যাব। আমাকে একটু সাজেস্ট করো তো তোমরা,0,0,0,0,0,0,0
BICH_4702,ঠিক করেছে তোকে শালা জেলে ঢুকিয়ে হুরকুর বাড়ি পড়লে ঠিক সোজা হবি…,1,0,0,0,0,1,0
BICH_4703,ফেসবুক টা তোর বাপের না যে এভাবে নোংরামি করে বেড়াবি,1,0,0,0,0,1,0
BICH_4705,আপনারা সম্পুর্নরুপে জনবিচ্ছিন্ন ছিলেন।।। ষড়যন্ত্র ছিল এরকম নির্লজ্জ কথাবার্তা কেন বলেন? এত বড় অপরাধ করে পালিয়ে গিয়েও সামান্য …,0,0,0,0,0,0,0
BICH_4708,"এইসব লোক যারা মিডিয়ার সামনে আনে তাদের চরিত্র কতটুকু ভালো আমি হয়তো তা জানা,সবচেয়ে নিকৃষ্ট তারা",1,0,0,0,0,1,0
BICH_4711,Mental নাকি তুমি তোমাকে তো দেখে মনে হচ্ছে ভদ্রতা টুকু হারিয়ে ফেলেছ সবার চোখের সামনে তোমাদের অসভ্য ভিডিও গুলো চলে আসে এটা মাথায় রেখো,1,0,0,0,0,1,0
BICH_4712,নাইস শেল্ফ।আমরার বই খাতাডি রাহন জাইব নি??,0,0,0,0,0,0,0
BICH_4713,শালারা আজাইরা খাইয়া এক একটা হৃষ্টপুষ্ট হয়েছে,1,0,0,0,0,1,0
BICH_4714,জেল খাইটা পাগল হয়ে গেছে,0,0,0,0,0,0,0
BICH_4715,গরু বাচ্চা দেওয়া কয়দিন পরে পরিপূর্ণ দুধ আসে।,0,0,0,0,0,0,0
BICH_4718,"শালা কত্তো বড় খারাপ ভাবা যায়,আমরা কোন দেশে সহবাস করি,…",1,0,0,0,0,1,0
BICH_4719,এরা সবাই খুনি সন্ত্রাসী ডাকাত অর্থ পাচারকারী মানবতার বিরোধী অপরাধকারী এদেরকে হাত কড়া পরানো হয় নি কেন দান্ডাবেড়ি পোড়ানো হয়ন…,1,0,0,0,0,1,0
BICH_4720,"ওনাকে সাহস দিয়েছে,,, তোদের মত নোংরা পরিষ্কার করার,, আমরা সাধারণ নাগরিকরা,,, সমাজ সচেতন নাগরিকরা,,, চটির বাড়ি মেরে না মুখ ছেড…",1,0,0,0,0,1,0
BICH_4721,তোর বড়সড় শাস্তি হওয়া দরকার ফালতু একটা ছোটলোক জানোয়ার একটা,1,0,0,0,0,1,0
BICH_4723,"নাটক কম করো প্রিও, বোকা***চোদা আমজনতা বুঝে তোমাদের মতো ফেরিওয়ালা কে। কিসের জন্য কি করতে পারো,পারলে দেশের ভালোর জন্য কথা বলো।",1,0,0,0,0,1,0
BICH_4724,আমি ভাবছি ভামন মহিলা আর এটা পেট,0,0,0,0,0,0,0
BICH_4725,"হিজরা বোললেও হিজরাকে অপমান করা হবে বোকা,, দা",1,0,0,0,0,1,0
BICH_4727,পাগলের সুখ মনে মনে,0,0,0,0,0,0,0
BICH_4728,নির্লজ্জ বেহায়া বেয়াদব চরিত্রের মেয়ে একটা ছেলে পারিবারিক শিক্ষার অভাব ধর্মীয় শিক্ষার অভাব আছে,1,0,0,0,0,1,0
BICH_4729,"রক্তের বন্যা বয়িয়ে দেব,পাপের ঘরা পুর্ন করিয়েন না এই ঘৃণিত কর্মকান্ড বন্ধ করুন।",1,0,0,0,0,1,0
BICH_4730,না না তুমি কেন কাউকে ভয় পাবে? নোংরা ছেলে একটা ছেলে হয়ে মেয়ে সাজতে লজ্জা লাগে না ফালতু লোক একটা লোক বলতে ও কেমন গা ঘিন ঘিন করে,1,0,0,0,0,1,0
BICH_4732,আমরা দিয়েছি তাকে দায়িত্ব।,0,0,0,0,0,0,0
BICH_4733,Tumi stty jodi ekjon prokito sikhito manush hote thla job korte prte eisob faltu video bananor mane ta ki ? R une jothesto sik…,1,0,0,0,0,1,0
BICH_4734,শালায় চান্দুরার ফেনসিডিল খায়।,1,0,0,0,0,1,0
BICH_4735,আমরা নারি হবে না আমি নারি হবে,0,0,0,0,0,0,0
BICH_4738,শালী আরবি মেয়েদের ও হার মানাবে,1,0,0,0,0,1,0
BICH_4741,আমরা সুস্থ মানসিকতার মানুষরা সঙ্গীতা দাস জানাকে সাপোর্ট করব তোমার মত ছ্যাঁচড়া পাগল কে নয়। এইরকম অদ্ভুত অঙ্গভঙ্গি কোন সুস্থ ম…,0,0,0,0,0,0,0
BICH_4742,তোর জুতা পেটা করা উচিত মদ্দা মাগি। ছেঁড়া,1,0,0,0,0,1,0
BICH_4744,ঠিক করেছে। সমাজের কীট তোরা,1,0,0,0,0,1,0
BICH_4745,Pagla cod.. Kotha kar,1,0,0,0,0,1,0
BICH_4747,উনি একদম ঠিক করেছে একদম বাজে অসভ্য ছেলে বললেও কম হয়,1,0,0,0,0,1,0
BICH_4748,দেশে পাগলের সংখ্যা দিন দিন কমছে,0,0,0,0,0,0,0
BICH_4749,আমরা দেখলাম গত ১৭/১৮ বছর যাবত দেশের আলেম দেরকে এবং বিএনপির নেতা দেরকে আদালতে হাজির করেছে মাজায় রশি ও হাতে কড়া লাগিয়ে অথচ আজ দ…,1,0,0,0,0,1,0
BICH_4751,Sandy pagol hoye geche mone hoy,1,0,0,0,0,1,0
BICH_4752,আমরা সুস্থ মানসিকতার মানুষরা সঙ্গীতা দাস জানাকে সাপোর্ট করব তোমার মত ছ্যাঁচড়া পাগল কে নয়। এইরকম অদ্ভুত অঙ্গভঙ্গি কোন সুস্থ ম…,1,0,0,0,0,1,0
BICH_4753,Songita mam apni ader kotha please sunun. Ar arajano mota muti 4-5 bochor mamar bari thakta para.,0,0,0,0,0,0,0
BICH_4754,All of this shameless creatures,0,0,0,0,0,0,0
BICH_4755,"আমরা কিছু পাই বা না পাই আজীবন জননেত্রী শেখ হাসিনাকে সাপোর্ট করে যাব ইনশাআল্লাহ, কারণ একমাত্র জননেত্রী শেখ হাসিনার বাংলাদেশের গ…",0,0,0,0,0,0,0
BICH_4756,অথর্ব মূর্খ লোকটিকে দিয়ে স্বার্থ হাসিল করার জন্য সবাই এর পিছনে তেল দিতেছে।,0,0,0,0,0,0,0
BICH_4757,Ei hijra samaj ta nosto korish tor maa bap ei ta shikha diyeche tu hijra ek kj kor tor maa bap socal media niye ai tor maa bap…,1,0,0,0,0,1,0
BICH_4759,Bokachoda tor video gulo Facebook a na diya porn side a post kor aro basi taka kamata parbi .ar okhane Toka naiti o porta haba…,1,0,0,0,0,1,0
BICH_4760,"এই দেশ টা পুরোপুরি শেষ হয়ে যাওয়ার শুরু হয়েছে, আর বেশিদিন অপেক্ষা নেই দেশটা পুরোপুরি শেষ হওয়ার",1,0,0,0,0,1,0
BICH_4761,Tai to uni Protibad korle apnader nongrami gulo bondho hoye jbe apna rai to des ta ke besi nosto korchen,1,0,0,0,0,1,0
BICH_4763,এখানো বৈষম্য দূর হয়নি এরা আলেমদের হাতে হাতকড়া কোমরে রশি পায়ে বেড়ি পড়িয়ে আদালতে হাজির করেছে। অথচ তারা স্বাভাবিকভাবে এমনকি…,1,0,0,0,0,1,0
BICH_4764,"ফালতু না বকে চুপ চাপ ঘুমিয়ে পড়, তুই তো ক্ষেপা কুকুরে মতো ক্ষেপে গেছিস। একমত হলে লাইক করো কমেন্ট টি।",1,0,0,0,0,1,0
BICH_4765,মোঃ ওমর ফারুক রিদ্ওয়ান Choyon Saha Sagor kisu bol,0,0,0,0,0,0,0
BICH_4766,এ লোকটা কিভাবে সুদর্শন হয় যে বিবৃতি দিয়েছে সুদর্শন নীতি সে তার জ্যোতি চোখের জ্যোতি নষ্ট হয়ে গেছে আমি মনে করি,0,0,0,0,0,0,0
BICH_4767,Dhur chakka tui nije akta chakka tor Matha kharap tui rachi ja Madam ja koreche thik koreche,1,0,0,0,0,1,0
BICH_4769,বাবা তোমার দরবারে সব পাগলের খেলা,0,0,0,0,0,0,0
BICH_4772,Nottir bassa samne paile mundo sire feltam. Sala khankir bassa tor maa bon re dhorson kor.,1,0,0,0,0,1,0
BICH_4773,"নির্দোষদের হাতে হাতকড়া, কোমরে রশি!আর শুয়োরের বাচ্চাদের জামাই আদর …",1,0,0,0,0,1,0
BICH_4776,পাগলামি করে এবার নিজের বাড়িটাও হারাইলা,0,0,0,0,0,0,0
BICH_4777,"এ হচ্ছে মা*র ছেলে , এরা কি কোনোদিন ও নোংরামি আর গু খাওয়া ছাড়বে না ।।",1,0,0,0,0,1,0
BICH_4780,এই চোর দের হাতে হাত কড়া মাজায় দড়ি বেঁধে পায়ে ডানডা বেড়ি নাই কেন এক দেশে দুই আইন যখন কোন আলেম কে নিয়ে যাওয়া হতো কত কত ভাবে উনাদ…,1,0,0,0,0,1,0
BICH_4781,এসব ঘটনার তীব্র নিন্দা ও প্রতিবাদ জানাই আসলে আমরা কেউ নিরাপদ নয়,0,0,0,0,0,0,0
BICH_4782,পাগলায় করে কি,0,0,0,0,0,0,0
BICH_4783,Jakir Pathan জাকির যারা দেশ বিরুদি বল স্বাধীনতা বিরুধী বল আমরা এবং দেশের সব মানুষ যাদের্কে রাজাকার নামে চিনে এবং যানে তাদের …,1,0,0,0,0,1,0
BICH_4785,"ফকিন্নি, ভিখারি, কাংগালীর দ্বারা দেশ এর ভাল কি চলব?",1,0,0,0,0,1,0
BICH_4786,এই কুত্তার বাচ্চারের হাতকড়া খই,1,0,0,0,0,1,0
BICH_4787,তামজিদ তাওহীদ আরে পাগলা এই সেই নারি যে কিনা নিচ তলা বেইচা উপর তলা বানাইছে,1,0,1,0,0,1,0
BICH_4788,ধুদের নিচে পরে মরমু দু,1,0,0,0,0,1,1
BICH_4790,Tui ekta nongra nordomar jonjal toke age jhetiye poriskar korar proyojon....Tui beche achis keno borolin kheye mor.....,1,0,1,0,0,1,0
BICH_4795,"Rony Munshi ,ai pagol ke ekmatro Zayed babui thamate parbe.",0,0,0,0,0,0,0
BICH_4796,tumi age pagol er dr dekhao,1,0,0,0,0,1,0
BICH_4797,"না, তোর মারটা পড়ছে",0,0,0,0,0,0,0
